org_id,org_name,source_url,candidate_title,rejection_reason
,,https://magnetawan.com/content/government/locks-attendant-job-description-4.pdf,Locks Attendant Job Description 4,validation gate failed (1/2): pdf_role_title
,,https://martenfalls.com/wp-content/uploads/2025/05/Funded-Band-Job-posting-Brief-MFFN-Band-Members-3-4.pdf,Funded Band Job Posting Brief MFFN Band Members 3 4,validation gate failed (1/2): pdf_role_title
,,https://aokfn.com/employment,Covid 19 Information,validation gate failed (0/2): no signals
,,https://aokfn.com/employment,Google Maps,validation gate failed (1/2): title_source_og_title
,,https://innisfil.hua.hrsmart.com/hr/ats/JobSearch/viewAll,Cross Site Request Forgery (csrf),validation gate failed (0/2): no signals
,,https://michipicoten.com/wp-content/uploads/2026/04/SSM-PCI-Traffic-Controller-Job-Posting-April-2026.pdf,SSM PCI Traffic Controller Job Posting April 2026,validation gate failed (1/2): pdf_role_title
,,https://dokis.ca/employment-services,Andreac,validation gate failed (0/2): no signals
,,https://dokis.ca/employment-services,Header 8.png,validation gate failed (0/2): no signals
,,https://beckwith.ca/category/career-employment,Tel,validation gate failed (0/2): no signals
,,https://beckwith.ca/category/career-employment,Contact Us,validation gate failed (1/2): keywords_near_title
,,https://beckwith.ca/category/career-employment,Contact Us,validation gate failed (0/2): no signals
,,https://cobalt.ca/residents/municipal-services/employment-opportunities,Business Directory,validation gate failed (1/2): role_like_title
,,https://cobalt.ca/residents/municipal-services/employment-opportunities,Bunker Military Museum,validation gate failed (1/2): title_source_h1
,,https://cobalt.ca/residents/municipal-services/employment-opportunities,Trails,validation gate failed (0/2): no signals
,,https://recruiting.ultipro.ca/YMC5004YMHB/JobBoard/6fe470e5-5c14-4348-89dd-54fa612e9d39/OpportunityDetail?opportunityId=c2a192d8-bd21-4713-917d-305ccf38b6d7,6fe 470e 5 5c 14 4348 89dd 54fa 612e 9d 39,validation gate failed (1/2): url_hint
,,https://recruiting.ultipro.ca/YMC5004YMHB/JobBoard/6fe470e5-5c14-4348-89dd-54fa612e9d39/OpportunityDetail?opportunityId=c2a192d8-bd21-4713-917d-305ccf38b6d7,New,validation gate failed (0/2): no signals
,,https://recruiting.ultipro.ca/YMC5004YMHB/JobBoard/6fe470e5-5c14-4348-89dd-54fa612e9d39/OpportunityDetail?opportunityId=c2a192d8-bd21-4713-917d-305ccf38b6d7,The Fast & Secure Web Browser Built to be Yours,validation gate failed (1/2): title_source_og_title
,,https://www.lacseulfn.org/vacant-jobs,Overview - Lac Seul First Nation,validation gate failed (1/2): title_source_og_title
,,https://jocelyn.ca/township-office/employment-opportunities,Contact,validation gate failed (0/2): no signals
,,https://chapleau.ca/business/resources/employment-volunteer-opportunities,www.jobsinchapleau.com,validation gate failed (0/2): no signals
,,https://chapleau.ca/business/resources/employment-volunteer-opportunities,Search,validation gate failed (0/2): no signals
,,https://chapleau.ca/business/resources/employment-volunteer-opportunities,Council Agenda & Minutes,validation gate failed (1/2): title_source_og_title
,,https://chapleau.ca/business/resources/employment-volunteer-opportunities,May 2026,validation gate failed (1/2): title_source_og_title
,,https://chapleau.ca/business/resources/employment-volunteer-opportunities,Accessibility,validation gate failed (0/2): no signals
,,https://chapleau.ca/business/resources/employment-volunteer-opportunities,Privacy Policy,validation gate failed (1/2): keywords_near_title
,,https://limerick.ca/businesses-government/job-opportunities,Waste Site Attendant,validation gate failed (1/2): listing_apply_pattern
,,https://limerick.ca/businesses-government/job-opportunities,Waste Site Attendant,validation gate failed (1/2): listing_apply_pattern
,,https://saugeenfirstnation.com/wp-content/uploads/2026/03/HCC-Laundry-Staff-Job-Posting-March-2026.pdf,HCC Laundry Staff Job Posting March 2026,validation gate failed (1/2): pdf_role_title
,,https://jobs.kitchener.ca/,Search,validation gate failed (1/2): url_hint
,,https://www.nationmun.ca/fr/hotel-de-ville/carrieres,116,non-job category context
,,https://www.nationmun.ca/fr/hotel-de-ville/carrieres,Ressources Humaines,non-job category context
,,https://www.nationmun.ca/fr/hotel-de-ville/carrieres,Technicien Au Catalogage De La Bibliotheque,non-job category context
,,https://bancroft.civicweb.net/filepro/documents/47725,Mechanic Operator,validation gate failed (1/2): role_like_title
,,https://bancroft.civicweb.net/filepro/documents/47725,Mechanic Operator,validation gate failed (1/2): role_like_title
,,https://bancroft.civicweb.net/filepro/documents/47725,Temporary Operator Public Works,validation gate failed (1/2): role_like_title
,,https://bancroft.civicweb.net/filepro/documents/47725,Temporary Full Time Operator,validation gate failed (1/2): role_like_title
,,https://bancroft.civicweb.net/filepro/documents/47725,126827,validation gate failed (1/2): keywords_near_title
,,https://bancroft.civicweb.net/filepro/documents/47725,CLOSED AND NOT FILLED POSITIONS,validation gate failed (1/2): keywords_near_title
,,https://bancroft.civicweb.net/filepro/documents/47725,CLOSED AND FILLED POSITIONS,validation gate failed (1/2): keywords_near_title
,,https://bancroft.civicweb.net/filepro/documents/47725,Resetpassword,validation gate failed (0/2): no signals
,,https://simcoe.hua.hrsmart.com/hr/ats/JobSearch/viewAll,Cross Site Request Forgery (csrf),validation gate failed (0/2): no signals
,,https://simcoe.hua.hrsmart.com/hr/ats/JobSearch/viewAll,Social,validation gate failed (0/2): no signals
,,https://nigigoonsiminikaaning.ca/category/employment,Graphic Artist,validation gate failed (1/2): title_source_h1
,,https://delawarenation.on.ca/category/employment,Carpenter’s Union,validation gate failed (1/2): title_source_h2
,,https://delawarenation.on.ca/category/employment,Carpenter’s Union,validation gate failed (1/2): title_source_h1
,,https://delawarenation.on.ca/category/employment,Dn Newsletters,validation gate failed (0/2): no signals
,,https://delawarenation.on.ca/category/employment,PS Policy Update,validation gate failed (1/2): title_source_h2
,,https://delawarenation.on.ca/category/employment,Community Bday Celebration and Trusted Source,validation gate failed (1/2): title_source_h2
,,https://delawarenation.on.ca/category/employment,Updates From the Chief,validation gate failed (1/2): role_like_title
,,https://oliverpaipoonge.ca/municipal-office/employment,Jobs,short generic nav title
,,https://oliverpaipoonge.ca/municipal-office/employment,Lakehead University Job Bank,validation gate failed (0/2): no signals
,,https://oliverpaipoonge.ca/municipal-office/employment,Jobs In Thunder Bay Ontario,validation gate failed (1/2): url_hint
,,https://oliverpaipoonge.ca/municipal-office/employment,Browse Results,validation gate failed (0/2): no signals
,,https://taykwatagamou.com/about/careers,"Haley Cochrane , Author at Taykwa Tagamou Nation",validation gate failed (1/2): title_source_og_title
,,https://taykwatagamou.com/about/careers,Member Login,validation gate failed (1/2): title_source_og_title
,,https://taykwatagamou.com/about/careers,Become a Member,validation gate failed (1/2): title_source_og_title
,,https://plummertownship.ca/township-office/employment-opportunities,Fire Permits,validation gate failed (0/2): no signals
,,https://plummertownship.ca/township-office/employment-opportunities,Contact,validation gate failed (0/2): no signals
,,https://plummertownship.ca/township-office/employment-opportunities,Township Office,validation gate failed (0/2): no signals
,,https://plummertownship.ca/township-office/employment-opportunities,Building And Planning,validation gate failed (0/2): no signals
,,https://plummertownship.ca/township-office/employment-opportunities,Community Services,validation gate failed (0/2): no signals
,,https://northumberland.ca/county-government/careers,2y 2qv Ewrq IE,blocked posting URL
,,https://northumberland.ca/county-government/careers,O 9p Jm X 9sso I,blocked posting URL
,,https://northumberland.ca/county-government/careers,Qfmp Zyu 5g Ds,blocked posting URL
,,https://northumberland.ca/county-government/careers,F 7au 2rty 4U,blocked posting URL
,,https://northumberland.ca/county-government/careers,8g Xd 7fc Bvfw,blocked posting URL
,,https://northumberland.ca/county-government/careers,2s Ai 7gzjq I,blocked posting URL
,,https://northumberland.ca/county-government/careers,Subscribe,validation gate failed (1/2): listing_apply_pattern
,,https://northumberland.ca/county-government/careers,Privacy Policy,validation gate failed (1/2): listing_apply_pattern
,,https://northumberland.ca/county-government/careers,Maps,validation gate failed (1/2): listing_apply_pattern
,,https://northumberland.ca/county-government/careers,Main Login,validation gate failed (1/2): listing_apply_pattern
,,https://town.petrolia.on.ca/wp-content/uploads/2025/12/Seasonal-Positions-Job-Posting.pdf,Seasonal Positions,validation gate failed (1/2): keywords_near_title
,,https://blrtownship.ca/article/employment,Council Meetings,validation gate failed (1/2): listing_apply_pattern
,,https://blrtownship.ca/article/employment,Payment Information,validation gate failed (1/2): listing_apply_pattern
,,https://oneida.on.ca/employment/job-listings,Environment At Oneida,validation gate failed (1/2): title_source_og_title
,,https://welland.myavanti.ca/careers,The Fast & Secure Web Browser Built to be Yours,validation gate failed (1/2): title_source_og_title
,,https://welland.myavanti.ca/careers,"Manuals , Specs , and Downloads",validation gate failed (1/2): title_source_og_title
,,https://mcnabbraeside.com/careers,News and Notices,validation gate failed (1/2): title_source_h1
,,https://mcnabbraeside.com/careers,Contact,validation gate failed (0/2): no signals
,,https://mcnabbraeside.com/careers,Calendar,validation gate failed (0/2): no signals
,,https://mcnabbraeside.com/careers,Notices,title blocklist exact: notices
,,https://mcnabbraeside.com/careers,Notice Of Sale Of Land By Public Tender May 7 2026 8468,validation gate failed (0/2): no signals
,,https://mcnabbraeside.com/careers,Wellington Park Closure 6321,validation gate failed (0/2): no signals
,,https://mcnabbraeside.com/careers,Flood Update April 19 2026 8732,validation gate failed (0/2): no signals
,,https://mcnabbraeside.com/careers,Leaf Yard Waste Pickup 1467,validation gate failed (0/2): no signals
,,https://mcnabbraeside.com/careers,Sandbags Now Available To Residents 4073,validation gate failed (0/2): no signals
,,https://stjosephtownship.com/jobs,Email Protection,validation gate failed (1/2): keywords_near_title
,,https://stjosephtownship.com/jobs,Accessibility,validation gate failed (1/2): keywords_near_title
,,https://stjosephtownship.com/jobs,Covid 19 Notices And Updates,validation gate failed (1/2): keywords_near_title
,,https://stjosephtownship.com/jobs,Contact Us,validation gate failed (1/2): keywords_near_title
,,https://stjosephtownship.com/jobs,Newsletter,validation gate failed (0/2): no signals
,,https://wabauskangfirstnation.com/careers,Google Maps,validation gate failed (1/2): title_source_og_title
,,https://wabauskangfirstnation.com/careers,Emergency Alerts,validation gate failed (0/2): no signals
,,https://recruiting.ultipro.ca/COR5003CALED/JobBoard/55e2803a-385b-47b1-b911-51dd7ed81d1e?q=&o=postedDateDesc,Register,validation gate failed (1/2): url_hint
,,https://recruiting.ultipro.ca/COR5004CLMB/JobBoard/6b014206-1003-40c3-98a0-b2340f1971da?q=&o=postedDateDesc,Register,validation gate failed (1/2): url_hint
,,https://workforcenow.adp.com/mascsr/default/mdf/recruitment/recruitment.html?cid=2f8e846e-ba4e-4eb0-b528-bebc359be4c9&ccId=19000101_000001&lang=en_CA&selectedMenuKey=CurrentOpenings,Wfn Req,validation gate failed (0/2): no signals
,,https://batchewana.ca/careers,Position Details,validation gate failed (1/2): keywords_near_title
,,https://batchewana.ca/careers,Position Details,validation gate failed (1/2): keywords_near_title
,,https://batchewana.ca/careers,Position Details,validation gate failed (1/2): keywords_near_title
,,https://batchewana.ca/careers,Position Details,validation gate failed (1/2): keywords_near_title
,,https://batchewana.ca/careers,Position Details,validation gate failed (1/2): keywords_near_title
,,https://batchewana.ca/careers,Position Details,validation gate failed (1/2): keywords_near_title
,,https://batchewana.ca/careers,Position Details,validation gate failed (1/2): keywords_near_title
,,https://batchewana.ca/careers,Position Details,validation gate failed (1/2): keywords_near_title
,,https://batchewana.ca/careers,Position Details,validation gate failed (1/2): keywords_near_title
,,https://batchewana.ca/careers,Position Details,validation gate failed (1/2): keywords_near_title
,,https://batchewana.ca/careers,Position Details,validation gate failed (1/2): keywords_near_title
,,https://batchewana.ca/careers,Position Details,validation gate failed (1/2): keywords_near_title
,,https://batchewana.ca/careers,Position Details,validation gate failed (1/2): keywords_near_title
,,https://batchewana.ca/careers,Position Details,validation gate failed (1/2): keywords_near_title
,,https://batchewana.ca/careers,Position Details,validation gate failed (1/2): keywords_near_title
,,https://batchewana.ca/careers,Position Details,validation gate failed (1/2): keywords_near_title
,,https://batchewana.ca/careers,Committee Of Councils 2025 2027,validation gate failed (0/2): no signals
,,https://www.alfred-plantagenet.com/en/government-administration/job-postings-volunteering,Bénévoles Prescott,validation gate failed (1/2): title_source_og_title
,,https://recruiting.ultipro.ca/COR5101COMCH/JobBoard/99e5515b-9ffb-4d3b-a84e-95f953a5c0f2?q=&o=postedDateDesc,Register,validation gate failed (1/2): url_hint
,,https://workforcenow.adp.com/mascsr/default/mdf/recruitment/recruitment.html?cid=9ba4d624-1cab-4482-861f-900704c3df0d&ccId=19000101_000001&type=JS&lang=en_CA&selectedMenuKey=CareerCenter,Wfn Req,validation gate failed (0/2): no signals
,,https://wasauksing.ca/employment-opportunities,Community Consultation Coordinator,validation gate failed (1/2): role_like_title
,,https://wasauksing.ca/employment-opportunities,Data Entry Clerk,validation gate failed (1/2): role_like_title
,,https://wasauksing.ca/employment-opportunities,Kitchen Coordinator,validation gate failed (1/2): role_like_title
,,https://wasauksing.ca/employment-opportunities,Team Administrator,validation gate failed (1/2): role_like_title
,,https://wasauksing.ca/employment-opportunities,Technical Support Coordinator,validation gate failed (1/2): role_like_title
,,https://wasauksing.ca/employment-opportunities,Mental Wellness/Crisis Response Navigator,validation gate failed (1/2): role_like_title
,,https://wasauksing.ca/employment-opportunities,Nurse Practitioner Open Until Filled,validation gate failed (0/2): no signals
,,https://wasauksing.ca/employment-opportunities,Indeed Jobs,validation gate failed (1/2): url_hint
,,https://wasauksing.ca/employment-opportunities,Employment Opportunities 2,generic title pattern
,,https://wasauksing.ca/employment-opportunities,Anishinabek News Job Board,validation gate failed (1/2): url_hint
,,https://wasauksing.ca/employment-opportunities,Careers,short generic nav title
,,https://recruiting.ultipro.ca/COR5104CCOH/JobBoard/3bc4a2fd-51ca-4ae2-a6c0-8aabfc0f6788?q=&o=postedDateDesc,Register,validation gate failed (1/2): url_hint
,,https://www.assiginack.ca/administration/employment-opportunities,Declaration State Emergency Now Terminated,validation gate failed (0/2): no signals
,,https://www.assiginack.ca/administration/employment-opportunities,Road Restrictions,validation gate failed (1/2): title_source_h1
,,https://recruiting.ultipro.ca/KEE5000NCC/JobBoard/0f7cbf31-f68f-4b9a-a175-34c1162ee91c,Register,validation gate failed (1/2): url_hint
,,https://wahnapitaefn.ca/notices/jobs/postings.html,C 7nup 0upp N,validation gate failed (0/2): no signals
,,https://wahnapitaefn.ca/notices/jobs/postings.html,Wfnnotices,validation gate failed (0/2): no signals
,,https://brucecounty.myavanti.ca/careers,The Fast & Secure Web Browser Built to be Yours,validation gate failed (1/2): title_source_og_title
,,https://brucecounty.myavanti.ca/careers,"Manuals , Specs , and Downloads",validation gate failed (1/2): title_source_og_title
,,https://www.blandfordblenheim.ca/business-and-employment/employment-opportunities,Mfippa,validation gate failed (0/2): no signals
,,https://www.blandfordblenheim.ca/business-and-employment/employment-opportunities,"Accessibility for Ontarians with Disabilities Act , 2005 , S.O. 2005 , c. 11",validation gate failed (1/2): title_source_og_title
,,https://www.blandfordblenheim.ca/business-and-employment/employment-opportunities,Contact Us,validation gate failed (0/2): no signals
,,https://www.blandfordblenheim.ca/business-and-employment/employment-opportunities,Google Maps,validation gate failed (1/2): title_source_og_title
,,https://www.blandfordblenheim.ca/business-and-employment/employment-opportunities,{base},validation gate failed (0/2): no signals
,,https://townshipofthenorthshore.ca/governing/employment,download Temp casual labourer 2026 posting,validation gate failed (1/2): role_like_title
,,https://townshipofthenorthshore.ca/governing/employment,download Municipal Clerk,validation gate failed (1/2): role_like_title
,,https://townshipofthenorthshore.ca/governing/employment,download Temp Casual labourer description 2026,validation gate failed (1/2): role_like_title
,,https://townshipofthenorthshore.ca/governing/employment,download Summer Student,validation gate failed (1/2): role_like_title
,,https://townshipofthenorthshore.ca/governing/employment,download SUMMER STUDENTS POSTER 2026,validation gate failed (1/2): role_like_title
,,https://townshipofthenorthshore.ca/governing/employment,Documents,validation gate failed (0/2): no signals
,,https://recruiting.ultipro.ca/KEE5000NCC/JobBoard/0f7cbf31-f68f-4b9a-a175-34c1162ee91c?q=&o=postedDateDesc,Register,validation gate failed (1/2): url_hint
,,https://workforcenow.adp.com/mascsr/default/mdf/recruitment/recruitment.html?cid=b1fead40-7a8c-4b14-87a0-dc031bab192d&ccId=19000101_000001&lang=en_CA,Wfn Req,validation gate failed (0/2): no signals
,,https://shoallake40.ca/economic-development,IMG 20210504 SL 1013 Economic Development Graphic.png,validation gate failed (0/2): no signals
,,https://shoallake40.ca/economic-development,Job Opportunities,validation gate failed (1/2): title_source_og_title
,,https://shoallake40.ca/economic-development,Job Opportunities,validation gate failed (1/2): title_source_og_title
,,https://shoallake40.ca/economic-development,Chief + Council,non-job category context
,,https://shoallake40.ca/economic-development,Nation Services,non-job category context
,,https://shoallake40.ca/economic-development,Community Works,non-job category context
,,https://shoallake40.ca/economic-development,Governance,non-job category context
,,https://shoallake40.ca/economic-development,Who We Are,validation gate failed (1/2): title_source_og_title
,,https://shoallake40.ca/economic-development,Our History,non-job category context
,,https://shoallake40.ca/economic-development,Contact Us,non-job category context
,,https://shoallake40.ca/economic-development,93403,validation gate failed (0/2): no signals
,,https://www.citywindsor.ca/city-hall/employment-opportunities/current-job-postings,JavaScript is currently disabled in your browser and is required to download Adobe Acrobat Reader.,validation gate failed (1/2): title_source_h1
,,https://www.expiredwixdomain.com/?redirectedFor=www.animakeewazhing37.com,Signin,validation gate failed (0/2): no signals
,,https://www.expiredwixdomain.com/?redirectedFor=www.animakeewazhing37.com,Signin,validation gate failed (0/2): no signals
,,https://www.expiredwixdomain.com/?redirectedFor=www.animakeewazhing37.com,Signin,validation gate failed (0/2): no signals
,,https://www.expiredwixdomain.com/?redirectedFor=www.animakeewazhing37.com,Signin,validation gate failed (0/2): no signals
,,https://www.expiredwixdomain.com/?redirectedFor=www.animakeewazhing37.com,Signin,validation gate failed (0/2): no signals
,,https://www.expiredwixdomain.com/?redirectedFor=www.animakeewazhing37.com,Signin,validation gate failed (0/2): no signals
,,https://www.expiredwixdomain.com/?redirectedFor=www.animakeewazhing37.com,Signin,validation gate failed (0/2): no signals
,,https://www.expiredwixdomain.com/?redirectedFor=www.animakeewazhing37.com,Privacy,non-job category context
,,https://www.expiredwixdomain.com/?redirectedFor=www.animakeewazhing37.com,Terms of Use,validation gate failed (1/2): title_source_og_title
,,https://workforcenow.adp.com/mascsr/default/mdf/recruitment/recruitment.html?cid=0ce8fb85-2d6b-4891-af18-08a0cb3841a2&ccId=19000101_000001&lang=en_CA&selectedMenuKey=CurrentOpenings,Wfn Req,validation gate failed (0/2): no signals
,,https://cityofbelleville.applytojob.com/apply,Learn to Swim Instructor,non-job category context
,,https://cityofbelleville.applytojob.com/apply,Senior Camp Leader,non-job category context
,,https://cityofbelleville.applytojob.com/apply,Senior Camp Leader (Water Sports),non-job category context
,,https://cityofbelleville.applytojob.com/apply,Volunteer Firefighter (Paid),non-job category context
,,https://www.akrc.on.ca/category/employment,Google Maps,validation gate failed (1/2): title_source_og_title
,,https://www.akrc.on.ca/category/employment,Rnash,validation gate failed (0/2): no signals
,,https://www.burpeemills.com/municipality/employment-opportunity,Email Protection,validation gate failed (0/2): no signals
,,https://www.burpeemills.com/municipality/employment-opportunity,Photo Gallery,validation gate failed (1/2): title_source_og_title
,,https://www.burpeemills.com/municipality/employment-opportunity,Burpee History,validation gate failed (0/2): no signals
,,https://www.burpeemills.com/municipality/employment-opportunity,Applications,validation gate failed (1/2): title_source_og_title
,,https://recruiting.ultipro.ca/ALA5000ALAG/JobBoard/63c26905-d7c5-4e50-933f-60cc2d69067f?q=&o=postedDateDesc&w=&wc=&we=&wpst=&f4=dnNxmjVt-1ySJe_Q4SwJ7Q,"Welcome , come on in!",validation gate failed (1/2): title_source_h1
,,https://wabaseemoong.ca/news/job-opportunities,Employment Opportunity.png,generic title pattern
,,https://www.cramahe.ca/media/iyebdeup/fire-adminstrator-job-posting-full-time-2026.pdf,Fire Adminstrator Job Posting Full Time 2026,validation gate failed (1/2): pdf_role_title
,,https://www.armstrongtownship.com/en/municipal-services/opportunities,Armstrong Township,non-job category context
,,https://www.armstrongtownship.com/en/municipal-services/opportunities,Public Notices,validation gate failed (0/2): no signals
,,https://www.armstrongtownship.com/en/municipal-services/opportunities,Recreation,non-job category context
,,https://www.armstrongtownship.com/en/municipal-services/opportunities,2026 Municipal Election,non-job category context
,,https://www.armstrongtownship.com/en/municipal-services/opportunities,Council Meetings,non-job category context
,,https://www.armstrongtownship.com/en/municipal-services/opportunities,Contact Us,non-job category context
,,https://www.armstrongtownship.com/en/municipal-services/opportunities,Markstay Warren,non-job category context
,,https://www.armstrongtownship.com/en/municipal-services/opportunities,Google Maps,non-job category context
,,https://www.armstrongtownship.com/en/municipal-services/opportunities,By Laws,title blocklist exact: by laws
,,https://www.armstrongtownship.com/en/municipal-services/opportunities,Meetings Agendas,non-job category context
,,https://www.armstrongtownship.com/en/municipal-services/opportunities,Service,validation gate failed (0/2): no signals
,,https://www.armstrongtownship.com/en/municipal-services/opportunities,Municipal Events,non-job category context
,,https://www.armstrongtownship.com/en/municipal-services/opportunities,Pay Online,non-job category context
,,https://workforcenow.adp.com/mascsr/default/mdf/recruitment/recruitment.html?cid=8aa53a99-a3f5-4260-aae3-17ca04fdef62&ccId=19000101_000001&source=LI&lang=en_CA&selectedMenuKey=CareerCenter,Wfn Req,validation gate failed (0/2): no signals
,,https://cochraneontario.com/living/employment-opportunities,Living | Town of Cochrane,validation gate failed (1/2): title_source_og_title
,,https://cochraneontario.com/living/employment-opportunities,Visiting | Town of Cochrane,validation gate failed (1/2): title_source_og_title
,,https://cochraneontario.com/living/employment-opportunities,Doing Business,validation gate failed (1/2): title_source_og_title
,,https://cochraneontario.com/living/employment-opportunities,Town Hall,validation gate failed (1/2): title_source_og_title
,,https://cochraneontario.com/living/employment-opportunities,Municipal Accommodation Tax,validation gate failed (1/2): title_source_og_title
,,https://cochraneontario.com/living/employment-opportunities,Jobs in Cochrane,validation gate failed (0/2): no signals
,,https://cochraneontario.com/living/employment-opportunities,05,validation gate failed (0/2): no signals
,,https://cochraneontario.com/living/employment-opportunities,04,validation gate failed (0/2): no signals
,,https://cochraneontario.com/living/employment-opportunities,Employment Opportunity Mechanic,generic title pattern
,,https://cochraneontario.com/living/employment-opportunities,08,validation gate failed (0/2): no signals
,,https://cochraneontario.com/living/employment-opportunities,07,validation gate failed (0/2): no signals
,,https://cochraneontario.com/living/employment-opportunities,03,validation gate failed (0/2): no signals
,,https://cochraneontario.com/living/employment-opportunities,Cochrane,validation gate failed (0/2): no signals
,,https://cochraneontario.com/living/employment-opportunities,Refer,validation gate failed (0/2): no signals
,,https://cochraneontario.com/living/employment-opportunities,Notice Of Temporary Road Closure 3,validation gate failed (0/2): no signals
,,https://cochraneontario.com/living/employment-opportunities,Public Notice,validation gate failed (1/2): title_source_og_title
,,https://cochraneontario.com/living/employment-opportunities,SEASONAL LOAD RESTRICTION,validation gate failed (1/2): title_source_og_title
,,https://cochraneontario.com/living/employment-opportunities,OFFICE OF THE MAYOR,validation gate failed (1/2): title_source_og_title
,,https://cochraneontario.com/living/employment-opportunities,OFFICE OF THE MAYOR,validation gate failed (1/2): title_source_og_title
,,https://cochraneontario.com/living/employment-opportunities,Bin Placement Notice,validation gate failed (1/2): title_source_og_title
,,https://cochraneontario.com/living/employment-opportunities,OFFICE OF THE MAYOR,validation gate failed (1/2): title_source_og_title
,,https://cochraneontario.com/living/employment-opportunities,OFFICE OF THE MAYOR,validation gate failed (1/2): title_source_og_title
,,https://cochraneontario.com/living/employment-opportunities,OFFICE OF THE MAYOR,validation gate failed (1/2): title_source_og_title
,,https://cochraneontario.com/living/employment-opportunities,Notice to Ratepayers,validation gate failed (1/2): title_source_og_title
,,https://www.clarence-rockland.com/en/city-hall/careers,Carrieres,validation gate failed (0/2): no signals
,,https://www.clarence-rockland.com/en/city-hall/careers,Human Resources,validation gate failed (1/2): title_source_h1
,,https://workforcenow.adp.com/mascsr/default/mdf/recruitment/recruitment.html?cid=09ed440f-e109-4f6f-ac03-075ea0a3a5e5&ccId=19000101_000001&lang=en_CA&ccId=19000101_000001&type=JS&lang=en_CA,Wfn Req,validation gate failed (0/2): no signals
,,https://www.conmee.com/p/employment,Zoning Bylaw And Official Plan Review,validation gate failed (0/2): no signals
,,https://www.conmee.com/p/employment,Members of Council,validation gate failed (1/2): title_source_og_title
,,https://www.conmee.com/p/employment,Renting The Hall,validation gate failed (0/2): no signals
,,https://www.conmee.com/p/employment,Emergency Services,validation gate failed (1/2): keywords_near_title
,,https://www.conmee.com/p/employment,Iframe>,validation gate failed (0/2): no signals
,,https://www.conmee.com/p/employment,Index,validation gate failed (0/2): no signals
,,https://www.collingwood.ca/governance-engagement/careers-employment,Subscribe now,validation gate failed (1/2): title_source_og_title
,,https://www.collingwood.ca/governance-engagement/careers-employment,S,validation gate failed (0/2): no signals
,,https://www.collingwood.ca/governance-engagement/careers-employment,Contact Us,validation gate failed (0/2): no signals
,,https://www.dryden.ca/careers,Privacy Policy,validation gate failed (0/2): no signals
,,https://www.chisholm.ca/en/your-government/employment-opportunity-1,Service,validation gate failed (1/2): keywords_near_title
,,https://www.chisholm.ca/en/your-government/employment-opportunity-1,Meetings & Agendas,validation gate failed (1/2): title_source_h1
,,https://www.chisholm.ca/en/your-government/employment-opportunity-1,News Events,validation gate failed (0/2): no signals
,,https://www.chisholm.ca/en/your-government/employment-opportunity-1,Planning Department,validation gate failed (1/2): keywords_near_title
,,https://www.chisholm.ca/en/your-government/employment-opportunity-1,Astorville,validation gate failed (0/2): no signals
,,https://www.chisholm.ca/en/your-government/employment-opportunity-1,Cpal,validation gate failed (0/2): no signals
,,https://www.chisholm.ca/en/your-government/employment-opportunity-1,Service,validation gate failed (0/2): no signals
,,https://www.countyofessex.ca/county-government/careers-and-volunteering/career-opportunities,Privacy Policy,validation gate failed (0/2): no signals
,,https://www.countyofessex.ca/county-government/careers-and-volunteering/career-opportunities,Subscription Messaging,validation gate failed (0/2): no signals
,,https://townofmono.com/jobs,134608,validation gate failed (1/2): listing_apply_pattern
,,https://townofmono.com/jobs,Rental Rates,validation gate failed (1/2): listing_apply_pattern
,,https://www.espanola.ca/town-government/career-opportunities,Email Protection,validation gate failed (1/2): keywords_near_title
,,https://www.bonnecherevalleytwp.com/careers,Municipal Staff Contact,validation gate failed (1/2): keywords_near_title
,,https://www.bonnecherevalleytwp.com/careers,News,title blocklist exact: news
,,https://www.bonnecherevalleytwp.com/careers,Events,title blocklist exact: events
,,https://www.bonnecherevalleytwp.com/careers,Business,validation gate failed (0/2): no signals
,,https://chapleaucree.ca/employment-opportunities,Employment Opportunity Anticipatory Summer Student Employment Opportunities,generic title pattern
,,https://chapleaucree.ca/employment-opportunities,Employment Opportunity Gas Bar Attendant Part Time 3,generic title pattern
,,https://chapleaucree.ca/employment-opportunities,Full Time (until filled),validation gate failed (1/2): url_hint
,,https://chapleaucree.ca/employment-opportunities,FULL TIME,validation gate failed (1/2): url_hint
,,https://chapleaucree.ca/employment-opportunities,Employment Opportunity Financial Programmer Ccfn Health Centre Full Time,generic title pattern
,,https://chapleaucree.ca/employment-opportunities,Employment Opportunity Medical Drivers Casual Contract,generic title pattern
,,https://chapleaucree.ca/employment-opportunities,Weekly Pamphlet May 18 24 2026,validation gate failed (0/2): no signals
,,https://chapleaucree.ca/employment-opportunities,Weekly Pamphlet May 11 17 2026,validation gate failed (0/2): no signals
,,https://chapleaucree.ca/employment-opportunities,Weekly Pamphlet May 4 10 2026,validation gate failed (0/2): no signals
,,https://chapleaucree.ca/employment-opportunities,Weekly Pamphlet April 27 May 3 2026,validation gate failed (0/2): no signals
,,https://chapleaucree.ca/employment-opportunities,Weekly Pamphlet April 20 26 2026,validation gate failed (0/2): no signals
,,https://chapleaucree.ca/employment-opportunities,Weekly Pamphlet April 13 19 2026,validation gate failed (0/2): no signals
,,https://chapleaucree.ca/employment-opportunities,Weekly Pamphlet April 6 12 2026,validation gate failed (0/2): no signals
,,https://chapleaucree.ca/employment-opportunities,Weekly Pamphlet March 30 April 5 2026,validation gate failed (0/2): no signals
,,https://chapleaucree.ca/employment-opportunities,Weekly Pamphlet March 23 29 2026,validation gate failed (0/2): no signals
,,https://chapleaucree.ca/employment-opportunities,Weekly Pamphlet March 16 22 2026,validation gate failed (0/2): no signals
,,https://chapleaucree.ca/employment-opportunities,Weekly Pamphlet March 9 15 2026,validation gate failed (0/2): no signals
,,https://chapleaucree.ca/employment-opportunities,Weekly Pamphlet March 2 8 2026,validation gate failed (0/2): no signals
,,https://chapleaucree.ca/employment-opportunities,Weekly Pamphlet February 23 March 1 2026,validation gate failed (0/2): no signals
,,https://chapleaucree.ca/employment-opportunities,Weekly Pamphlet February 16 22 2026,validation gate failed (0/2): no signals
,,https://chapleaucree.ca/employment-opportunities,Weekly Pamphlet February 9 15 2026,validation gate failed (0/2): no signals
,,https://chapleaucree.ca/employment-opportunities,Weekly Pamphlet February 2 8 2026,validation gate failed (0/2): no signals
,,https://chapleaucree.ca/employment-opportunities,Weekly Pamphlet January 26 February 1 2026,validation gate failed (0/2): no signals
,,https://chapleaucree.ca/employment-opportunities,Weekly Pamphlet January 19 25 2026,validation gate failed (0/2): no signals
,,https://chapleaucree.ca/employment-opportunities,Weekly Pamphlet January 12 18 2026,validation gate failed (0/2): no signals
,,https://chapleaucree.ca/employment-opportunities,Weekly Pamphlet January 5 11 2026,validation gate failed (0/2): no signals
,,https://chapleaucree.ca/employment-opportunities,Catering Bid Solar Power Workshop June 10 2026 Deadline To Submit May 28th,validation gate failed (0/2): no signals
,,https://chapleaucree.ca/employment-opportunities,Catering Bid Youth Spring Cultural Camp 2026 At Grassy Lake May 29th To 31st Deadline To Submit May 14 2026,validation gate failed (0/2): no signals
,,https://chapleaucree.ca/employment-opportunities,Small Engine Repair Shop,validation gate failed (0/2): no signals
,,https://chapleaucree.ca/employment-opportunities,Chapleau Cree Autotruck,validation gate failed (0/2): no signals
,,https://www.grimsby.ca/media/5g5bstun/school-crossing-guards_job-posting_06-april-2026.pdf,School Crossing Guards Job Posting 06 April 2026,validation gate failed (1/2): pdf_role_title
,,https://workforcenow.adp.com/mascsr/default/mdf/recruitment/recruitment.html?cid=f5060f66-1f92-430e-b67b-c5e16cd9318f&ccId=19000101_000001&type=JS&lang=en_CA,Wfn Req,validation gate failed (0/2): no signals
,,https://www.duttondunwich.on.ca/municipal-services/employment-opportunities,"Forms , Documents &amp ; Applications",validation gate failed (1/2): title_source_og_title
,,https://www.duttondunwich.on.ca/municipal-services/employment-opportunities,Book Your Event,validation gate failed (0/2): no signals
,,https://www.duttondunwich.on.ca/municipal-services/employment-opportunities,Pay Bills,validation gate failed (1/2): keywords_near_title
,,https://www.duttondunwich.on.ca/municipal-services/employment-opportunities,"Landfill , Garbage &amp ; Recycling",validation gate failed (1/2): title_source_og_title
,,https://www.dufferincounty.ca/careers,Privacy Policy,validation gate failed (1/2): keywords_near_title
,,https://workforcenow.adp.com/mascsr/default/mdf/recruitment/recruitment.html?cid=5d9aaa90-d2fa-4d27-afd3-61bb294d8dc9&ccId=19000101_000001&source=CC2&lang=en_CA&selectedMenuKey=CareerCenter,Wfn Req,validation gate failed (0/2): no signals
,,https://www.gordonbarrieisland.ca/jobs,Ad For Paper Roads Dept 2025 (1).doc,validation gate failed (0/2): no signals
,,https://www.gordonbarrieisland.ca/jobs,Privacy,validation gate failed (0/2): no signals
,,https://recruiting.ultipro.ca/COR5107TCOG/JobBoard/256b8483-67a3-4ffb-8e82-4d76e6a94e05?q=&o=postedDateDesc,Register,validation gate failed (1/2): url_hint
,,https://www.hortontownship.ca/municipality/employment-opportunities,Calendar,validation gate failed (0/2): no signals
,,https://www.hortontownship.ca/municipality/employment-opportunities,Contact,validation gate failed (0/2): no signals
,,https://www.greyhighlands.ca/news/career-opportunities,Municipality of Grey Highlands | Municipality of Grey Highlands,validation gate failed (1/2): title_source_og_title
,,https://www.greyhighlands.ca/news/career-opportunities,News | Municipality of Grey Highlands,validation gate failed (1/2): title_source_og_title
,,https://www.greyhighlands.ca/news/career-opportunities,Subscribe | Municipality of Grey Highlands,validation gate failed (1/2): title_source_og_title
,,https://www.greyhighlands.ca/news/career-opportunities,Privacy Policy,validation gate failed (1/2): title_source_og_title
,,https://www.cityofkingston.ca/careers-and-volunteering/career-opportunities/current-career-opportunities,Accountability And Transparency,validation gate failed (1/2): keywords_near_title
,,https://www.cityofkingston.ca/careers-and-volunteering/career-opportunities/current-career-opportunities,Indigenous Initiatives,validation gate failed (0/2): no signals
,,https://www.cityofkingston.ca/careers-and-volunteering/career-opportunities/current-career-opportunities,In Aquatic Programs,validation gate failed (1/2): title_source_og_title
,,https://www.cityofkingston.ca/careers-and-volunteering/career-opportunities/current-career-opportunities,Building Permits,validation gate failed (1/2): title_source_og_title
,,https://www.cityofkingston.ca/careers-and-volunteering/career-opportunities/current-career-opportunities,Business Licences,validation gate failed (1/2): title_source_og_title
,,https://www.cityofkingston.ca/careers-and-volunteering/career-opportunities/current-career-opportunities,Open Air Fire Permits,validation gate failed (1/2): title_source_og_title
,,https://www.cityofkingston.ca/careers-and-volunteering/career-opportunities/current-career-opportunities,Drop In Recreational Programs,validation gate failed (0/2): no signals
,,https://www.cityofkingston.ca/careers-and-volunteering/career-opportunities/current-career-opportunities,Garbage Bag Tags,validation gate failed (1/2): keywords_near_title
,,https://www.cityofkingston.ca/careers-and-volunteering/career-opportunities/current-career-opportunities,Pet Licences,validation gate failed (0/2): no signals
,,https://www.cityofkingston.ca/careers-and-volunteering/career-opportunities/current-career-opportunities,Property Taxes,validation gate failed (0/2): no signals
,,https://www.cityofkingston.ca/careers-and-volunteering/career-opportunities/current-career-opportunities,Pay A Parking Ticket,validation gate failed (0/2): no signals
,,https://www.cityofkingston.ca/careers-and-volunteering/career-opportunities/current-career-opportunities,Load Your Pass Online,validation gate failed (0/2): no signals
,,https://www.cityofkingston.ca/careers-and-volunteering/career-opportunities/current-career-opportunities,Month,validation gate failed (0/2): no signals
,,https://www.cityofkingston.ca/careers-and-volunteering/career-opportunities/current-career-opportunities,Collection Calendar,validation gate failed (1/2): title_source_og_title
,,https://www.cityofkingston.ca/careers-and-volunteering/career-opportunities/current-career-opportunities,Webcams | City of Kingston,validation gate failed (1/2): title_source_og_title
,,https://www.ektwp.ca/town-hall/employment-opportunities,Privacy Policy,validation gate failed (0/2): no signals
,,https://www.ektwp.ca/town-hall/employment-opportunities,En,validation gate failed (0/2): no signals
,,https://www.ektwp.ca/town-hall/employment-opportunities,Lyn Bandshell Committee,validation gate failed (1/2): title_source_og_title
,,https://www.ektwp.ca/town-hall/employment-opportunities,Trades Bursary,validation gate failed (1/2): title_source_og_title
,,https://www.ektwp.ca/town-hall/employment-opportunities,Key Election Dates,validation gate failed (1/2): title_source_og_title
,,https://www.ektwp.ca/town-hall/employment-opportunities,Election Contacts,validation gate failed (1/2): title_source_og_title
,,https://www.ektwp.ca/town-hall/employment-opportunities,Election Resources,validation gate failed (1/2): title_source_og_title
,,https://www.ektwp.ca/town-hall/employment-opportunities,Unofficial List of Candidates,validation gate failed (1/2): title_source_og_title
,,https://www.ektwp.ca/town-hall/employment-opportunities,Subscription Messaging,validation gate failed (0/2): no signals
,,https://www.ezt.ca/township-office/careers,Manage Subscriptions,validation gate failed (1/2): title_source_h1
,,https://www.ezt.ca/township-office/careers,Bids and Tenders,validation gate failed (1/2): title_source_h1
,,https://www.ezt.ca/township-office/careers,Building Permits,validation gate failed (1/2): keywords_near_title
,,https://www.ezt.ca/township-office/careers,Facilities And Rentals,validation gate failed (0/2): no signals
,,https://www.ezt.ca/township-office/careers,Agendas and Minutes,validation gate failed (1/2): title_source_h1
,,https://www.ezt.ca/township-office/careers,Committees and Boards,validation gate failed (1/2): title_source_h1
,,https://www.brighton.ca/en/municipal-services/current-job-opportunities.aspx,Marriage Licence Application,validation gate failed (1/2): listing_apply_pattern
,,https://www.brighton.ca/en/municipal-services/current-job-opportunities.aspx,Dog Tag Registration March To December,validation gate failed (1/2): listing_apply_pattern
,,https://www.brighton.ca/en/municipal-services/current-job-opportunities.aspx,Garbage,validation gate failed (1/2): listing_apply_pattern
,,https://acwtownship.ca/government/careers,About the Community,validation gate failed (1/2): title_source_h1
,,https://acwtownship.ca/government/careers,Benmiller Ball,validation gate failed (0/2): no signals
,,https://acwtownship.ca/government/careers,Business Directory,validation gate failed (1/2): role_like_title
,,https://acwtownship.ca/government/careers,Events,title blocklist exact: events
,,https://acwtownship.ca/government/careers,Emergency Services Preparedness,validation gate failed (1/2): keywords_near_title
,,https://acwtownship.ca/government/careers,News,title blocklist exact: news
,,https://acwtownship.ca/government/careers,Recreation Facilities,validation gate failed (0/2): no signals
,,https://acwtownship.ca/government/careers,Road Closures,validation gate failed (0/2): no signals
,,https://acwtownship.ca/government/careers,Waste Recycling,validation gate failed (1/2): keywords_near_title
,,https://acwtownship.ca/government/careers,Accessibility,validation gate failed (0/2): no signals
,,https://acwtownship.ca/government/careers,Government,validation gate failed (1/2): title_source_h1
,,https://acwtownship.ca/government/careers,Government,validation gate failed (1/2): title_source_h1
,,https://acwtownship.ca/government/careers,Government,validation gate failed (1/2): title_source_h1
,,https://acwtownship.ca/government/careers,Government,validation gate failed (1/2): title_source_h1
,,https://acwtownship.ca/government/careers,Government,validation gate failed (1/2): title_source_h1
,,https://acwtownship.ca/government/careers,Government,validation gate failed (1/2): title_source_h1
,,https://acwtownship.ca/government/careers,Animal Control,validation gate failed (0/2): no signals
,,https://acwtownship.ca/government/careers,By Law Enforcement,validation gate failed (0/2): no signals
,,https://acwtownship.ca/government/careers,Civil Marriages,validation gate failed (0/2): no signals
,,https://acwtownship.ca/government/careers,Colborne Cemetery,validation gate failed (0/2): no signals
,,https://acwtownship.ca/government/careers,Commissioner Of Oaths,validation gate failed (0/2): no signals
,,https://acwtownship.ca/government/careers,Congratulatory Messages,validation gate failed (0/2): no signals
,,https://acwtownship.ca/government/careers,Contacts,validation gate failed (0/2): no signals
,,https://acwtownship.ca/government/careers,Newsletters,validation gate failed (0/2): no signals
,,https://acwtownship.ca/government/careers,Merchandise,validation gate failed (0/2): no signals
,,https://acwtownship.ca/government/careers,Public Works,validation gate failed (1/2): keywords_near_title
,,https://acwtownship.ca/government/careers,Building Construction,validation gate failed (0/2): no signals
,,https://acwtownship.ca/government/careers,Development Charges,validation gate failed (1/2): keywords_near_title
,,https://acwtownship.ca/government/careers,Guides And Resources,validation gate failed (0/2): no signals
,,https://acwtownship.ca/government/careers,Planning Development,validation gate failed (1/2): keywords_near_title
,,https://acwtownship.ca/government/careers,Septic,validation gate failed (0/2): no signals
,,https://acwtownship.ca/government/careers,Government,validation gate failed (1/2): title_source_h1
,,https://acwtownship.ca/government/careers,Government,validation gate failed (1/2): title_source_h1
,,https://acwtownship.ca/government/careers,Government,validation gate failed (1/2): title_source_h1
,,https://acwtownship.ca/government/careers,Government,validation gate failed (1/2): title_source_h1
,,https://acwtownship.ca/government/careers,Government,validation gate failed (1/2): title_source_h1
,,https://acwtownship.ca/government/careers,Government,validation gate failed (1/2): title_source_h1
,,https://acwtownship.ca/government/careers,Government,validation gate failed (1/2): title_source_h1
,,https://acwtownship.ca/government/careers,Residents,validation gate failed (0/2): no signals
,,https://acwtownship.ca/government/careers,Government,validation gate failed (1/2): title_source_h1
,,https://acwtownship.ca/government/careers,Municipal Services,validation gate failed (0/2): no signals
,,https://acwtownship.ca/government/careers,Privacy Policy,validation gate failed (0/2): no signals
,,http://biggrassy.ca/employment-opportunities,Business Development Fund,validation gate failed (1/2): title_source_h1
,,http://biggrassy.ca/employment-opportunities,Emergency Management,validation gate failed (1/2): title_source_h1
,,http://biggrassy.ca/employment-opportunities,Mishkosiminiziibiing Development Corporation (MDC),validation gate failed (1/2): title_source_h1
,,http://biggrassy.ca/employment-opportunities,Assabaska Park,validation gate failed (1/2): title_source_h1
,,http://biggrassy.ca/employment-opportunities,Band Representative Program,validation gate failed (1/2): keywords_near_title
,,http://biggrassy.ca/employment-opportunities,Jordans Principle,validation gate failed (1/2): keywords_near_title
,,http://biggrassy.ca/employment-opportunities,Prevention,validation gate failed (1/2): keywords_near_title
,,http://biggrassy.ca/employment-opportunities,Pegimigaabo School,validation gate failed (1/2): keywords_near_title
,,http://biggrassy.ca/employment-opportunities,Bulletins Notices,validation gate failed (1/2): keywords_near_title
,,http://biggrassy.ca/employment-opportunities,Library,validation gate failed (1/2): keywords_near_title
,,http://biggrassy.ca/employment-opportunities,Next Reads Book Newsletter Subscriptions,validation gate failed (1/2): keywords_near_title
,,http://biggrassy.ca/employment-opportunities,Health,validation gate failed (1/2): keywords_near_title
,,http://biggrassy.ca/employment-opportunities,Brighter Futures Healthy Lifestyles Program,validation gate failed (1/2): keywords_near_title
,,http://biggrassy.ca/employment-opportunities,Family Well Being Program,validation gate failed (1/2): keywords_near_title
,,http://biggrassy.ca/employment-opportunities,Healthy Babies Healthy Children Early Childhood,validation gate failed (1/2): keywords_near_title
,,http://biggrassy.ca/employment-opportunities,Medical Transportation Program,validation gate failed (1/2): keywords_near_title
,,http://biggrassy.ca/employment-opportunities,National Native Alcohol And Drug Abuse Program Nnadap,validation gate failed (1/2): keywords_near_title
,,http://biggrassy.ca/employment-opportunities,Events Calendar,validation gate failed (0/2): no signals
,,http://biggrassy.ca/employment-opportunities,Finance,validation gate failed (0/2): no signals
,,http://biggrassy.ca/employment-opportunities,Photos,validation gate failed (0/2): no signals
,,https://www.deepriver.ca/careers,Contact,validation gate failed (1/2): title_source_h1
,,https://www.deepriver.ca/careers,Feedback,validation gate failed (1/2): title_source_h1
,,https://www.frenchriver.ca/p/employment-opportunities-,Connector,validation gate failed (0/2): no signals
,,https://www.frenchriver.ca/p/employment-opportunities-,Connector,validation gate failed (0/2): no signals
,,https://www.frenchriver.ca/p/employment-opportunities-,Connector,validation gate failed (0/2): no signals
,,https://www.frenchriver.ca/p/employment-opportunities-,Connector,validation gate failed (0/2): no signals
,,https://www.frenchriver.ca/p/employment-opportunities-,Council Minutes Agendas,validation gate failed (0/2): no signals
,,https://www.frenchriver.ca/p/employment-opportunities-,News And Notices Covid 19,validation gate failed (0/2): no signals
,,https://www.frenchriver.ca/p/employment-opportunities-,Parks And Recreation,validation gate failed (1/2): keywords_near_title
,,https://www.frenchriver.ca/p/employment-opportunities-,Treasury,validation gate failed (1/2): keywords_near_title
,,https://www.frenchriver.ca/p/employment-opportunities-,Building And Development,validation gate failed (1/2): keywords_near_title
,,https://www.frenchriver.ca/p/employment-opportunities-,Id 1273343141,validation gate failed (0/2): no signals
,,https://www.frenchriver.ca/p/employment-opportunities-,Details,validation gate failed (0/2): no signals
,,https://www.frenchriver.ca/p/employment-opportunities-,Google Maps,validation gate failed (1/2): title_source_og_title
,,https://www.frenchriver.ca/p/employment-opportunities-,Frr Tourism Booklet E,validation gate failed (0/2): no signals
,,https://www.frenchriver.ca/p/employment-opportunities-,Municipal Elections,validation gate failed (1/2): keywords_near_title
,,https://www.frenchriver.ca/p/employment-opportunities-,Property Tax Calculator,validation gate failed (1/2): title_source_og_title
,,https://www.frenchriver.ca/p/employment-opportunities-,E Service,validation gate failed (0/2): no signals
,,https://www.frenchriver.ca/p/employment-opportunities-,Community Events,validation gate failed (0/2): no signals
,,https://www.frenchriver.ca/p/employment-opportunities-,File A Complaint,validation gate failed (0/2): no signals
,,https://www.frenchriver.ca/p/employment-opportunities-,Amps,validation gate failed (0/2): no signals
,,https://www.frenchriver.ca/p/employment-opportunities-,Declaration Of Emergency 2026 Flooding,validation gate failed (0/2): no signals
,,https://www.hamiltontownship.ca/news/career-opportunities,Home,validation gate failed (0/2): no signals
,,https://www.hamiltontownship.ca/news/career-opportunities,Municipal Elections,validation gate failed (0/2): no signals
,,https://www.hamiltontownship.ca/news/career-opportunities,Privacy Policy,validation gate failed (1/2): title_source_og_title
,,https://www.hiltontownship.ca/job-postings,Notices,title blocklist exact: notices
,,https://www.laurentianhills.ca/userfiles/file/Census%20Jobs.pdf,Census Jobs,validation gate failed (1/2): pdf_role_title
,,https://www.haliburtoncounty.ca/en/county-office/careers.aspx,Physician,validation gate failed (1/2): title_source_og_title
,,https://www.haliburtoncounty.ca/en/county-office/careers.aspx,Who Does What,validation gate failed (1/2): title_source_og_title
,,https://www.haliburtoncounty.ca/en/county-office/careers.aspx,Planning Services,validation gate failed (1/2): keywords_near_title
,,https://www.haliburtoncounty.ca/en/county-office/careers.aspx,Privacy Policy,validation gate failed (1/2): title_source_og_title
,,https://www.haliburtoncounty.ca/en/county-office/careers.aspx,Terms Of Use,validation gate failed (1/2): keywords_near_title
,,https://www.haliburtoncounty.ca/en/county-office/careers.aspx,Search,validation gate failed (1/2): title_source_h2
,,https://www.haliburtoncounty.ca/en/county-office/careers.aspx,Search,validation gate failed (1/2): title_source_h2
,,https://www.huntsville.ca/news/careers,Accessibility,validation gate failed (1/2): keywords_near_title
,,https://www.huntsville.ca/news/careers,Privacy Policy,validation gate failed (1/2): title_source_og_title
,,https://www.greatermadawaska.com/township/careers,Subscribe | Township of Greater Madawaska,validation gate failed (1/2): title_source_og_title
,,https://www.greatermadawaska.com/township/careers,Building Permits,validation gate failed (1/2): keywords_near_title
,,https://www.greatermadawaska.com/township/careers,Address Change,validation gate failed (0/2): no signals
,,https://www.greatermadawaska.com/township/careers,Tenders | Township of Greater Madawaska,validation gate failed (1/2): title_source_og_title
,,https://www.greatermadawaska.com/township/careers,Pay Your Parking Ticket,validation gate failed (0/2): no signals
,,https://www.greatermadawaska.com/township/careers,Agendas And Minutes,validation gate failed (0/2): no signals
,,https://www.greatermadawaska.com/township/careers,By - laws | Township of Greater Madawaska,validation gate failed (1/2): title_source_og_title
,,https://www.greatermadawaska.com/township/careers,"Plans , Reports and Studies",validation gate failed (1/2): title_source_og_title
,,https://workforcenow.adp.com/mascsr/default/mdf/recruitment/recruitment.html?cid=1b5a89ec-9b9d-4cfe-afa6-d9c2e3278d41&ccId=19000101_000001&lang=en_CA,Wfn Req,validation gate failed (0/2): no signals
,,https://recruiting.ultipro.ca/COR5100COMLB/JobBoard/6de500a3-d10c-48fb-9d33-b96b97d7d17b?q=&o=postedDateDesc,Register,validation gate failed (1/2): url_hint
,,https://www.madawaskavalley.ca/media/hsadic11/fire-department-application-form.pdf,Fire Department Application Form,validation gate failed (1/2): keywords_near_title
,,https://recruiting.ultipro.ca/COR5002CULG/JobBoard/32c48e4b-90d1-4199-8e13-7849c2e3437c?q=&o=postedDateDesc,Register,validation gate failed (1/2): url_hint
,,https://www.ignace.ca/town-hall/jobs-opportunities/jobs,Spring Drop Ins,validation gate failed (0/2): no signals
,,https://www.ignace.ca/town-hall/jobs-opportunities/jobs,Spring Drop Ins,validation gate failed (0/2): no signals
,,https://www.ignace.ca/town-hall/jobs-opportunities/jobs,Spring Drop Ins,validation gate failed (0/2): no signals
,,https://www.ignace.ca/town-hall/jobs-opportunities/jobs,Iaba Meeting,validation gate failed (0/2): no signals
,,https://www.ignace.ca/town-hall/jobs-opportunities/jobs,Report An Issue,validation gate failed (1/2): keywords_near_title
,,https://www.ignace.ca/town-hall/jobs-opportunities/jobs,Township of Ignace - Events,validation gate failed (1/2): title_source_og_title
,,https://www.ignace.ca/town-hall/jobs-opportunities/jobs,Documents,validation gate failed (1/2): keywords_near_title
,,https://www.ignace.ca/town-hall/jobs-opportunities/jobs,Township of Ignace - Videos,validation gate failed (1/2): title_source_og_title
,,https://www.lincoln.ca/careers-volunteering,">beamsville , ON L 3J 1L 3",validation gate failed (1/2): listing_apply_pattern
,,https://www.billingstwp.ca/townhall/careers,Privacy Policy,validation gate failed (0/2): no signals
,,https://www.billingstwp.ca/townhall/careers,Cemetery,validation gate failed (0/2): no signals
,,https://www.billingstwp.ca/townhall/careers,Emergency Services,validation gate failed (1/2): keywords_near_title
,,https://www.billingstwp.ca/townhall/careers,Property Taxes,validation gate failed (0/2): no signals
,,https://www.billingstwp.ca/townhall/careers,Report A Problem,validation gate failed (1/2): keywords_near_title
,,https://www.billingstwp.ca/townhall/careers,Roads,validation gate failed (1/2): keywords_near_title
,,https://www.billingstwp.ca/townhall/careers,Seniors Active Living Program,validation gate failed (0/2): no signals
,,https://www.billingstwp.ca/townhall/careers,Waste And Recycling,validation gate failed (0/2): no signals
,,https://www.billingstwp.ca/townhall/careers,Water Services,validation gate failed (0/2): no signals
,,https://www.billingstwp.ca/townhall/careers,Art History And Culture,validation gate failed (0/2): no signals
,,https://www.billingstwp.ca/townhall/careers,Beaches Trails And Playgrounds,validation gate failed (0/2): no signals
,,https://www.billingstwp.ca/townhall/careers,Events Calendar,validation gate failed (0/2): no signals
,,https://www.billingstwp.ca/townhall/careers,Facilities And Rentals,validation gate failed (0/2): no signals
,,https://www.billingstwp.ca/townhall/careers,Library,validation gate failed (0/2): no signals
,,https://www.billingstwp.ca/townhall/careers,Marina,validation gate failed (0/2): no signals
,,https://www.billingstwp.ca/townhall/careers,Museum,validation gate failed (0/2): no signals
,,https://www.billingstwp.ca/townhall/careers,Bids And Tenders,validation gate failed (1/2): keywords_near_title
,,https://www.billingstwp.ca/townhall/careers,Building And Renovating,validation gate failed (1/2): keywords_near_title
,,https://www.billingstwp.ca/townhall/careers,Business Directory,validation gate failed (1/2): role_like_title
,,https://www.billingstwp.ca/townhall/careers,Emergency Management,validation gate failed (0/2): no signals
,,https://www.billingstwp.ca/townhall/careers,Planning And Development,validation gate failed (0/2): no signals
,,https://www.billingstwp.ca/townhall/careers,Short Term Accommodations,validation gate failed (0/2): no signals
,,https://www.billingstwp.ca/townhall/careers,Accessibility | Township of Billings,validation gate failed (1/2): title_source_og_title
,,https://www.billingstwp.ca/townhall/careers,Agendas and Minutes,validation gate failed (1/2): title_source_og_title
,,https://www.billingstwp.ca/townhall/careers,Laws and Policies,validation gate failed (1/2): title_source_og_title
,,https://www.billingstwp.ca/townhall/careers,Council,validation gate failed (0/2): no signals
,,https://www.billingstwp.ca/townhall/careers,Elections | Township of Billings,validation gate failed (1/2): title_source_og_title
,,https://www.billingstwp.ca/townhall/careers,Financial Reports,validation gate failed (1/2): title_source_og_title
,,https://www.billingstwp.ca/townhall/careers,Freedom of Information,validation gate failed (1/2): title_source_og_title
,,https://www.billingstwp.ca/townhall/careers,Monthly Newsletters,validation gate failed (1/2): title_source_og_title
,,https://www.billingstwp.ca/townhall/careers,News and Notices,validation gate failed (1/2): title_source_og_title
,,https://www.billingstwp.ca/townhall/careers,Permits and Forms,validation gate failed (1/2): title_source_og_title
,,https://workforcenow.adp.com/mascsr/default/mdf/recruitment/recruitment.html?cid=04bf51f8-d2dd-4641-ba92-183522f6e8b3&ccId=19000101_000001&type=MP&lang=en_CA,Wfn Req,validation gate failed (0/2): no signals
,,https://www.huroncounty.ca/jobs,OLWN Logo 200.png,validation gate failed (0/2): no signals
,,https://www.huroncounty.ca/jobs,CCDI Employer Partner Logo Color En.png,validation gate failed (0/2): no signals
,,https://www.moosonee.ca/wp-content/uploads/2024/09/Public-Notice-Council-Vacancy-Sept.pdf,Public Notice Council Vacancy Sept,validation gate failed (0/2): no signals
,,https://www.dourodummer.ca/news/employment-opportunities,Elections,validation gate failed (0/2): no signals
,,https://www.dourodummer.ca/news/employment-opportunities,Employment Opportunity Treasurer Closed,generic title pattern
,,https://workforcenow.adp.com/mascsr/default/mdf/recruitment/recruitment.html?cid=b3dc7fb4-546d-4c57-a2f4-0ab75313ff85&ccId=19000101_000001&lang=en_CA&selectedMenuKey=CurrentOpenings,Wfn Req,validation gate failed (0/2): no signals
,,https://www.latchford.ca/employment-opportunity,Public Notices,validation gate failed (0/2): no signals
,,https://www.latchford.ca/employment-opportunity,Mayors Declarations,validation gate failed (0/2): no signals
,,https://www.latchford.ca/employment-opportunity,09,validation gate failed (0/2): no signals
,,https://petawawa.ca/town-hall/employment-opportunities,Contact Us,validation gate failed (1/2): title_source_og_title
,,https://petawawa.ca/town-hall/employment-opportunities,Community Transportation,validation gate failed (1/2): title_source_og_title
,,https://petawawa.ca/town-hall/employment-opportunities,Healthcare - Town of Petawawa,validation gate failed (1/2): title_source_og_title
,,https://petawawa.ca/town-hall/employment-opportunities,Schools & Childcare,validation gate failed (1/2): title_source_og_title
,,https://petawawa.ca/town-hall/employment-opportunities,Waste Management,validation gate failed (1/2): title_source_og_title
,,https://petawawa.ca/town-hall/employment-opportunities,Arts & Heritage,validation gate failed (1/2): title_source_og_title
,,https://petawawa.ca/town-hall/employment-opportunities,Community Groups & Service Clubs,validation gate failed (1/2): title_source_og_title
,,https://petawawa.ca/town-hall/employment-opportunities,Facilities & Rentals,validation gate failed (1/2): title_source_og_title
,,https://petawawa.ca/town-hall/employment-opportunities,History of Petawawa,validation gate failed (1/2): title_source_og_title
,,https://petawawa.ca/town-hall/employment-opportunities,Make The Most Of Summer,validation gate failed (0/2): no signals
,,https://petawawa.ca/town-hall/employment-opportunities,Plan your Stay,validation gate failed (1/2): title_source_og_title
,,https://petawawa.ca/town-hall/employment-opportunities,Road Vehicles & Trails,validation gate failed (1/2): title_source_og_title
,,https://petawawa.ca/town-hall/employment-opportunities,Programs & Registration,validation gate failed (1/2): title_source_og_title
,,https://petawawa.ca/town-hall/employment-opportunities,Based Activities,validation gate failed (1/2): title_source_og_title
,,https://petawawa.ca/town-hall/employment-opportunities,Log In,validation gate failed (1/2): title_source_og_title
,,https://petawawa.ca/town-hall/employment-opportunities,Business Grants & Resources,validation gate failed (1/2): title_source_og_title
,,https://petawawa.ca/town-hall/employment-opportunities,Commercial and Industrial Real Estate,validation gate failed (1/2): title_source_og_title
,,https://petawawa.ca/town-hall/employment-opportunities,Petawawa Container Market,validation gate failed (1/2): title_source_og_title
,,https://petawawa.ca/town-hall/employment-opportunities,Economic Profile,validation gate failed (1/2): title_source_og_title
,,https://petawawa.ca/town-hall/employment-opportunities,Shop Petawawa,validation gate failed (1/2): title_source_og_title
,,https://petawawa.ca/town-hall/employment-opportunities,Submit Your Business,validation gate failed (1/2): title_source_og_title
,,https://petawawa.ca/town-hall/employment-opportunities,Manage Your Account,validation gate failed (1/2): title_source_og_title
,,https://petawawa.ca/town-hall/employment-opportunities,Accessibility - Town of Petawawa,validation gate failed (1/2): title_source_og_title
,,https://petawawa.ca/town-hall/employment-opportunities,Council & Committees,validation gate failed (1/2): title_source_og_title
,,https://petawawa.ca/town-hall/employment-opportunities,News & Events,validation gate failed (1/2): title_source_og_title
,,https://petawawa.ca/town-hall/employment-opportunities,Pay Fines,validation gate failed (1/2): title_source_og_title
,,https://petawawa.ca/town-hall/employment-opportunities,Public Notices,validation gate failed (1/2): title_source_og_title
,,https://petawawa.ca/town-hall/employment-opportunities,Tenders & RFPs,validation gate failed (1/2): title_source_og_title
,,https://petawawa.ca/town-hall/employment-opportunities,Council Meeting,validation gate failed (1/2): title_source_og_title
,,https://petawawa.ca/town-hall/employment-opportunities,Privacy Policy,validation gate failed (1/2): title_source_og_title
,,https://newmarket.hua.hrsmart.com/hr/ats/JobSearch/viewAll,Cross Site Request Forgery (csrf),validation gate failed (0/2): no signals
,,https://www.mattawa.ca/en/your-government/employment-opportunities,Community Events,validation gate failed (0/2): no signals
,,https://www.mattawa.ca/en/your-government/employment-opportunities,Service,validation gate failed (1/2): keywords_near_title
,,https://www.mattawa.ca/en/your-government/employment-opportunities,Environmental Services Landfill,validation gate failed (0/2): no signals
,,https://www.mattawa.ca/en/your-government/employment-opportunities,Trails For All Seasons,validation gate failed (0/2): no signals
,,https://www.mcdougall.ca/p/employment-opportunities,Garbage Recycling,validation gate failed (1/2): keywords_near_title
,,https://www.mcdougall.ca/p/employment-opportunities,Financial,validation gate failed (1/2): keywords_near_title
,,https://www.mcdougall.ca/p/employment-opportunities,Forms Permits Applications,validation gate failed (1/2): keywords_near_title
,,https://www.mcdougall.ca/p/employment-opportunities,Council Agendas and Minutes,validation gate failed (1/2): title_source_og_title
,,https://www.mcdougall.ca/p/employment-opportunities,Local Maps,validation gate failed (1/2): title_source_og_title
,,https://www.mcdougall.ca/p/employment-opportunities,E Service Requests And Complaints,validation gate failed (0/2): no signals
,,https://www.mcdougall.ca/p/employment-opportunities,Open Air Burning,validation gate failed (1/2): keywords_near_title
,,https://www.northdundas.com/sites/1/files/2026-03/0318%20Director%20of%20Corporate%20Services_Clerk.pdf,0318 Director Of Corporate Services Clerk,non-job category context
,,https://www.northfrontenac.com/en/our-community/resources/Documents/About-KBFD/KBFD-Recruit-Information-package-2018.pdf,KBFD Recruit Information Package 2018,validation gate failed (0/2): no signals
,,https://www.lanarkcounty.ca/working/careers,Maintenance PTOC External,validation gate failed (1/2): listing_apply_pattern
,,https://www.lanarkcounty.ca/working/careers,RN Casual External 1,validation gate failed (1/2): listing_apply_pattern
,,https://www.lanarkcounty.ca/working/careers,RPN PTOC External 1,validation gate failed (1/2): listing_apply_pattern
,,https://www.lanarkcounty.ca/working/careers,SSA PTOC External 1,validation gate failed (1/2): listing_apply_pattern
,,https://www.lanarkcounty.ca/working/careers,FSA PTOC External 1,validation gate failed (1/2): listing_apply_pattern
,,https://www.lanarkcounty.ca/working/careers,COOK PTOC External 1,validation gate failed (1/2): listing_apply_pattern
,,https://www.lanarkcounty.ca/working/careers,FSA PART TIME External 1,validation gate failed (1/2): listing_apply_pattern
,,https://www.lanarkcounty.ca/working/careers,RPN PT External,validation gate failed (1/2): listing_apply_pattern
,,https://www.lanarkcounty.ca/working/careers,Privacy Policy,validation gate failed (1/2): listing_apply_pattern
,,https://www.lanarkcounty.ca/working/careers,Weusthem.com,validation gate failed (1/2): listing_apply_pattern
,,https://www.mindenhills.ca/your-municipal-government/careers,Privacy Policy,validation gate failed (1/2): listing_apply_pattern
,,https://workforcenow.adp.com/mascsr/default/mdf/recruitment/recruitment.html?cid=0939b7ee-dace-4f4a-8077-8b915b316ffc&ccId=19000101_000001&lang=en_CA&selectedMenuKey=CurrentOpenings,Wfn Req,validation gate failed (0/2): no signals
,,https://www.merrickville-wolford.ca/governance/career-opportunities,Agendas Minutes,validation gate failed (0/2): no signals
,,https://www.merrickville-wolford.ca/governance/career-opportunities,Community Calendar,validation gate failed (1/2): title_source_h2
,,https://www.merrickville-wolford.ca/governance/career-opportunities,Garbage And Recycling,validation gate failed (1/2): keywords_near_title
,,https://www.merrickville-wolford.ca/governance/career-opportunities,Privacy,validation gate failed (1/2): keywords_near_title
,,https://www.merrickville-wolford.ca/governance/career-opportunities,Terms,validation gate failed (1/2): keywords_near_title
,,https://www.northdumfries.ca/employment,Subscription Messaging,validation gate failed (1/2): listing_apply_pattern
,,https://www.colemantownship.ca/township_hall/employment_opportunities,Accessibility,validation gate failed (1/2): title_source_og_title
,,https://www.colemantownship.ca/township_hall/employment_opportunities,Bids and Tenders,validation gate failed (1/2): title_source_og_title
,,https://www.colemantownship.ca/township_hall/employment_opportunities,Budgets,validation gate failed (1/2): title_source_og_title
,,https://www.colemantownship.ca/township_hall/employment_opportunities,Property Taxes,validation gate failed (1/2): title_source_og_title
,,https://www.colemantownship.ca/township_hall/employment_opportunities,By Laws,title blocklist exact: by laws
,,https://www.colemantownship.ca/township_hall/employment_opportunities,Committees,validation gate failed (1/2): title_source_og_title
,,https://www.colemantownship.ca/township_hall/employment_opportunities,Contact Us,validation gate failed (1/2): title_source_og_title
,,https://www.colemantownship.ca/township_hall/employment_opportunities,Council,validation gate failed (1/2): title_source_og_title
,,https://www.colemantownship.ca/township_hall/employment_opportunities,Agendas and Minutes,validation gate failed (1/2): title_source_og_title
,,https://www.colemantownship.ca/township_hall/employment_opportunities,Council Declaration of Conflict of Interest,validation gate failed (1/2): title_source_og_title
,,https://www.colemantownship.ca/township_hall/employment_opportunities,Election,validation gate failed (1/2): title_source_og_title
,,https://www.colemantownship.ca/township_hall/employment_opportunities,Freedom of Information,validation gate failed (1/2): title_source_og_title
,,https://www.colemantownship.ca/township_hall/employment_opportunities,"Plans , Reports and Studies",validation gate failed (1/2): title_source_og_title
,,https://www.colemantownship.ca/township_hall/employment_opportunities,Emergency Services,validation gate failed (1/2): title_source_og_title
,,https://www.colemantownship.ca/township_hall/employment_opportunities,Fire Permits,validation gate failed (1/2): title_source_og_title
,,https://www.colemantownship.ca/township_hall/employment_opportunities,Garbage and Recycling,validation gate failed (1/2): title_source_og_title
,,https://www.colemantownship.ca/township_hall/employment_opportunities,Paul Penna Library,validation gate failed (0/2): no signals
,,https://www.colemantownship.ca/township_hall/employment_opportunities,Water and Sewer Services,validation gate failed (1/2): title_source_og_title
,,https://www.colemantownship.ca/township_hall/employment_opportunities,Preventing the Spread of Aquatic Invasive Species,validation gate failed (1/2): title_source_og_title
,,https://www.colemantownship.ca/township_hall/employment_opportunities,Northeastern Public Health,validation gate failed (1/2): title_source_og_title
,,https://www.colemantownship.ca/township_hall/employment_opportunities,Building and Renovating,validation gate failed (1/2): title_source_og_title
,,https://www.colemantownship.ca/township_hall/employment_opportunities,Business,validation gate failed (1/2): title_source_og_title
,,https://www.colemantownship.ca/township_hall/employment_opportunities,Municipal Properties for Sale,validation gate failed (1/2): title_source_og_title
,,https://www.colemantownship.ca/township_hall/employment_opportunities,A New Official Plan for Coleman Township,validation gate failed (1/2): title_source_og_title
,,https://www.colemantownship.ca/township_hall/employment_opportunities,Bass Lake Campground,validation gate failed (1/2): title_source_og_title
,,https://www.colemantownship.ca/township_hall/employment_opportunities,Facility Rental,validation gate failed (1/2): title_source_og_title
,,https://www.colemantownship.ca/township_hall/employment_opportunities,Facility Rental,validation gate failed (1/2): title_source_og_title
,,https://www.colemantownship.ca/township_hall/employment_opportunities,Heritage Silver Trail,validation gate failed (0/2): no signals
,,https://www.colemantownship.ca/township_hall/employment_opportunities,Nastawgan Trails Inc,validation gate failed (0/2): no signals
,,https://www.colemantownship.ca/township_hall/employment_opportunities,Temiskaming Nordic,validation gate failed (0/2): no signals
,,https://www.colemantownship.ca/township_hall/employment_opportunities,Tri Town Sno Travellers,validation gate failed (0/2): no signals
,,https://www.colemantownship.ca/township_hall/employment_opportunities,Upcoming Events,validation gate failed (1/2): title_source_og_title
,,https://www.kingsville.ca/local-government/work-here,Privacy Policy,non-job category context
,,https://www.kingsville.ca/local-government/work-here,Subscribe,non-job category context
,,https://www.kingsville.ca/local-government/work-here,Bids And Tenders,non-job category context
,,https://www.kingsville.ca/local-government/work-here,Entrance Encroachment Permit,non-job category context
,,https://www.kingsville.ca/local-government/work-here,Planning Application Process,non-job category context
,,https://www.kingsville.ca/local-government/work-here,Short Term Rentals,non-job category context
,,https://www.kingsville.ca/local-government/work-here,Speak At Council,non-job category context
,,https://www.kingsville.ca/local-government/work-here,Facility Rentals,non-job category context
,,https://www.kingsville.ca/local-government/work-here,Bulk Water Filling Station,non-job category context
,,https://www.kingsville.ca/local-government/work-here,Recreational Programs,non-job category context
,,https://www.kingsville.ca/local-government/work-here,Parking,non-job category context
,,https://www.kingsville.ca/local-government/work-here,Water Billing Information,non-job category context
,,https://www.kingsville.ca/local-government/work-here,Applications Licences And Permits,non-job category context
,,https://www.kingsville.ca/local-government/work-here,Tax Billing Information,non-job category context
,,https://www.kingsville.ca/local-government/work-here,By Law Enforcement,non-job category context
,,https://www.kingsville.ca/local-government/work-here,Garbage And Recycling,non-job category context
,,https://www.kingsville.ca/local-government/work-here,Request Service,non-job category context
,,https://www.kingsville.ca/local-government/work-here,Request A Flag Raising,validation gate failed (1/2): listing_apply_pattern
,,https://www.kingsville.ca/local-government/work-here,Request A Ribbon Cutting,validation gate failed (1/2): listing_apply_pattern
,,https://www.montaguetownship.ca/government/media-centre/employment-opportunities,"Council Profiles , Committees &amp ; Policies",validation gate failed (1/2): title_source_og_title
,,https://www.montaguetownship.ca/government/media-centre/employment-opportunities,Township of Montague - About,validation gate failed (1/2): title_source_og_title
,,https://www.montaguetownship.ca/government/media-centre/employment-opportunities,Garbage &amp ; Recycling,validation gate failed (1/2): title_source_og_title
,,https://www.montaguetownship.ca/government/media-centre/employment-opportunities,Public Works,validation gate failed (1/2): title_source_og_title
,,https://www.montaguetownship.ca/government/media-centre/employment-opportunities,Township of Montague - Library,validation gate failed (1/2): title_source_og_title
,,https://www.montaguetownship.ca/government/media-centre/employment-opportunities,Rosedale Hall,validation gate failed (1/2): title_source_og_title
,,https://workforcenow.adp.com/mascsr/default/mdf/recruitment/recruitment.html?cid=9f2305d4-136e-4d59-8ca5-961997f27eb5&ccId=19000101_000001&lang=en_CA&selectedMenuKey=CurrentOpenings,Wfn Req,validation gate failed (0/2): no signals
,,https://www.perth.ca/media/kblbib4b/external-job-posting-dcbo-march-2026.pdf,External Job Posting Dcbo March 2026,validation gate failed (1/2): pdf_role_title
,,https://workforcenow.adp.com/mascsr/default/mdf/recruitment/recruitment.html?cid=58364102-bf29-4c81-ba6b-3f929ecc8fb7&ccId=9201111269085_2&lang=en_CA,Wfn Req,validation gate failed (0/2): no signals
,,https://www.northstormont.ca/work-with-us,85,validation gate failed (1/2): listing_apply_pattern
,,https://www.centrehastings.com/our-municipality/careers,For Candidates,validation gate failed (1/2): keywords_near_title
,,https://www.centrehastings.com/our-municipality/careers,News And Notices,validation gate failed (1/2): keywords_near_title
,,https://www.centrehastings.com/our-municipality/careers,Transportation Department,validation gate failed (1/2): keywords_near_title
,,https://www.centrehastings.com/our-municipality/careers,Improving Pedestrian Safety On Durham Street South Working Together For A Safer Walkable Downtown,validation gate failed (0/2): no signals
,,https://www.centrehastings.com/our-municipality/careers,Madoc Water Wastewater And Stormwater Master Plan,validation gate failed (0/2): no signals
,,https://mcgarry.ca/employment-opportunities,Index,validation gate failed (1/2): keywords_near_title
,,https://mcgarry.ca/employment-opportunities,Index,validation gate failed (1/2): keywords_near_title
,,https://mcgarry.ca/employment-opportunities,Index,validation gate failed (1/2): keywords_near_title
,,https://mcgarry.ca/employment-opportunities,Index,validation gate failed (1/2): keywords_near_title
,,https://mcgarry.ca/employment-opportunities,Community Calendar,validation gate failed (1/2): title_source_og_title
,,https://mcgarry.ca/employment-opportunities,Animal Control,validation gate failed (1/2): keywords_near_title
,,https://mcgarry.ca/employment-opportunities,Index,validation gate failed (1/2): keywords_near_title
,,https://mcgarry.ca/employment-opportunities,Residents Visitorsemergency Planning,validation gate failed (1/2): keywords_near_title
,,https://mcgarry.ca/employment-opportunities,Residents Visitorsfacilities And Rentals,validation gate failed (1/2): keywords_near_title
,,https://mcgarry.ca/employment-opportunities,Fire Department,validation gate failed (1/2): keywords_near_title
,,https://mcgarry.ca/employment-opportunities,Residents Visitorsgarbage And Recycling,validation gate failed (1/2): keywords_near_title
,,https://mcgarry.ca/employment-opportunities,Residents Visitorshealth And Wellness,validation gate failed (1/2): keywords_near_title
,,https://mcgarry.ca/employment-opportunities,Residents Visitorsintegrity Commissioner,validation gate failed (1/2): keywords_near_title
,,https://mcgarry.ca/employment-opportunities,Residents Visitorslibrary,validation gate failed (1/2): keywords_near_title
,,https://mcgarry.ca/employment-opportunities,Residents Visitorsmarina,validation gate failed (1/2): keywords_near_title
,,https://mcgarry.ca/employment-opportunities,Residents Visitorswater And Sewer,validation gate failed (1/2): keywords_near_title
,,https://mcgarry.ca/employment-opportunities,Residents Visitorsreal Estate,validation gate failed (1/2): keywords_near_title
,,https://mcgarry.ca/employment-opportunities,Residents Visitorsreport An Issue,validation gate failed (1/2): keywords_near_title
,,https://mcgarry.ca/employment-opportunities,Public Notices,validation gate failed (1/2): title_source_og_title
,,https://mcgarry.ca/employment-opportunities,Road Closures,validation gate failed (1/2): title_source_og_title
,,https://mcgarry.ca/employment-opportunities,Newsletters,validation gate failed (1/2): title_source_og_title
,,https://mcgarry.ca/employment-opportunities,Index,validation gate failed (1/2): keywords_near_title
,,https://mcgarry.ca/employment-opportunities,Council,validation gate failed (0/2): no signals
,,https://mcgarry.ca/employment-opportunities,Council Members and Mayor,validation gate failed (1/2): title_source_og_title
,,https://mcgarry.ca/employment-opportunities,Council Committeesspeaking Before Council,validation gate failed (0/2): no signals
,,https://mcgarry.ca/employment-opportunities,Council Committees Regular Council Meetings Mid,validation gate failed (0/2): no signals
,,https://mcgarry.ca/employment-opportunities,Regular Council Meeting Database,validation gate failed (1/2): title_source_og_title
,,https://mcgarry.ca/employment-opportunities,Council Committees Special Council Meetings Mid,validation gate failed (0/2): no signals
,,https://mcgarry.ca/employment-opportunities,Special Committee Database,validation gate failed (1/2): title_source_og_title
,,https://mcgarry.ca/employment-opportunities,Council Committeesappeals Committee,validation gate failed (0/2): no signals
,,https://mcgarry.ca/employment-opportunities,Communication Committee,validation gate failed (1/2): title_source_og_title
,,https://mcgarry.ca/employment-opportunities,Communication Committee Meeting Database,validation gate failed (1/2): title_source_og_title
,,https://mcgarry.ca/employment-opportunities,Community Policing Committee,validation gate failed (1/2): title_source_og_title
,,https://mcgarry.ca/employment-opportunities,Community Policing Database,validation gate failed (1/2): title_source_og_title
,,https://mcgarry.ca/employment-opportunities,Council Committeesemergency Management Program Committee,validation gate failed (1/2): keywords_near_title
,,https://mcgarry.ca/employment-opportunities,Emergency Management Program Committee Database,validation gate failed (1/2): title_source_og_title
,,https://mcgarry.ca/employment-opportunities,Council Committeesproperty Standards Committee,validation gate failed (0/2): no signals
,,https://mcgarry.ca/employment-opportunities,Property Standards Committee Database,validation gate failed (1/2): title_source_og_title
,,https://mcgarry.ca/employment-opportunities,Council Committeesrecreation Committee,validation gate failed (0/2): no signals
,,https://mcgarry.ca/employment-opportunities,Recreation Committee Database,validation gate failed (1/2): title_source_og_title
,,https://mcgarry.ca/employment-opportunities,Strategic Planning Committee,validation gate failed (1/2): title_source_og_title
,,https://mcgarry.ca/employment-opportunities,Strategic Planning Database,validation gate failed (1/2): title_source_og_title
,,https://mcgarry.ca/employment-opportunities,Tourist Committee,validation gate failed (1/2): title_source_og_title
,,https://mcgarry.ca/employment-opportunities,Tourist Committee Database,validation gate failed (1/2): title_source_og_title
,,https://mcgarry.ca/employment-opportunities,Contact Us,validation gate failed (1/2): title_source_og_title
,,https://mcgarry.ca/employment-opportunities,Defaultmonth,validation gate failed (0/2): no signals
,,https://mcgarry.ca/employment-opportunities,Accessibility,validation gate failed (1/2): title_source_og_title
,,https://mcgarry.ca/employment-opportunities,Asset Management,validation gate failed (1/2): title_source_og_title
,,https://mcgarry.ca/employment-opportunities,Council,validation gate failed (1/2): title_source_og_title
,,https://mcgarry.ca/employment-opportunities,Index,validation gate failed (1/2): keywords_near_title
,,https://mcgarry.ca/employment-opportunities,Freedom of Information,validation gate failed (1/2): title_source_og_title
,,https://mcgarry.ca/employment-opportunities,Budget and Finances,validation gate failed (1/2): title_source_og_title
,,https://mcgarry.ca/employment-opportunities,Property Assessment,validation gate failed (1/2): title_source_og_title
,,https://mcgarry.ca/employment-opportunities,Property Assessment,validation gate failed (1/2): title_source_og_title
,,https://mcgarry.ca/employment-opportunities,Tax Rates,validation gate failed (1/2): title_source_og_title
,,https://mcgarry.ca/employment-opportunities,Log in or register as a new user,validation gate failed (1/2): title_source_h2
,,https://mcgarry.ca/employment-opportunities,Minor Variances,validation gate failed (1/2): title_source_og_title
,,https://mcgarry.ca/employment-opportunities,Zoning,validation gate failed (1/2): title_source_og_title
,,https://mcgarry.ca/employment-opportunities,Laws and Policies,validation gate failed (1/2): title_source_og_title
,,https://mcgarry.ca/employment-opportunities,"Permits , Forms and Licences",validation gate failed (1/2): title_source_og_title
,,https://mcgarry.ca/employment-opportunities,"Plans , Reports and Studies",validation gate failed (1/2): title_source_og_title
,,https://mcgarry.ca/employment-opportunities,Contact Us,validation gate failed (1/2): title_source_og_title
,,https://mcgarry.ca/employment-opportunities,Emergency Contact,validation gate failed (1/2): title_source_og_title
,,https://mcgarry.ca/employment-opportunities,Freedom Information And Protection Privacy Manual,validation gate failed (1/2): keywords_near_title
,,http://www.niagararegion.ca/government/hr/careers/jobs.aspx,"Garbage , Recycling and Organics",validation gate failed (1/2): title_source_h1
,,http://www.niagararegion.ca/government/hr/careers/jobs.aspx,Public Health,validation gate failed (1/2): title_source_h1
,,http://www.niagararegion.ca/government/hr/careers/jobs.aspx,Bid Opportunities,validation gate failed (1/2): title_source_h1
,,http://www.niagararegion.ca/government/hr/careers/jobs.aspx,Search niagararegion.ca,validation gate failed (1/2): title_source_h1
,,http://www.niagararegion.ca/government/hr/careers/jobs.aspx,Doing Business with Niagara Region,validation gate failed (1/2): title_source_h1
,,http://www.niagararegion.ca/government/hr/careers/jobs.aspx,"Garbage , Recycling and Organics",validation gate failed (1/2): title_source_h1
,,http://www.niagararegion.ca/government/hr/careers/jobs.aspx,Public Health,validation gate failed (1/2): title_source_h1
,,http://www.niagararegion.ca/government/hr/careers/jobs.aspx,Default,validation gate failed (1/2): keywords_near_title
,,http://www.niagararegion.ca/government/hr/careers/jobs.aspx,Provincial Offences Court,validation gate failed (1/2): title_source_h1
,,http://www.niagararegion.ca/government/hr/careers/jobs.aspx,Seniors Services,validation gate failed (1/2): title_source_h1
,,http://www.niagararegion.ca/government/hr/careers/jobs.aspx,"Transit , Roads , Maps and Trails",validation gate failed (1/2): title_source_h1
,,http://www.niagararegion.ca/government/hr/careers/jobs.aspx,Water and Wastewater,validation gate failed (1/2): title_source_h1
,,https://www.champlain.ca/en/township-services/careers-and-volunteering.aspx,Indoor Facilities,validation gate failed (1/2): listing_apply_pattern
,,https://www.champlain.ca/en/township-services/careers-and-volunteering.aspx,Garbage And Recycling,validation gate failed (1/2): listing_apply_pattern
,,https://www.champlain.ca/en/township-services/careers-and-volunteering.aspx,Water Sewer And Municipal Drain,validation gate failed (1/2): listing_apply_pattern
,,https://www.champlain.ca/en/township-services/careers-and-volunteering.aspx,Service,validation gate failed (1/2): listing_apply_pattern
,,https://www.champlain.ca/en/township-services/careers-and-volunteering.aspx,Emergency Services,validation gate failed (1/2): listing_apply_pattern
,,https://www.champlain.ca/en/township-services/careers-and-volunteering.aspx,Garbage And Recycling,validation gate failed (1/2): listing_apply_pattern
,,https://www.champlain.ca/en/township-services/careers-and-volunteering.aspx,Administrative Monetary Penalty System Amps,validation gate failed (1/2): listing_apply_pattern
,,https://www.champlain.ca/en/township-services/careers-and-volunteering.aspx,Health Care,validation gate failed (1/2): listing_apply_pattern
,,https://www.champlain.ca/en/township-services/careers-and-volunteering.aspx,Resident Services,validation gate failed (1/2): listing_apply_pattern
,,https://www.champlain.ca/en/township-services/careers-and-volunteering.aspx,Indoor Facilities,validation gate failed (1/2): listing_apply_pattern
,,https://www.champlain.ca/en/township-services/careers-and-volunteering.aspx,Library,validation gate failed (1/2): listing_apply_pattern
,,https://www.champlain.ca/en/township-services/careers-and-volunteering.aspx,Parks And Recreation,validation gate failed (1/2): listing_apply_pattern
,,https://www.champlain.ca/en/township-services/careers-and-volunteering.aspx,Parks And Recreation Master Plan,validation gate failed (1/2): listing_apply_pattern
,,https://www.champlain.ca/en/township-services/careers-and-volunteering.aspx,Participaction,validation gate failed (1/2): listing_apply_pattern
,,https://www.champlain.ca/en/township-services/careers-and-volunteering.aspx,Business And Merchant Association,validation gate failed (1/2): listing_apply_pattern
,,https://www.champlain.ca/en/township-services/careers-and-volunteering.aspx,Visual Identity,validation gate failed (1/2): listing_apply_pattern
,,https://www.champlain.ca/en/township-services/careers-and-volunteering.aspx,Month,validation gate failed (1/2): listing_apply_pattern
,,https://www.frontenacislands.ca/en/municipal-government/careers.aspx,Building And Renovating,validation gate failed (1/2): keywords_near_title
,,https://www.frontenacislands.ca/en/municipal-government/careers.aspx,By Laws,title blocklist exact: by laws
,,https://www.frontenacislands.ca/en/municipal-government/careers.aspx,Churches,validation gate failed (0/2): no signals
,,https://www.frontenacislands.ca/en/municipal-government/careers.aspx,EngageFrontenac.ca,validation gate failed (1/2): title_source_og_title
,,https://www.frontenacislands.ca/en/municipal-government/careers.aspx,Ferries,validation gate failed (1/2): keywords_near_title
,,https://www.frontenacislands.ca/en/municipal-government/careers.aspx,Fire and Emergency Services,validation gate failed (1/2): title_source_og_title
,,https://www.frontenacislands.ca/en/municipal-government/careers.aspx,Garbage And Recycling,validation gate failed (0/2): no signals
,,https://www.frontenacislands.ca/en/municipal-government/careers.aspx,Maps,validation gate failed (0/2): no signals
,,https://www.frontenacislands.ca/en/municipal-government/careers.aspx,Medical And Healthcare Services,validation gate failed (0/2): no signals
,,https://www.frontenacislands.ca/en/municipal-government/careers.aspx,Post Office,validation gate failed (0/2): no signals
,,https://www.frontenacislands.ca/en/municipal-government/careers.aspx,Property Taxes,validation gate failed (0/2): no signals
,,https://www.frontenacislands.ca/en/municipal-government/careers.aspx,Roads And Public Works,validation gate failed (1/2): keywords_near_title
,,https://www.frontenacislands.ca/en/municipal-government/careers.aspx,Schools,validation gate failed (0/2): no signals
,,https://www.frontenacislands.ca/en/municipal-government/careers.aspx,Service Directory,validation gate failed (1/2): role_like_title
,,https://www.frontenacislands.ca/en/municipal-government/careers.aspx,Cycling Map,validation gate failed (0/2): no signals
,,https://www.frontenacislands.ca/en/municipal-government/careers.aspx,Service Directory,validation gate failed (1/2): role_like_title
,,https://www.frontenacislands.ca/en/municipal-government/careers.aspx,Wolfe Island Community Centre,validation gate failed (0/2): no signals
,,https://www.frontenacislands.ca/en/municipal-government/careers.aspx,Building Fees 2025,validation gate failed (0/2): no signals
,,https://www.frontenacislands.ca/en/municipal-government/careers.aspx,Building Renovating,validation gate failed (1/2): keywords_near_title
,,https://www.frontenacislands.ca/en/municipal-government/careers.aspx,Planning And Development,validation gate failed (1/2): keywords_near_title
,,https://www.frontenacislands.ca/en/municipal-government/careers.aspx,Accessibility,validation gate failed (1/2): title_source_og_title
,,https://www.frontenacislands.ca/en/municipal-government/careers.aspx,Agendas and Minutes,validation gate failed (1/2): title_source_og_title
,,https://www.frontenacislands.ca/en/municipal-government/careers.aspx,Bids and Procurements,validation gate failed (1/2): title_source_og_title
,,https://www.frontenacislands.ca/en/municipal-government/careers.aspx,Budget and Finance,validation gate failed (1/2): title_source_og_title
,,https://www.frontenacislands.ca/en/municipal-government/careers.aspx,By Laws,title blocklist exact: by laws
,,https://www.frontenacislands.ca/en/municipal-government/careers.aspx,Search,validation gate failed (1/2): keywords_near_title
,,https://www.frontenacislands.ca/en/municipal-government/careers.aspx,Council and Administration,validation gate failed (1/2): title_source_og_title
,,https://www.frontenacislands.ca/en/municipal-government/careers.aspx,Elections,validation gate failed (1/2): keywords_near_title
,,https://www.frontenacislands.ca/en/municipal-government/careers.aspx,Freedom of Information,validation gate failed (1/2): title_source_og_title
,,https://www.frontenacislands.ca/en/municipal-government/careers.aspx,Frequently Asked Questions,validation gate failed (0/2): no signals
,,https://www.frontenacislands.ca/en/municipal-government/careers.aspx,General Fees and Charges,validation gate failed (1/2): title_source_og_title
,,https://www.frontenacislands.ca/en/municipal-government/careers.aspx,Hours of Operation,validation gate failed (1/2): title_source_og_title
,,https://www.frontenacislands.ca/en/municipal-government/careers.aspx,Livestock Claims,validation gate failed (1/2): title_source_og_title
,,https://www.frontenacislands.ca/en/municipal-government/careers.aspx,Search,validation gate failed (1/2): title_source_h2
,,https://www.frontenacislands.ca/en/municipal-government/careers.aspx,"Reports , Studies and Plans",validation gate failed (1/2): title_source_og_title
,,https://www.frontenacislands.ca/en/municipal-government/careers.aspx,Accessibility,validation gate failed (1/2): title_source_og_title
,,https://www.frontenacislands.ca/en/municipal-government/careers.aspx,Privacy,validation gate failed (0/2): no signals
,,https://www.frontenacislands.ca/en/municipal-government/careers.aspx,Freedom of Information,validation gate failed (1/2): title_source_og_title
,,https://www.frontenacislands.ca/en/municipal-government/careers.aspx,Sitemap,validation gate failed (1/2): title_source_h1
,,https://www.frontenacislands.ca/en/municipal-government/careers.aspx,Contact,validation gate failed (1/2): keywords_near_title
,,https://www.nipigon.net/invest-grow/business-development/employment-opportunities,Index,validation gate failed (0/2): no signals
,,https://www.nipigon.net/invest-grow/business-development/employment-opportunities,3219,validation gate failed (0/2): no signals
,,https://www.nipigon.net/invest-grow/business-development/employment-opportunities,Meeting Schedule,validation gate failed (1/2): title_source_og_title
,,https://www.nipigon.net/invest-grow/business-development/employment-opportunities,251327611787057,validation gate failed (1/2): keywords_near_title
,,https://www.nipigon.net/invest-grow/business-development/employment-opportunities,Be Bear Wise and prevent bear encounters,validation gate failed (1/2): title_source_og_title
,,https://www.nawash.ca/employment,Casual Employment Request Form,validation gate failed (1/2): title_source_og_title
,,https://mulmur.ca/work/employment,Animal Services,validation gate failed (0/2): no signals
,,https://mulmur.ca/work/employment,Better Homes In Dufferin,validation gate failed (0/2): no signals
,,https://mulmur.ca/work/employment,Cemeteries,validation gate failed (0/2): no signals
,,https://mulmur.ca/work/employment,Common Questions,validation gate failed (1/2): keywords_near_title
,,https://mulmur.ca/work/employment,Community Safety And Well Being,validation gate failed (0/2): no signals
,,https://mulmur.ca/work/employment,Fire,validation gate failed (1/2): keywords_near_title
,,https://mulmur.ca/work/employment,Emergency Preparedness,validation gate failed (0/2): no signals
,,https://mulmur.ca/work/employment,Fireworks,validation gate failed (0/2): no signals
,,https://mulmur.ca/work/employment,News,title blocklist exact: news
,,https://mulmur.ca/work/employment,Livestock Valuers Fence Viewers,validation gate failed (1/2): keywords_near_title
,,https://mulmur.ca/work/employment,Mansfield Water,validation gate failed (0/2): no signals
,,https://mulmur.ca/work/employment,Property Taxes,validation gate failed (1/2): keywords_near_title
,,https://mulmur.ca/work/employment,Seniors Services,validation gate failed (0/2): no signals
,,https://mulmur.ca/work/employment,Tree Program,validation gate failed (0/2): no signals
,,https://mulmur.ca/work/employment,User Fees And Charges,validation gate failed (0/2): no signals
,,https://mulmur.ca/work/employment,Waste Management,validation gate failed (0/2): no signals
,,https://mulmur.ca/work/employment,Wildlife,validation gate failed (0/2): no signals
,,https://mulmur.ca/work/employment,Recreation,validation gate failed (1/2): title_source_h1
,,https://mulmur.ca/work/employment,Honeywood Arena,validation gate failed (0/2): no signals
,,https://mulmur.ca/work/employment,Mansfield Outdoor Centre,validation gate failed (0/2): no signals
,,https://mulmur.ca/work/employment,Recreation,validation gate failed (1/2): title_source_h1
,,https://mulmur.ca/work/employment,Pickleball,validation gate failed (0/2): no signals
,,https://mulmur.ca/work/employment,Recreation,validation gate failed (1/2): title_source_h1
,,https://mulmur.ca/work/employment,Recreation,validation gate failed (1/2): title_source_h1
,,https://mulmur.ca/work/employment,Arts And Culture,validation gate failed (0/2): no signals
,,https://mulmur.ca/work/employment,Events,title blocklist exact: events
,,https://mulmur.ca/work/employment,Heritage,validation gate failed (0/2): no signals
,,https://mulmur.ca/work/employment,Library Locations,validation gate failed (0/2): no signals
,,https://mulmur.ca/work/employment,Maps,validation gate failed (0/2): no signals
,,https://mulmur.ca/work/employment,Mulmur 175,validation gate failed (0/2): no signals
,,https://mulmur.ca/work/employment,Fore Honeywood,validation gate failed (0/2): no signals
,,https://mulmur.ca/work/employment,Jim Cuddy Jamboree 2026,validation gate failed (0/2): no signals
,,https://mulmur.ca/work/employment,Current Proposals,validation gate failed (0/2): no signals
,,https://mulmur.ca/work/employment,Development Charges,validation gate failed (1/2): keywords_near_title
,,https://mulmur.ca/work/employment,Official Plan,validation gate failed (0/2): no signals
,,https://mulmur.ca/work/employment,Niagara Escarpment Plan Area,validation gate failed (0/2): no signals
,,https://mulmur.ca/work/employment,Nottawasaga Valley Conservation Authority,validation gate failed (0/2): no signals
,,https://mulmur.ca/work/employment,Planning,validation gate failed (0/2): no signals
,,https://mulmur.ca/work/employment,Site Plan Control,validation gate failed (0/2): no signals
,,https://mulmur.ca/work/employment,Zoning By Law,validation gate failed (1/2): keywords_near_title
,,https://mulmur.ca/work/employment,Work,validation gate failed (1/2): title_source_h1
,,https://mulmur.ca/work/employment,Work,validation gate failed (1/2): title_source_h1
,,https://mulmur.ca/work/employment,Work,validation gate failed (1/2): title_source_h1
,,https://mulmur.ca/work/employment,Work,validation gate failed (1/2): title_source_h1
,,https://mulmur.ca/work/employment,Work,validation gate failed (1/2): title_source_h1
,,https://mulmur.ca/work/employment,Work,validation gate failed (1/2): title_source_h1
,,https://mulmur.ca/work/employment,Accessibility,validation gate failed (0/2): no signals
,,https://mulmur.ca/work/employment,Agendas Minutes,validation gate failed (0/2): no signals
,,https://mulmur.ca/work/employment,Asset Management Plan,validation gate failed (1/2): keywords_near_title
,,https://mulmur.ca/work/employment,Attending Council,validation gate failed (0/2): no signals
,,https://mulmur.ca/work/employment,Budget,validation gate failed (0/2): no signals
,,https://mulmur.ca/work/employment,Civic Recognition,validation gate failed (0/2): no signals
,,https://mulmur.ca/work/employment,Bylaws,title blocklist exact: bylaws
,,https://mulmur.ca/work/employment,Community Grants,validation gate failed (0/2): no signals
,,https://mulmur.ca/work/employment,Contacts,validation gate failed (0/2): no signals
,,https://mulmur.ca/work/employment,Council Remuneration,validation gate failed (0/2): no signals
,,https://mulmur.ca/work/employment,Financial Statements,validation gate failed (1/2): keywords_near_title
,,https://mulmur.ca/work/employment,Integrity Commissioner,validation gate failed (0/2): no signals
,,https://mulmur.ca/work/employment,Report A Problem,validation gate failed (0/2): no signals
,,https://mulmur.ca/work/employment,Town Hall,validation gate failed (1/2): title_source_h1
,,https://mulmur.ca/work/employment,Work,validation gate failed (1/2): title_source_h1
,,https://mulmur.ca/work/employment,Work,validation gate failed (1/2): title_source_h1
,,https://mulmur.ca/work/employment,Work,validation gate failed (1/2): title_source_h1
,,https://mulmur.ca/work/employment,Work,validation gate failed (1/2): title_source_h1
,,https://mulmur.ca/work/employment,Work,validation gate failed (1/2): title_source_h1
,,https://mulmur.ca/work/employment,Work,validation gate failed (1/2): title_source_h1
,,https://mulmur.ca/work/employment,Work,validation gate failed (1/2): title_source_h1
,,https://mulmur.ca/work/employment,Work,validation gate failed (1/2): title_source_h1
,,https://mulmur.ca/work/employment,Work,validation gate failed (1/2): title_source_h1
,,https://mulmur.ca/work/employment,Work,validation gate failed (1/2): title_source_h1
,,https://mulmur.ca/work/employment,Work,validation gate failed (1/2): title_source_h1
,,https://mulmur.ca/work/employment,Work,validation gate failed (1/2): title_source_h1
,,https://mulmur.ca/work/employment,Build,validation gate failed (0/2): no signals
,,https://mulmur.ca/work/employment,Discover,validation gate failed (0/2): no signals
,,https://mulmur.ca/work/employment,Index,validation gate failed (0/2): no signals
,,https://mulmur.ca/work/employment,Live,validation gate failed (0/2): no signals
,,https://mulmur.ca/work/employment,Privacy Policy,validation gate failed (0/2): no signals
,,https://mulmur.ca/work/employment,Town Hall,validation gate failed (0/2): no signals
,,https://mulmur.ca/work/employment,Home,validation gate failed (0/2): no signals
,,https://www.rideaulakes.ca/town-hall/services/employment-opportunities,4ef 55d 9a 0ce 84833bd 698f 5c 3226dd 42,validation gate failed (1/2): listing_apply_pattern
,,https://www.bracebridge.ca/town-services/employment-and-volunteer-opportunities,Accessibility,validation gate failed (1/2): keywords_near_title
,,https://www.bracebridge.ca/town-services/employment-and-volunteer-opportunities,Animal Services,validation gate failed (1/2): keywords_near_title
,,https://www.bracebridge.ca/town-services/employment-and-volunteer-opportunities,Applications Licences And Permits,validation gate failed (1/2): keywords_near_title
,,https://www.bracebridge.ca/town-services/employment-and-volunteer-opportunities,Bracebridge Transit,validation gate failed (0/2): no signals
,,https://www.bracebridge.ca/town-services/employment-and-volunteer-opportunities,Cemeteries,validation gate failed (1/2): keywords_near_title
,,https://www.bracebridge.ca/town-services/employment-and-volunteer-opportunities,Community Recognition,validation gate failed (0/2): no signals
,,https://www.bracebridge.ca/town-services/employment-and-volunteer-opportunities,Community Resources,validation gate failed (1/2): keywords_near_title
,,https://www.bracebridge.ca/town-services/employment-and-volunteer-opportunities,Downtown Master Plan,validation gate failed (0/2): no signals
,,https://www.bracebridge.ca/town-services/employment-and-volunteer-opportunities,Environment Trees And Yards,validation gate failed (1/2): keywords_near_title
,,https://www.bracebridge.ca/town-services/employment-and-volunteer-opportunities,Garbage And Recycling,validation gate failed (0/2): no signals
,,https://www.bracebridge.ca/town-services/employment-and-volunteer-opportunities,Getting Around,validation gate failed (1/2): keywords_near_title
,,https://www.bracebridge.ca/town-services/employment-and-volunteer-opportunities,Parks And Facilities,validation gate failed (0/2): no signals
,,https://www.bracebridge.ca/town-services/employment-and-volunteer-opportunities,Property Taxes,validation gate failed (1/2): keywords_near_title
,,https://www.bracebridge.ca/town-services/employment-and-volunteer-opportunities,Rzone,validation gate failed (1/2): keywords_near_title
,,https://www.bracebridge.ca/town-services/employment-and-volunteer-opportunities,Adult And Older Adult Programs,validation gate failed (0/2): no signals
,,https://www.bracebridge.ca/town-services/employment-and-volunteer-opportunities,Best Seat in the House,validation gate failed (1/2): title_source_og_title
,,https://www.bracebridge.ca/town-services/employment-and-volunteer-opportunities,Camp,validation gate failed (0/2): no signals
,,https://www.bracebridge.ca/town-services/employment-and-volunteer-opportunities,Children And Youth,validation gate failed (0/2): no signals
,,https://www.bracebridge.ca/town-services/employment-and-volunteer-opportunities,Fees Memberships And Passes,validation gate failed (1/2): keywords_near_title
,,https://www.bracebridge.ca/town-services/employment-and-volunteer-opportunities,Land and Aqua Fitness,validation gate failed (1/2): title_source_og_title
,,https://www.bracebridge.ca/town-services/employment-and-volunteer-opportunities,Outdoor Activity,validation gate failed (1/2): title_source_og_title
,,https://www.bracebridge.ca/town-services/employment-and-volunteer-opportunities,Programs Schedules And Registration,validation gate failed (1/2): keywords_near_title
,,https://www.bracebridge.ca/town-services/employment-and-volunteer-opportunities,Recreation Facilities And Rentals,validation gate failed (0/2): no signals
,,https://www.bracebridge.ca/town-services/employment-and-volunteer-opportunities,Community History,validation gate failed (0/2): no signals
,,https://www.bracebridge.ca/town-services/employment-and-volunteer-opportunities,Festivals And Events,validation gate failed (0/2): no signals
,,https://www.bracebridge.ca/town-services/employment-and-volunteer-opportunities,Getting Around,validation gate failed (1/2): keywords_near_title
,,https://www.bracebridge.ca/town-services/employment-and-volunteer-opportunities,Shop The Bridge,validation gate failed (0/2): no signals
,,https://www.bracebridge.ca/town-services/employment-and-volunteer-opportunities,Public Art,validation gate failed (0/2): no signals
,,https://www.bracebridge.ca/town-services/employment-and-volunteer-opportunities,Visitor Information Centre,validation gate failed (1/2): title_source_og_title
,,https://www.bracebridge.ca/town-services/employment-and-volunteer-opportunities,Woodchester | Town of Bracebridge,validation gate failed (1/2): title_source_og_title
,,https://www.bracebridge.ca/town-services/employment-and-volunteer-opportunities,Available Sites and Buildings,validation gate failed (1/2): title_source_og_title
,,https://www.bracebridge.ca/town-services/employment-and-volunteer-opportunities,Business Resources,validation gate failed (1/2): keywords_near_title
,,https://www.bracebridge.ca/town-services/employment-and-volunteer-opportunities,Community Profile,validation gate failed (1/2): title_source_og_title
,,https://www.bracebridge.ca/town-services/employment-and-volunteer-opportunities,Financial Incentives,validation gate failed (1/2): keywords_near_title
,,https://www.bracebridge.ca/town-services/employment-and-volunteer-opportunities,Muskoka Job Board,validation gate failed (1/2): url_hint
,,https://www.bracebridge.ca/town-services/employment-and-volunteer-opportunities,Council,validation gate failed (0/2): no signals
,,https://www.bracebridge.ca/town-services/employment-and-volunteer-opportunities,Building Services,validation gate failed (0/2): no signals
,,https://www.bracebridge.ca/town-services/employment-and-volunteer-opportunities,Municipal Accommodation Tax,validation gate failed (1/2): keywords_near_title
,,https://www.bracebridge.ca/town-services/employment-and-volunteer-opportunities,Planning Services,validation gate failed (0/2): no signals
,,https://www.bracebridge.ca/town-services/employment-and-volunteer-opportunities,Plans Reports And Publications,validation gate failed (1/2): keywords_near_title
,,https://www.bracebridge.ca/town-services/employment-and-volunteer-opportunities,Short Term Rental Accommodations Stra,validation gate failed (1/2): keywords_near_title
,,https://www.bracebridge.ca/town-services/employment-and-volunteer-opportunities,Subscribe | Town of Bracebridge,validation gate failed (1/2): title_source_og_title
,,https://www.bracebridge.ca/town-services/employment-and-volunteer-opportunities,29135,validation gate failed (0/2): no signals
,,https://www.sdgcounties.ca/work-with-us,Transportation,non-job category context
,,https://www.sdgcounties.ca/work-with-us,Court Services,non-job category context
,,https://www.sdgcounties.ca/work-with-us,23,validation gate failed (0/2): no signals
,,https://www.sdgcounties.ca/work-with-us,Our Council & Committees,validation gate failed (1/2): title_source_h1
,,https://www.picriver.com/,Biigtigong Nishnaabeg,validation gate failed (1/2): title_source_og_title
,,https://www.picriver.com/,Consultations,non-job category context
,,https://www.picriver.com/,Departments,non-job category context
,,https://www.picriver.com/,Biigtigong Nishnaabeg,validation gate failed (1/2): title_source_og_title
,,https://www.picriver.com/,Biigtigong Nishnaabeg Statement On Appeal Of Annuities Decision,non-job category context
,,https://www.picriver.com/,Press Release Landore Resources Reconciliation In Action With Local First Nation,non-job category context
,,https://www.picriver.com/,Memo Justice Hennessy Rst Annuities Decision,non-job category context
,,https://www.picriver.com/,Whats New,non-job category context
,,https://www.picriver.com/,Calendar,non-job category context
,,https://www.picriver.com/,Register,non-job category context
,,https://www.strongtownship.com/media/0ftk3leu/2026-census-jobs.pdf,2026 Census Jobs,validation gate failed (1/2): pdf_role_title
,,https://www.jobillico.com/en/employers/prescott-russell.mVraTu/view-all-jobs,The most extensive job network,validation gate failed (1/2): title_source_og_title
,,https://www.jobillico.com/en/employers/prescott-russell.mVraTu/view-all-jobs,En,validation gate failed (0/2): no signals
,,https://www.jobillico.com/en/employers/prescott-russell.mVraTu/view-all-jobs,Search by province,validation gate failed (1/2): title_source_h1
,,https://www.jobillico.com/en/employers/prescott-russell.mVraTu/view-all-jobs,Search by profession,validation gate failed (1/2): title_source_h1
,,https://www.jobillico.com/en/employers/prescott-russell.mVraTu/view-all-jobs,Search by industry,validation gate failed (1/2): title_source_h1
,,https://www.jobillico.com/en/employers/prescott-russell.mVraTu/view-all-jobs,Sign in at Jobillico,validation gate failed (1/2): title_source_h1
,,https://www.jobillico.com/en/employers/prescott-russell.mVraTu/view-all-jobs,Google Maps,validation gate failed (1/2): title_source_og_title
,,https://www.jobillico.com/en/employers/prescott-russell.mVraTu/view-all-jobs,Sign in at Jobillico,validation gate failed (1/2): title_source_h1
,,https://www.jobillico.com/en/employers/prescott-russell.mVraTu/view-all-jobs,Cookies and Tracking Technologies,validation gate failed (1/2): title_source_h1
,,https://www.jobillico.com/en/employers/prescott-russell.mVraTu/view-all-jobs,Forgot your password?,validation gate failed (1/2): title_source_h1
,,https://www.jobillico.com/en/employers/prescott-russell.mVraTu/view-all-jobs,Companies in Canada,validation gate failed (1/2): title_source_h1
,,https://www.jobillico.com/en/employers/prescott-russell.mVraTu/view-all-jobs,Partners,validation gate failed (1/2): title_source_h1
,,https://www.oilsprings.ca/municipal-office/employment-opportunities,The Village of Oil Springs,validation gate failed (1/2): title_source_og_title
,,https://www.oilsprings.ca/municipal-office/employment-opportunities,The Village of Oil Springs,validation gate failed (1/2): title_source_og_title
,,https://www.oilsprings.ca/municipal-office/employment-opportunities,The Village of Oil Springs,validation gate failed (1/2): title_source_og_title
,,https://www.oilsprings.ca/municipal-office/employment-opportunities,Oil Springs Cemetery Committee,validation gate failed (1/2): title_source_og_title
,,https://www.oilsprings.ca/municipal-office/employment-opportunities,Parks and Recreation Committee,validation gate failed (1/2): title_source_og_title
,,https://www.oilsprings.ca/municipal-office/employment-opportunities,The Village of Oil Springs,validation gate failed (1/2): title_source_og_title
,,https://www.oilsprings.ca/municipal-office/employment-opportunities,The Village of Oil Springs,validation gate failed (1/2): title_source_og_title
,,https://www.oilsprings.ca/municipal-office/employment-opportunities,The Village of Oil Springs,validation gate failed (1/2): title_source_og_title
,,https://www.oilsprings.ca/municipal-office/employment-opportunities,The Village of Oil Springs,validation gate failed (1/2): title_source_og_title
,,https://www.oilsprings.ca/municipal-office/employment-opportunities,Energy Consumption and Greenhouse Gas Emissions (BPS Reporting),validation gate failed (1/2): title_source_og_title
,,https://www.oilsprings.ca/municipal-office/employment-opportunities,The Village of Oil Springs,validation gate failed (1/2): title_source_og_title
,,https://www.oilsprings.ca/municipal-office/employment-opportunities,The Village of Oil Springs,validation gate failed (1/2): title_source_og_title
,,https://www.oilsprings.ca/municipal-office/employment-opportunities,The Village of Oil Springs,validation gate failed (1/2): title_source_og_title
,,https://www.oilsprings.ca/municipal-office/employment-opportunities,Water Sewer,validation gate failed (0/2): no signals
,,https://www.oilsprings.ca/municipal-office/employment-opportunities,The Village of Oil Springs,validation gate failed (1/2): title_source_og_title
,,https://www.oilsprings.ca/municipal-office/employment-opportunities,The Village of Oil Springs,validation gate failed (1/2): title_source_og_title
,,https://www.oilsprings.ca/municipal-office/employment-opportunities,The Village of Oil Springs,validation gate failed (1/2): title_source_og_title
,,https://www.oilsprings.ca/municipal-office/employment-opportunities,The Village of Oil Springs,validation gate failed (1/2): title_source_og_title
,,https://www.oilsprings.ca/municipal-office/employment-opportunities,Integrity Commissioner,validation gate failed (0/2): no signals
,,https://www.oilsprings.ca/municipal-office/employment-opportunities,The Village of Oil Springs,validation gate failed (1/2): title_source_og_title
,,https://www.oilsprings.ca/municipal-office/employment-opportunities,The Village of Oil Springs,validation gate failed (1/2): title_source_og_title
,,https://www.oilsprings.ca/municipal-office/employment-opportunities,The Village of Oil Springs,validation gate failed (1/2): title_source_og_title
,,https://www.oilsprings.ca/municipal-office/employment-opportunities,Contact Us,validation gate failed (0/2): no signals
,,https://www.lakeofbays.on.ca/municipal-services/employment,98188,validation gate failed (1/2): listing_apply_pattern
,,https://www.lakeofbays.on.ca/municipal-services/employment,110577,validation gate failed (1/2): listing_apply_pattern
,,https://www.lakeofbays.on.ca/municipal-services/employment,Month,validation gate failed (1/2): listing_apply_pattern
,,https://www.lakeofbays.on.ca/municipal-services/employment,Heritage Register,validation gate failed (1/2): listing_apply_pattern
,,https://www.lakeofbays.on.ca/municipal-services/employment,Mayor,validation gate failed (1/2): listing_apply_pattern
,,https://www.lakeofbays.on.ca/municipal-services/employment,District Councillor Franklinsinclair Ward,validation gate failed (1/2): listing_apply_pattern
,,https://www.lakeofbays.on.ca/municipal-services/employment,District Councillor Rideoutmclean Ward,validation gate failed (1/2): listing_apply_pattern
,,https://www.lakeofbays.on.ca/municipal-services/employment,Councillor Franklin Ward,validation gate failed (1/2): listing_apply_pattern
,,https://www.lakeofbays.on.ca/municipal-services/employment,Councillor Sinclairfinlayson Ward,validation gate failed (1/2): listing_apply_pattern
,,https://www.lakeofbays.on.ca/municipal-services/employment,Councillor Ridout Ward,validation gate failed (1/2): listing_apply_pattern
,,https://www.lakeofbays.on.ca/municipal-services/employment,Councillor Mclean Ward,validation gate failed (1/2): listing_apply_pattern
,,https://www.lakeofbays.on.ca/municipal-services/employment,En,validation gate failed (1/2): listing_apply_pattern
,,https://www.lakeofbays.on.ca/municipal-services/employment,LED Community Sign Message Request Form,validation gate failed (1/2): listing_apply_pattern
,,https://www.lakeofbays.on.ca/municipal-services/employment,Administrative Monetary Penalty System Amps,validation gate failed (1/2): listing_apply_pattern
,,https://www.lakeofbays.on.ca/municipal-services/employment,Council,validation gate failed (1/2): listing_apply_pattern
,,https://www.lakeofbays.on.ca/municipal-services/employment,Report IT,validation gate failed (1/2): listing_apply_pattern
,,https://www.lakeofbays.on.ca/municipal-services/employment,Type,validation gate failed (1/2): listing_apply_pattern
,,https://recruiting.ultipro.ca/COR5005CTOS/JobBoard/0978b5bd-56c3-4da2-b794-f846e3f339a3,Register,validation gate failed (1/2): url_hint
,,https://www.temiskamingshores.ca/media/sq1liz4c/recruitment_selection_and_hiring_policy.pdf,Recruitment Selection And Hiring Policy,validation gate failed (1/2): url_hint
,,https://www.oxfordcounty.ca/careers,Contact Us,validation gate failed (1/2): listing_apply_pattern
,,https://www.oxfordcounty.ca/careers,Report Waste Management Service Issues,validation gate failed (1/2): listing_apply_pattern
,,https://www.oxfordcounty.ca/careers,Report Potholes To Help Keep Oxford County Roads Safe,validation gate failed (1/2): listing_apply_pattern
,,https://www.oxfordcounty.ca/careers,Water Wastewater,validation gate failed (1/2): listing_apply_pattern
,,https://www.oxfordcounty.ca/careers,Customer Feedback,validation gate failed (1/2): listing_apply_pattern
,,https://www.oxfordcounty.ca/careers,Child Care Fee Subsidy,validation gate failed (1/2): listing_apply_pattern
,,https://www.oxfordcounty.ca/careers,Bids And Tenders,validation gate failed (1/2): listing_apply_pattern
,,https://www.oxfordcounty.ca/careers,Garbage Program,validation gate failed (1/2): listing_apply_pattern
,,https://www.oxfordcounty.ca/careers,Fines Provincial Offences,validation gate failed (1/2): listing_apply_pattern
,,https://www.oxfordcounty.ca/careers,Maps,validation gate failed (1/2): listing_apply_pattern
,,https://www.siouxlookout.ca/join-our-team,Email Protection,validation gate failed (1/2): listing_apply_pattern
,,https://www.sundridge.ca/jobs,Accessibility,validation gate failed (0/2): no signals
,,https://www.sundridge.ca/jobs,Phone Directory,validation gate failed (1/2): role_like_title
,,https://www.sundridge.ca/jobs,90m 56,validation gate failed (1/2): keywords_near_title
,,https://www.sundridge.ca/jobs,Privacy,validation gate failed (0/2): no signals
,,https://recruiting.ultipro.ca/MID5003MIRO/JobBoard/f7856d33-0f8f-4e61-813d-475b72891935?q=&o=postedDateDesc,Register,validation gate failed (1/2): url_hint
,,https://www.severn.ca/jobs,Notice Of Victoria Day Office Closure,validation gate failed (1/2): listing_apply_pattern
,,https://www.severn.ca/jobs,Subscription Messaging,validation gate failed (1/2): listing_apply_pattern
,,https://www.severn.ca/jobs,Tenders,title blocklist exact: tenders
,,https://www.severn.ca/jobs,Parking,validation gate failed (1/2): listing_apply_pattern
,,https://www.severn.ca/jobs,Paying Your Bill,validation gate failed (1/2): listing_apply_pattern
,,https://www.temagami.ca/municipal-government/employment-opportunities,Garbage Recycling 2,validation gate failed (1/2): keywords_near_title
,,https://www.temagami.ca/municipal-government/employment-opportunities,Council Proceedings,validation gate failed (1/2): title_source_og_title
,,https://www.temagami.ca/municipal-government/employment-opportunities,Complaint Form,validation gate failed (1/2): keywords_near_title
,,https://www.temagami.ca/municipal-government/employment-opportunities,Events Calendar,validation gate failed (1/2): title_source_og_title
,,https://www.temagami.ca/municipal-government/employment-opportunities,Sports Recreation And Facility Rentals,validation gate failed (0/2): no signals
,,https://www.tillsonburg.ca/town-hall/jobs,"Accessibility for Ontarians with Disabilities Act , 2005 , S.O. 2005 , c. 11",validation gate failed (1/2): title_source_og_title
,,https://www.tillsonburg.ca/town-hall/jobs,Contact Us Form,validation gate failed (1/2): title_source_og_title
,,https://www.kincardine.ca/our-services/careers,Inclusion Diversity Equity And Access Idea,validation gate failed (1/2): listing_apply_pattern
,,https://www.kincardine.ca/our-services/careers,New Resident,validation gate failed (1/2): listing_apply_pattern
,,https://www.kincardine.ca/our-services/careers,Arts And Culture,validation gate failed (1/2): listing_apply_pattern
,,https://www.kincardine.ca/our-services/careers,Beaches Parks Trails And Facilities,validation gate failed (1/2): listing_apply_pattern
,,https://www.kincardine.ca/our-services/careers,Host An Event,validation gate failed (1/2): listing_apply_pattern
,,https://www.kincardine.ca/our-services/careers,Lighthouse,validation gate failed (1/2): listing_apply_pattern
,,https://www.kincardine.ca/our-services/careers,Victoria Park Project,validation gate failed (1/2): listing_apply_pattern
,,https://www.kincardine.ca/our-services/careers,Invest And Grow,validation gate failed (1/2): listing_apply_pattern
,,https://www.kincardine.ca/our-services/careers,Applications Licences And Permits,validation gate failed (1/2): listing_apply_pattern
,,https://www.kincardine.ca/our-services/careers,Payment Options,validation gate failed (1/2): listing_apply_pattern
,,https://www.kincardine.ca/our-services/careers,Contactus,validation gate failed (1/2): listing_apply_pattern
,,https://www.kincardine.ca/our-services/careers,Make A Service,validation gate failed (1/2): listing_apply_pattern
,,https://www.kincardine.ca/our-services/careers,News,title blocklist exact: news
,,https://www.kincardine.ca/our-services/careers,Water And Environmental,validation gate failed (1/2): listing_apply_pattern
,,https://www.sfns.on.ca/career.html,Job Bank,validation gate failed (1/2): url_hint
,,https://careers.regionofwaterloo.ca/RoW/search?createNewAlert=false&q=,Cookies,non-job category context
,,https://careers.regionofwaterloo.ca/RoW/search?createNewAlert=false&q=,Privacy,non-job category context
,,https://careers.regionofwaterloo.ca/RoW/search?createNewAlert=false&q=,Terms,non-job category context
,,https://www.kapuskasing.ca/council-administration/employment-opportunities,Animal Services,validation gate failed (1/2): keywords_near_title
,,https://www.kapuskasing.ca/council-administration/employment-opportunities,Building And Renovating,validation gate failed (1/2): keywords_near_title
,,https://www.kapuskasing.ca/council-administration/employment-opportunities,Cemetery,validation gate failed (1/2): keywords_near_title
,,https://www.kapuskasing.ca/council-administration/employment-opportunities,Childcare And Daycare,validation gate failed (1/2): keywords_near_title
,,https://www.kapuskasing.ca/council-administration/employment-opportunities,Fire And Emergency Services,validation gate failed (1/2): keywords_near_title
,,https://www.kapuskasing.ca/council-administration/employment-opportunities,Waste And Recycling,validation gate failed (1/2): keywords_near_title
,,https://www.kapuskasing.ca/council-administration/employment-opportunities,Health Care Services,validation gate failed (1/2): keywords_near_title
,,https://www.kapuskasing.ca/council-administration/employment-opportunities,Housing,validation gate failed (1/2): keywords_near_title
,,https://www.kapuskasing.ca/council-administration/employment-opportunities,Moving To Kapuskasing,validation gate failed (1/2): keywords_near_title
,,https://www.kapuskasing.ca/council-administration/employment-opportunities,Property Taxes,validation gate failed (0/2): no signals
,,https://www.kapuskasing.ca/council-administration/employment-opportunities,Schools,validation gate failed (1/2): keywords_near_title
,,https://www.kapuskasing.ca/council-administration/employment-opportunities,Transportation,validation gate failed (1/2): keywords_near_title
,,https://www.kapuskasing.ca/council-administration/employment-opportunities,Utilities Water And Sewer,validation gate failed (1/2): keywords_near_title
,,https://www.kapuskasing.ca/council-administration/employment-opportunities,Arena And Skating,validation gate failed (0/2): no signals
,,https://www.kapuskasing.ca/council-administration/employment-opportunities,Arts Culture And Heritage,validation gate failed (0/2): no signals
,,https://www.kapuskasing.ca/council-administration/employment-opportunities,Camping Fishing And Hunting,validation gate failed (0/2): no signals
,,https://www.kapuskasing.ca/council-administration/employment-opportunities,Clubs And Organizations,validation gate failed (1/2): keywords_near_title
,,https://www.kapuskasing.ca/council-administration/employment-opportunities,Events And Festivals,validation gate failed (0/2): no signals
,,https://www.kapuskasing.ca/council-administration/employment-opportunities,Facilities And Hall Rentals,validation gate failed (0/2): no signals
,,https://www.kapuskasing.ca/council-administration/employment-opportunities,Golden Age Centre,validation gate failed (0/2): no signals
,,https://www.kapuskasing.ca/council-administration/employment-opportunities,Healthy Community,validation gate failed (0/2): no signals
,,https://www.kapuskasing.ca/council-administration/employment-opportunities,Kap Kids Summer Playground Programs,validation gate failed (0/2): no signals
,,https://www.kapuskasing.ca/council-administration/employment-opportunities,Library,validation gate failed (0/2): no signals
,,https://www.kapuskasing.ca/council-administration/employment-opportunities,Maps,validation gate failed (0/2): no signals
,,https://www.kapuskasing.ca/council-administration/employment-opportunities,Outdoor Ice Rink And Sliding Hill,validation gate failed (0/2): no signals
,,https://www.kapuskasing.ca/council-administration/employment-opportunities,Parks Rivers And Trails,validation gate failed (0/2): no signals
,,https://www.kapuskasing.ca/council-administration/employment-opportunities,Pool And Swimming,validation gate failed (0/2): no signals
,,https://www.kapuskasing.ca/council-administration/employment-opportunities,Sports Fields And Courts,validation gate failed (0/2): no signals
,,https://www.kapuskasing.ca/council-administration/employment-opportunities,Visit Kapuskasing,validation gate failed (0/2): no signals
,,https://www.kapuskasing.ca/council-administration/employment-opportunities,Airport,validation gate failed (0/2): no signals
,,https://www.kapuskasing.ca/council-administration/employment-opportunities,Available Lands And Buildings,validation gate failed (0/2): no signals
,,https://www.kapuskasing.ca/council-administration/employment-opportunities,Bids And Tenders,validation gate failed (1/2): keywords_near_title
,,https://www.kapuskasing.ca/council-administration/employment-opportunities,Building And Renovating,validation gate failed (1/2): keywords_near_title
,,https://www.kapuskasing.ca/council-administration/employment-opportunities,Business Directory,validation gate failed (1/2): role_like_title
,,https://www.kapuskasing.ca/council-administration/employment-opportunities,Business Incentives,validation gate failed (0/2): no signals
,,https://www.kapuskasing.ca/council-administration/employment-opportunities,Community Profile,validation gate failed (0/2): no signals
,,https://www.kapuskasing.ca/council-administration/employment-opportunities,Economic Development,validation gate failed (0/2): no signals
,,https://www.kapuskasing.ca/council-administration/employment-opportunities,Key Industries,validation gate failed (0/2): no signals
,,https://www.kapuskasing.ca/council-administration/employment-opportunities,Maps,validation gate failed (0/2): no signals
,,https://www.kapuskasing.ca/council-administration/employment-opportunities,Public Works,validation gate failed (1/2): keywords_near_title
,,https://www.kapuskasing.ca/council-administration/employment-opportunities,Sign Permits,validation gate failed (1/2): keywords_near_title
,,https://www.kapuskasing.ca/council-administration/employment-opportunities,Start Or Grow Your Business,validation gate failed (0/2): no signals
,,https://www.kapuskasing.ca/council-administration/employment-opportunities,Zoning,validation gate failed (1/2): keywords_near_title
,,https://www.kapuskasing.ca/council-administration/employment-opportunities,Accessibility | Town of Kapuskasing,validation gate failed (1/2): title_source_og_title
,,https://www.kapuskasing.ca/council-administration/employment-opportunities,Agendas And Minutes,validation gate failed (0/2): no signals
,,https://www.kapuskasing.ca/council-administration/employment-opportunities,"Applications , Licences and Permits",validation gate failed (1/2): title_source_og_title
,,https://www.kapuskasing.ca/council-administration/employment-opportunities,By - Laws | Town of Kapuskasing,validation gate failed (1/2): title_source_og_title
,,https://www.kapuskasing.ca/council-administration/employment-opportunities,Commissioner of Oaths,validation gate failed (1/2): title_source_og_title
,,https://www.kapuskasing.ca/council-administration/employment-opportunities,Elections,validation gate failed (1/2): keywords_near_title
,,https://www.kapuskasing.ca/council-administration/employment-opportunities,Mayor and Council,validation gate failed (1/2): title_source_og_title
,,https://www.kapuskasing.ca/council-administration/employment-opportunities,News and Notices,validation gate failed (1/2): title_source_og_title
,,https://www.kapuskasing.ca/council-administration/employment-opportunities,"Plans , Reports and Studies",validation gate failed (1/2): title_source_og_title
,,https://www.kapuskasing.ca/council-administration/employment-opportunities,ffc 5f 8c 6 0d 8f 4f 30 Be 9f D 872be 11f 3be,validation gate failed (0/2): no signals
,,https://www.kapuskasing.ca/council-administration/employment-opportunities,va 6C 2,validation gate failed (0/2): no signals
,,https://www.kapuskasing.ca/council-administration/employment-opportunities,va 6C 2,validation gate failed (0/2): no signals
,,https://www.kapuskasing.ca/council-administration/employment-opportunities,Airport Manager,validation gate failed (1/2): role_like_title
,,https://www.kapuskasing.ca/council-administration/employment-opportunities,Airport Manager,validation gate failed (1/2): role_like_title
,,https://www.southstormont.ca/careers,Privacy Policy,validation gate failed (1/2): listing_apply_pattern
,,https://www.southstormont.ca/careers,Subscribe,validation gate failed (1/2): listing_apply_pattern
,,https://www.southstormont.ca/careers,Bids And Tenders,validation gate failed (1/2): listing_apply_pattern
,,https://www.southstormont.ca/careers,Dog Tags,validation gate failed (1/2): listing_apply_pattern
,,https://www.southstormont.ca/careers,Live,validation gate failed (1/2): listing_apply_pattern
,,https://www.southstormont.ca/careers,Garbage Tags,validation gate failed (1/2): listing_apply_pattern
,,https://www.swox.org/township-services/careers,Volunteer Opportunities,validation gate failed (0/2): no signals
,,https://www.swox.org/township-services/careers,Contact Us,validation gate failed (0/2): no signals
,,https://www.swox.org/township-services/careers,Fire Services,validation gate failed (1/2): keywords_near_title
,,https://www.swox.org/township-services/careers,Building And Renovating,validation gate failed (1/2): keywords_near_title
,,https://www.swox.org/township-services/careers,Applications Licences And Permits,validation gate failed (1/2): keywords_near_title
,,https://www.swox.org/township-services/careers,Bids And Tenders,validation gate failed (1/2): keywords_near_title
,,https://www.swox.org/township-services/careers,Community Halls,validation gate failed (0/2): no signals
,,https://www.swox.org/township-services/careers,Property Taxes,validation gate failed (1/2): keywords_near_title
,,https://www.swox.org/township-services/careers,Agendas And Minutes,validation gate failed (0/2): no signals
,,https://www.swox.org/township-services/careers,By Laws And Policies,validation gate failed (1/2): keywords_near_title
,,https://www.swox.org/township-services/careers,Elections,validation gate failed (0/2): no signals
,,https://townofstmarys.myavanti.ca/careers,The Fast & Secure Web Browser Built to be Yours,validation gate failed (1/2): title_source_og_title
,,https://townofstmarys.myavanti.ca/careers,"Manuals , Specs , and Downloads",validation gate failed (1/2): title_source_og_title
,,https://www.southbrucepeninsula.com/en/town-hall/careers.aspx,"Accessibility for Ontarians with Disabilities Act , 2005 , S.O. 2005 , c. 11",validation gate failed (1/2): title_source_og_title
,,https://www.southbrucepeninsula.com/en/town-hall/careers.aspx,Accessibility,validation gate failed (1/2): title_source_og_title
,,https://www.southbrucepeninsula.com/en/town-hall/careers.aspx,Employer Resources,validation gate failed (1/2): title_source_og_title
,,https://www.southbrucepeninsula.com/en/town-hall/careers.aspx,Four County Labour Market Planning Board,validation gate failed (1/2): title_source_og_title
,,https://www.southbrucepeninsula.com/en/town-hall/careers.aspx,YMCA Programs & Services,validation gate failed (1/2): title_source_og_title
,,https://www.southbrucepeninsula.com/en/town-hall/careers.aspx,Jobs in Bruce County,validation gate failed (1/2): url_hint
,,https://www.southbrucepeninsula.com/en/town-hall/careers.aspx,Recreation Programs,validation gate failed (1/2): keywords_near_title
,,https://www.southbrucepeninsula.com/en/town-hall/careers.aspx,Open Air Burning,validation gate failed (1/2): keywords_near_title
,,https://www.southbrucepeninsula.com/en/town-hall/careers.aspx,Dog Licences,validation gate failed (0/2): no signals
,,https://www.southbrucepeninsula.com/en/town-hall/careers.aspx,Rent A Facility,validation gate failed (0/2): no signals
,,https://www.southbrucepeninsula.com/en/town-hall/careers.aspx,Water And Sanitary Sewers,validation gate failed (0/2): no signals
,,https://www.southbrucepeninsula.com/en/town-hall/careers.aspx,"Applications , Licences , Requests and Permits",validation gate failed (1/2): title_source_og_title
,,https://www.southbrucepeninsula.com/en/town-hall/careers.aspx,Property Taxes,validation gate failed (0/2): no signals
,,https://www.southbrucepeninsula.com/en/town-hall/careers.aspx,Utilities,validation gate failed (0/2): no signals
,,https://www.townshipofjoly.com/en/contacts/job-opportunities,Latest News Public Notices,validation gate failed (0/2): no signals
,,https://www.townshipofjoly.com/en/contacts/job-opportunities,Almaguin Highlands Community Guide,validation gate failed (0/2): no signals
,,https://www.townshipofjoly.com/en/contacts/job-opportunities,Recreation Visitors,validation gate failed (0/2): no signals
,,https://www.tiny.ca/township-hall/employment-opportunities,Public Beaches,validation gate failed (1/2): listing_apply_pattern
,,https://www.westgrey.com/media/54dbv4oq/crossingguard_job-posting_april2025.pdf,Crossingguard Job Posting April 2025,validation gate failed (1/2): pdf_role_title
,,https://www.warwicktownship.ca/our-government/careers?_mid_=8233,Home,validation gate failed (0/2): no signals
,,https://villageofwestport.ca/employment-opportunities,Notice Of Open House Concerning A Proposed New Zoning By Law,validation gate failed (0/2): no signals
,,https://villageofwestport.ca/employment-opportunities,Village Of Westport 2025 Volunteer Recognition Award Now Accepting Nominations,validation gate failed (0/2): no signals
,,https://villageofwestport.ca/employment-opportunities,Notice Of Study Commencement Westport Water Storage Options Class Environmental Assessment Ea,validation gate failed (0/2): no signals
,,https://villageofwestport.ca/employment-opportunities,Community Emergency Response Volunteers Cerv,validation gate failed (0/2): no signals
,,https://villageofwestport.ca/employment-opportunities,The 2026 Municipal Election Nomination Period Is Now Open,validation gate failed (0/2): no signals
,,https://villageofwestport.ca/employment-opportunities,05,validation gate failed (0/2): no signals
,,https://villageofwestport.ca/employment-opportunities,04,validation gate failed (0/2): no signals
,,https://villageofwestport.ca/employment-opportunities,02,validation gate failed (0/2): no signals
,,https://villageofwestport.ca/employment-opportunities,01,validation gate failed (0/2): no signals
,,https://villageofwestport.ca/employment-opportunities,12,validation gate failed (0/2): no signals
,,https://villageofwestport.ca/employment-opportunities,11,validation gate failed (0/2): no signals
,,https://villageofwestport.ca/employment-opportunities,10,validation gate failed (0/2): no signals
,,https://villageofwestport.ca/employment-opportunities,08,validation gate failed (0/2): no signals
,,https://villageofwestport.ca/employment-opportunities,07,validation gate failed (0/2): no signals
,,https://villageofwestport.ca/employment-opportunities,06,validation gate failed (0/2): no signals
,,https://villageofwestport.ca/employment-opportunities,04,validation gate failed (0/2): no signals
,,https://villageofwestport.ca/employment-opportunities,03,validation gate failed (0/2): no signals
,,https://villageofwestport.ca/employment-opportunities,02,validation gate failed (0/2): no signals
,,https://villageofwestport.ca/employment-opportunities,01,validation gate failed (0/2): no signals
,,https://villageofwestport.ca/employment-opportunities,12,validation gate failed (0/2): no signals
,,https://villageofwestport.ca/employment-opportunities,11,validation gate failed (0/2): no signals
,,https://villageofwestport.ca/employment-opportunities,10,validation gate failed (0/2): no signals
,,https://villageofwestport.ca/employment-opportunities,09,validation gate failed (0/2): no signals
,,https://villageofwestport.ca/employment-opportunities,08,validation gate failed (0/2): no signals
,,https://villageofwestport.ca/employment-opportunities,07,validation gate failed (0/2): no signals
,,https://villageofwestport.ca/employment-opportunities,06,validation gate failed (0/2): no signals
,,https://villageofwestport.ca/employment-opportunities,05,validation gate failed (0/2): no signals
,,https://villageofwestport.ca/employment-opportunities,04,validation gate failed (0/2): no signals
,,https://villageofwestport.ca/employment-opportunities,03,validation gate failed (0/2): no signals
,,https://villageofwestport.ca/employment-opportunities,02,validation gate failed (0/2): no signals
,,https://villageofwestport.ca/employment-opportunities,01,validation gate failed (0/2): no signals
,,https://villageofwestport.ca/employment-opportunities,12,validation gate failed (0/2): no signals
,,https://villageofwestport.ca/employment-opportunities,11,validation gate failed (0/2): no signals
,,https://villageofwestport.ca/employment-opportunities,10,validation gate failed (0/2): no signals
,,https://villageofwestport.ca/employment-opportunities,09,validation gate failed (0/2): no signals
,,https://villageofwestport.ca/employment-opportunities,08,validation gate failed (0/2): no signals
,,https://villageofwestport.ca/employment-opportunities,07,validation gate failed (0/2): no signals
,,https://villageofwestport.ca/employment-opportunities,06,validation gate failed (0/2): no signals
,,https://villageofwestport.ca/employment-opportunities,05,validation gate failed (0/2): no signals
,,https://villageofwestport.ca/employment-opportunities,04,validation gate failed (0/2): no signals
,,https://villageofwestport.ca/employment-opportunities,03,validation gate failed (0/2): no signals
,,https://villageofwestport.ca/employment-opportunities,02,validation gate failed (0/2): no signals
,,https://villageofwestport.ca/employment-opportunities,01,validation gate failed (0/2): no signals
,,https://villageofwestport.ca/employment-opportunities,12,validation gate failed (0/2): no signals
,,https://villageofwestport.ca/employment-opportunities,11,validation gate failed (0/2): no signals
,,https://villageofwestport.ca/employment-opportunities,10,validation gate failed (0/2): no signals
,,https://villageofwestport.ca/employment-opportunities,09,validation gate failed (0/2): no signals
,,https://villageofwestport.ca/employment-opportunities,08,validation gate failed (0/2): no signals
,,https://villageofwestport.ca/employment-opportunities,07,validation gate failed (0/2): no signals
,,https://villageofwestport.ca/employment-opportunities,06,validation gate failed (0/2): no signals
,,https://villageofwestport.ca/employment-opportunities,05,validation gate failed (0/2): no signals
,,https://villageofwestport.ca/employment-opportunities,04,validation gate failed (0/2): no signals
,,https://villageofwestport.ca/employment-opportunities,03,validation gate failed (0/2): no signals
,,https://villageofwestport.ca/employment-opportunities,02,validation gate failed (0/2): no signals
,,https://villageofwestport.ca/employment-opportunities,01,validation gate failed (0/2): no signals
,,https://villageofwestport.ca/employment-opportunities,12,validation gate failed (0/2): no signals
,,https://villageofwestport.ca/employment-opportunities,11,validation gate failed (0/2): no signals
,,https://villageofwestport.ca/employment-opportunities,10,validation gate failed (0/2): no signals
,,https://villageofwestport.ca/employment-opportunities,09,validation gate failed (0/2): no signals
,,https://villageofwestport.ca/employment-opportunities,08,validation gate failed (0/2): no signals
,,https://villageofwestport.ca/employment-opportunities,07,validation gate failed (0/2): no signals
,,https://villageofwestport.ca/employment-opportunities,06,validation gate failed (0/2): no signals
,,https://villageofwestport.ca/employment-opportunities,05,validation gate failed (0/2): no signals
,,https://villageofwestport.ca/employment-opportunities,04,validation gate failed (0/2): no signals
,,https://villageofwestport.ca/employment-opportunities,03,validation gate failed (0/2): no signals
,,https://villageofwestport.ca/employment-opportunities,02,validation gate failed (0/2): no signals
,,https://villageofwestport.ca/employment-opportunities,01,validation gate failed (0/2): no signals
,,https://villageofwestport.ca/employment-opportunities,12,validation gate failed (0/2): no signals
,,https://villageofwestport.ca/employment-opportunities,11,validation gate failed (0/2): no signals
,,https://villageofwestport.ca/employment-opportunities,10,validation gate failed (0/2): no signals
,,https://villageofwestport.ca/employment-opportunities,09,validation gate failed (0/2): no signals
,,https://villageofwestport.ca/employment-opportunities,07,validation gate failed (0/2): no signals
,,https://villageofwestport.ca/employment-opportunities,06,validation gate failed (0/2): no signals
,,https://villageofwestport.ca/employment-opportunities,05,validation gate failed (0/2): no signals
,,https://villageofwestport.ca/employment-opportunities,04,validation gate failed (0/2): no signals
,,https://villageofwestport.ca/employment-opportunities,03,validation gate failed (0/2): no signals
,,https://villageofwestport.ca/employment-opportunities,02,validation gate failed (0/2): no signals
,,https://villageofwestport.ca/employment-opportunities,01,validation gate failed (0/2): no signals
,,https://villageofwestport.ca/employment-opportunities,11,validation gate failed (0/2): no signals
,,https://villageofwestport.ca/employment-opportunities,10,validation gate failed (0/2): no signals
,,https://villageofwestport.ca/employment-opportunities,09,validation gate failed (0/2): no signals
,,https://villageofwestport.ca/employment-opportunities,07,validation gate failed (0/2): no signals
,,https://villageofwestport.ca/employment-opportunities,02,validation gate failed (0/2): no signals
,,https://villageofwestport.ca/employment-opportunities,01,validation gate failed (0/2): no signals
,,https://villageofwestport.ca/employment-opportunities,12,validation gate failed (0/2): no signals
,,https://villageofwestport.ca/employment-opportunities,11,validation gate failed (0/2): no signals
,,https://villageofwestport.ca/employment-opportunities,08,validation gate failed (0/2): no signals
,,https://villageofwestport.ca/employment-opportunities,04,validation gate failed (0/2): no signals
,,https://villageofwestport.ca/employment-opportunities,01,validation gate failed (0/2): no signals
,,https://villageofwestport.ca/employment-opportunities,06,validation gate failed (0/2): no signals
,,https://villageofwestport.ca/employment-opportunities,03,validation gate failed (0/2): no signals
,,https://www.pelee.org/municipality/employment,Notices,title blocklist exact: notices
,,https://www.pelee.org/municipality/employment,Integrity Commissioner,validation gate failed (1/2): listing_apply_pattern
,,https://www.pelee.org/municipality/employment,Asset Management Plan,validation gate failed (1/2): listing_apply_pattern
,,https://www.pelee.org/municipality/employment,By Laws,title blocklist exact: by laws
,,https://www.pelee.org/municipality/employment,Meetings,validation gate failed (1/2): listing_apply_pattern
,,https://www.pelee.org/municipality/employment,Meeting Dates,validation gate failed (1/2): listing_apply_pattern
,,https://www.pelee.org/municipality/employment,Meetings,validation gate failed (1/2): listing_apply_pattern
,,https://www.pelee.org/municipality/employment,Pecuniary Interest,validation gate failed (1/2): listing_apply_pattern
,,https://www.pelee.org/municipality/employment,Documents,validation gate failed (1/2): listing_apply_pattern
,,https://www.pelee.org/municipality/employment,Drainage,validation gate failed (1/2): listing_apply_pattern
,,https://www.pelee.org/municipality/employment,Financial Statements,validation gate failed (1/2): listing_apply_pattern
,,https://www.pelee.org/municipality/employment,Municipal By Law Enforcement,validation gate failed (1/2): listing_apply_pattern
,,https://www.pelee.org/municipality/employment,Official Plan,validation gate failed (1/2): listing_apply_pattern
,,https://www.pelee.org/municipality/employment,Project Tenders,validation gate failed (1/2): listing_apply_pattern
,,https://www.pelee.org/municipality/employment,Property Tax Information,validation gate failed (1/2): listing_apply_pattern
,,https://www.pelee.org/municipality/employment,Sale Of Land By Public Tender,validation gate failed (1/2): listing_apply_pattern
,,https://www.pelee.org/municipality/employment,Research On Pelee Island,validation gate failed (1/2): listing_apply_pattern
,,https://www.pelee.org/municipality/employment,My Calendar,validation gate failed (1/2): listing_apply_pattern
,,https://www.pelee.org/municipality/employment,Event,validation gate failed (1/2): listing_apply_pattern
,,https://www.pelee.org/municipality/employment,Lake Erie Pelee.jpg,validation gate failed (1/2): listing_apply_pattern
,,https://www.pelee.org/municipality/employment,Lake Henry Pelee.jpg,validation gate failed (1/2): listing_apply_pattern
,,https://www.pelee.org/municipality/employment,Lake Henry 2 Pelee.jpg,validation gate failed (1/2): listing_apply_pattern
,,https://www.pelee.org/municipality/employment,Nature Path Pelee.jpg,validation gate failed (1/2): listing_apply_pattern
,,https://www.pelee.org/municipality/employment,Our Beach Pelee.jpg,validation gate failed (1/2): listing_apply_pattern
,,https://www.pelee.org/municipality/employment,The West End Dock Pelee.jpg,validation gate failed (1/2): listing_apply_pattern
,,https://www.westperth.com/media/ydudr3lw/landfill-attendant-job-posting-march-2026.pdf,Landfill Attendant Job Posting March 2026,validation gate failed (1/2): pdf_role_title
,,https://www.centralfrontenac.com/en/township-office/employment-and-volunteering.aspx?_mid_=19049,Animal Control,validation gate failed (0/2): no signals
,,https://www.centralfrontenac.com/en/township-office/employment-and-volunteering.aspx?_mid_=19049,Applications Licences And Permits,validation gate failed (1/2): keywords_near_title
,,https://www.centralfrontenac.com/en/township-office/employment-and-volunteering.aspx?_mid_=19049,"Arts , Culture and Heritage",validation gate failed (1/2): title_source_og_title
,,https://www.centralfrontenac.com/en/township-office/employment-and-volunteering.aspx?_mid_=19049,Building And Planning,validation gate failed (1/2): keywords_near_title
,,https://www.centralfrontenac.com/en/township-office/employment-and-volunteering.aspx?_mid_=19049,Burn Permits,validation gate failed (1/2): keywords_near_title
,,https://www.centralfrontenac.com/en/township-office/employment-and-volunteering.aspx?_mid_=19049,Cemeteries,validation gate failed (0/2): no signals
,,https://www.centralfrontenac.com/en/township-office/employment-and-volunteering.aspx?_mid_=19049,Clubs And Service Groups,validation gate failed (0/2): no signals
,,https://www.centralfrontenac.com/en/township-office/employment-and-volunteering.aspx?_mid_=19049,Education Schools And Daycares,validation gate failed (0/2): no signals
,,https://www.centralfrontenac.com/en/township-office/employment-and-volunteering.aspx?_mid_=19049,Facilities And Community Halls,validation gate failed (1/2): keywords_near_title
,,https://www.centralfrontenac.com/en/township-office/employment-and-volunteering.aspx?_mid_=19049,Health Care And Wellness,validation gate failed (0/2): no signals
,,https://www.centralfrontenac.com/en/township-office/employment-and-volunteering.aspx?_mid_=19049,Places Of Worship,validation gate failed (0/2): no signals
,,https://www.centralfrontenac.com/en/township-office/employment-and-volunteering.aspx?_mid_=19049,Report An Issue,validation gate failed (0/2): no signals
,,https://www.centralfrontenac.com/en/township-office/employment-and-volunteering.aspx?_mid_=19049,Planning,validation gate failed (1/2): keywords_near_title
,,https://www.centralfrontenac.com/en/township-office/employment-and-volunteering.aspx?_mid_=19049,Residential Tenancies Act,validation gate failed (1/2): keywords_near_title
,,https://www.centralfrontenac.com/en/township-office/employment-and-volunteering.aspx?_mid_=19049,Roads Bridges And Sidewalks,validation gate failed (1/2): keywords_near_title
,,https://www.centralfrontenac.com/en/township-office/employment-and-volunteering.aspx?_mid_=19049,Seniors,validation gate failed (0/2): no signals
,,https://www.centralfrontenac.com/en/township-office/employment-and-volunteering.aspx?_mid_=19049,Septic Re Inspection Program,validation gate failed (1/2): keywords_near_title
,,https://www.centralfrontenac.com/en/township-office/employment-and-volunteering.aspx?_mid_=19049,Transportation,validation gate failed (0/2): no signals
,,https://www.centralfrontenac.com/en/township-office/employment-and-volunteering.aspx?_mid_=19049,Utilities,validation gate failed (0/2): no signals
,,https://www.centralfrontenac.com/en/township-office/employment-and-volunteering.aspx?_mid_=19049,Voyent Alert Emergency Notification System,validation gate failed (0/2): no signals
,,https://www.centralfrontenac.com/en/township-office/employment-and-volunteering.aspx?_mid_=19049,Waste and Recycling,validation gate failed (1/2): title_source_og_title
,,https://www.centralfrontenac.com/en/township-office/employment-and-volunteering.aspx?_mid_=19049,Water Samples,validation gate failed (0/2): no signals
,,https://www.centralfrontenac.com/en/township-office/employment-and-volunteering.aspx?_mid_=19049,Search,validation gate failed (1/2): keywords_near_title
,,https://www.centralfrontenac.com/en/township-office/employment-and-volunteering.aspx?_mid_=19049,"Arts , Culture and Heritage",validation gate failed (1/2): title_source_og_title
,,https://www.centralfrontenac.com/en/township-office/employment-and-volunteering.aspx?_mid_=19049,Beaches,validation gate failed (0/2): no signals
,,https://www.centralfrontenac.com/en/township-office/employment-and-volunteering.aspx?_mid_=19049,Business Directory,validation gate failed (1/2): role_like_title
,,https://www.centralfrontenac.com/en/township-office/employment-and-volunteering.aspx?_mid_=19049,Clubs And Service Groups,validation gate failed (0/2): no signals
,,https://www.centralfrontenac.com/en/township-office/employment-and-volunteering.aspx?_mid_=19049,Facilities And Community Halls,validation gate failed (1/2): keywords_near_title
,,https://www.centralfrontenac.com/en/township-office/employment-and-volunteering.aspx?_mid_=19049,Farmer S Markets,validation gate failed (0/2): no signals
,,https://www.centralfrontenac.com/en/township-office/employment-and-volunteering.aspx?_mid_=19049,Fishing And Hunting,validation gate failed (0/2): no signals
,,https://www.centralfrontenac.com/en/township-office/employment-and-volunteering.aspx?_mid_=19049,Food And Drink,validation gate failed (0/2): no signals
,,https://www.centralfrontenac.com/en/township-office/employment-and-volunteering.aspx?_mid_=19049,Maps,validation gate failed (0/2): no signals
,,https://www.centralfrontenac.com/en/township-office/employment-and-volunteering.aspx?_mid_=19049,Sportsandrecreation,validation gate failed (0/2): no signals
,,https://www.centralfrontenac.com/en/township-office/employment-and-volunteering.aspx?_mid_=19049,Visitors Guide,validation gate failed (0/2): no signals
,,https://www.centralfrontenac.com/en/township-office/employment-and-volunteering.aspx?_mid_=19049,Volunteering,validation gate failed (1/2): title_source_og_title
,,https://www.centralfrontenac.com/en/township-office/employment-and-volunteering.aspx?_mid_=19049,Available Land And Buildings,validation gate failed (0/2): no signals
,,https://www.centralfrontenac.com/en/township-office/employment-and-volunteering.aspx?_mid_=19049,Request For Proposals,validation gate failed (1/2): keywords_near_title
,,https://www.centralfrontenac.com/en/township-office/employment-and-volunteering.aspx?_mid_=19049,Building And Planning,validation gate failed (1/2): keywords_near_title
,,https://www.centralfrontenac.com/en/township-office/employment-and-volunteering.aspx?_mid_=19049,Business Directory,validation gate failed (1/2): role_like_title
,,https://www.centralfrontenac.com/en/township-office/employment-and-volunteering.aspx?_mid_=19049,Community Profile,validation gate failed (1/2): title_source_og_title
,,https://www.centralfrontenac.com/en/township-office/employment-and-volunteering.aspx?_mid_=19049,Grants Incentives And Funding Programs,validation gate failed (1/2): keywords_near_title
,,https://www.centralfrontenac.com/en/township-office/employment-and-volunteering.aspx?_mid_=19049,Planning,validation gate failed (1/2): keywords_near_title
,,https://www.centralfrontenac.com/en/township-office/employment-and-volunteering.aspx?_mid_=19049,Sewage Systems,validation gate failed (1/2): keywords_near_title
,,https://www.centralfrontenac.com/en/township-office/employment-and-volunteering.aspx?_mid_=19049,Downtown Revitalization,validation gate failed (0/2): no signals
,,https://www.centralfrontenac.com/en/township-office/employment-and-volunteering.aspx?_mid_=19049,Starting Or Expanding Your Business,validation gate failed (0/2): no signals
,,https://www.centralfrontenac.com/en/township-office/employment-and-volunteering.aspx?_mid_=19049,Accessibility,validation gate failed (1/2): title_source_og_title
,,https://www.centralfrontenac.com/en/township-office/employment-and-volunteering.aspx?_mid_=19049,Applications Licences And Permits,validation gate failed (1/2): keywords_near_title
,,https://www.centralfrontenac.com/en/township-office/employment-and-volunteering.aspx?_mid_=19049,Request For Proposals,validation gate failed (1/2): keywords_near_title
,,https://www.centralfrontenac.com/en/township-office/employment-and-volunteering.aspx?_mid_=19049,By Laws,title blocklist exact: by laws
,,https://www.centralfrontenac.com/en/township-office/employment-and-volunteering.aspx?_mid_=19049,Commissioner Of Oaths,validation gate failed (1/2): keywords_near_title
,,https://www.centralfrontenac.com/en/township-office/employment-and-volunteering.aspx?_mid_=19049,Search,validation gate failed (1/2): keywords_near_title
,,https://www.centralfrontenac.com/en/township-office/employment-and-volunteering.aspx?_mid_=19049,Departments,validation gate failed (1/2): keywords_near_title
,,https://www.centralfrontenac.com/en/township-office/employment-and-volunteering.aspx?_mid_=19049,2026 Municipal Elections,validation gate failed (0/2): no signals
,,https://www.centralfrontenac.com/en/township-office/employment-and-volunteering.aspx?_mid_=19049,Grants Incentives And Funding Programs,validation gate failed (1/2): keywords_near_title
,,https://www.centralfrontenac.com/en/township-office/employment-and-volunteering.aspx?_mid_=19049,Integrity Commissioner,validation gate failed (0/2): no signals
,,https://www.centralfrontenac.com/en/township-office/employment-and-volunteering.aspx?_mid_=19049,Maps,validation gate failed (0/2): no signals
,,https://www.centralfrontenac.com/en/township-office/employment-and-volunteering.aspx?_mid_=19049,Marriage Licensing,validation gate failed (0/2): no signals
,,https://www.centralfrontenac.com/en/township-office/employment-and-volunteering.aspx?_mid_=19049,Mayor And Council,validation gate failed (0/2): no signals
,,https://www.centralfrontenac.com/en/township-office/employment-and-volunteering.aspx?_mid_=19049,Search,validation gate failed (1/2): keywords_near_title
,,https://www.centralfrontenac.com/en/township-office/employment-and-volunteering.aspx?_mid_=19049,Centralfrontenac,validation gate failed (0/2): no signals
,,https://www.centralfrontenac.com/en/township-office/employment-and-volunteering.aspx?_mid_=19049,Reports And Publications,validation gate failed (0/2): no signals
,,https://www.centralfrontenac.com/en/township-office/employment-and-volunteering.aspx?_mid_=19049,Roads Bridges And Sidewalks,validation gate failed (1/2): keywords_near_title
,,https://www.centralfrontenac.com/en/township-office/employment-and-volunteering.aspx?_mid_=19049,Strategic Plan,validation gate failed (0/2): no signals
,,https://www.centralfrontenac.com/en/township-office/employment-and-volunteering.aspx?_mid_=19049,Taxes,validation gate failed (1/2): keywords_near_title
,,https://www.centralfrontenac.com/en/township-office/employment-and-volunteering.aspx?_mid_=19049,Township of Central Frontenac YouTube Channel,validation gate failed (1/2): title_source_og_title
,,https://www.centralfrontenac.com/en/township-office/employment-and-volunteering.aspx?_mid_=19049,Council,validation gate failed (0/2): no signals
,,https://www.centralfrontenac.com/en/township-office/employment-and-volunteering.aspx?_mid_=19049,Emergency Services,validation gate failed (1/2): keywords_near_title
,,https://www.centralfrontenac.com/en/township-office/employment-and-volunteering.aspx?_mid_=19049,Living Here,validation gate failed (0/2): no signals
,,https://www.centralfrontenac.com/en/township-office/employment-and-volunteering.aspx?_mid_=19049,Explore,validation gate failed (0/2): no signals
,,https://www.centralfrontenac.com/en/township-office/employment-and-volunteering.aspx?_mid_=19049,Business,validation gate failed (0/2): no signals
,,https://www.centralfrontenac.com/en/township-office/employment-and-volunteering.aspx?_mid_=19049,Township Office,validation gate failed (0/2): no signals
,,https://www.centralfrontenac.com/en/township-office/employment-and-volunteering.aspx?_mid_=19049,Burn Permits,validation gate failed (1/2): keywords_near_title
,,https://www.centralfrontenac.com/en/township-office/employment-and-volunteering.aspx?_mid_=19049,Change Of Address,validation gate failed (0/2): no signals
,,https://www.centralfrontenac.com/en/township-office/employment-and-volunteering.aspx?_mid_=19049,Book Or Rent A Facility,validation gate failed (0/2): no signals
,,https://www.centralfrontenac.com/en/township-office/employment-and-volunteering.aspx?_mid_=19049,Beaches,validation gate failed (0/2): no signals
,,https://www.centralfrontenac.com/en/township-office/employment-and-volunteering.aspx?_mid_=19049,Facilities And Community Halls,validation gate failed (1/2): keywords_near_title
,,https://www.centralfrontenac.com/en/township-office/employment-and-volunteering.aspx?_mid_=19049,Farmer S Markets,validation gate failed (0/2): no signals
,,https://www.centralfrontenac.com/en/township-office/employment-and-volunteering.aspx?_mid_=19049,Libraries,validation gate failed (0/2): no signals
,,https://www.centralfrontenac.com/en/township-office/employment-and-volunteering.aspx?_mid_=19049,Museum,validation gate failed (0/2): no signals
,,https://www.centralfrontenac.com/en/township-office/employment-and-volunteering.aspx?_mid_=19049,N Cbfem Mt 1d,validation gate failed (0/2): no signals
,,https://www.centralfrontenac.com/en/township-office/employment-and-volunteering.aspx?_mid_=19049,Centralfrontenac,validation gate failed (0/2): no signals
,,https://www.centralfrontenac.com/en/township-office/employment-and-volunteering.aspx?_mid_=19049,Centralfrontenac,validation gate failed (0/2): no signals
,,https://www.centralfrontenac.com/en/township-office/employment-and-volunteering.aspx?_mid_=19049,Centralfrontenac,validation gate failed (0/2): no signals
,,https://www.centralfrontenac.com/en/township-office/employment-and-volunteering.aspx?_mid_=19049,Centralfrontenac,validation gate failed (0/2): no signals
,,https://www.centralfrontenac.com/en/township-office/employment-and-volunteering.aspx?_mid_=19049,Centralfrontenac,validation gate failed (0/2): no signals
,,https://www.centralfrontenac.com/en/township-office/employment-and-volunteering.aspx?_mid_=19049,Centralfrontenac,validation gate failed (0/2): no signals
,,https://www.centralfrontenac.com/en/township-office/employment-and-volunteering.aspx?_mid_=19049,Centralfrontenac,validation gate failed (0/2): no signals
,,https://www.centralfrontenac.com/en/township-office/employment-and-volunteering.aspx?_mid_=19049,Centralfrontenac,validation gate failed (0/2): no signals
,,https://www.centralfrontenac.com/en/township-office/employment-and-volunteering.aspx?_mid_=19049,Centralfrontenac,validation gate failed (0/2): no signals
,,https://www.centralfrontenac.com/en/township-office/employment-and-volunteering.aspx?_mid_=19049,Centralfrontenac,validation gate failed (0/2): no signals
,,https://www.visitmachin.com/p/-https-machin-municipalwebsites-ca-ckfinder-connector-command-proxy-lang-en-type-files-currentfolder-2f-hash-c245c263ce0eced480effe66bbede6b4d46c15ae-filename-grasscrewad-20--20copy-pdf-,Machin Council,non-job category context
,,https://www.visitmachin.com/p/-https-machin-municipalwebsites-ca-ckfinder-connector-command-proxy-lang-en-type-files-currentfolder-2f-hash-c245c263ce0eced480effe66bbede6b4d46c15ae-filename-grasscrewad-20--20copy-pdf-,Waste Disposal,non-job category context
,,https://www.visitmachin.com/p/-https-machin-municipalwebsites-ca-ckfinder-connector-command-proxy-lang-en-type-files-currentfolder-2f-hash-c245c263ce0eced480effe66bbede6b4d46c15ae-filename-grasscrewad-20--20copy-pdf-,By Laws,title blocklist exact: by laws
,,https://www.visitmachin.com/p/-https-machin-municipalwebsites-ca-ckfinder-connector-command-proxy-lang-en-type-files-currentfolder-2f-hash-c245c263ce0eced480effe66bbede6b4d46c15ae-filename-grasscrewad-20--20copy-pdf-,Emergency Plan,non-job category context
,,https://www.visitmachin.com/p/-https-machin-municipalwebsites-ca-ckfinder-connector-command-proxy-lang-en-type-files-currentfolder-2f-hash-c245c263ce0eced480effe66bbede6b4d46c15ae-filename-grasscrewad-20--20copy-pdf-,Connector,validation gate failed (0/2): no signals
,,https://www.visitmachin.com/p/-https-machin-municipalwebsites-ca-ckfinder-connector-command-proxy-lang-en-type-files-currentfolder-2f-hash-c245c263ce0eced480effe66bbede6b4d46c15ae-filename-grasscrewad-20--20copy-pdf-,Connector,validation gate failed (0/2): no signals
,,https://www.visitmachin.com/p/-https-machin-municipalwebsites-ca-ckfinder-connector-command-proxy-lang-en-type-files-currentfolder-2f-hash-c245c263ce0eced480effe66bbede6b4d46c15ae-filename-grasscrewad-20--20copy-pdf-,Sexsmith,validation gate failed (0/2): no signals
,,https://www.wellesley.ca/council-and-administration/careers,Privacy Policy,validation gate failed (0/2): no signals
,,https://www.wellesley.ca/council-and-administration/careers,Subscription Messaging,validation gate failed (0/2): no signals
,,https://www.wawa.cc/your-government/employment-opportunities,Privacy Policy,validation gate failed (0/2): no signals
,,https://www.wawa.cc/your-government/employment-opportunities,"Accessibility for Ontarians with Disabilities Act , 2005 , S.O. 2005 , c. 11",validation gate failed (1/2): title_source_og_title
,,https://www.wawa.cc/your-government/employment-opportunities,Rso 1990 C M 56,validation gate failed (0/2): no signals
,,https://www.wawa.cc/your-government/employment-opportunities,01m 25,validation gate failed (0/2): no signals
,,https://www.wawa.cc/your-government/employment-opportunities,Subscribe | Municipality of Wawa,validation gate failed (1/2): title_source_og_title
,,https://www.tecumseh.ca/employment,Information For Candidates,validation gate failed (0/2): no signals
,,https://www.tecumseh.ca/employment,Dmaf Phase 1 Scully St Marks Pump Station And Riverside Drive East Reconstruction Project,validation gate failed (0/2): no signals
,,https://www.tecumseh.ca/employment,Report An Issue,validation gate failed (1/2): keywords_near_title
,,https://www.tecumseh.ca/employment,Subscription Messaging,validation gate failed (0/2): no signals
,,https://www.tecumseh.ca/employment,Police Services,validation gate failed (1/2): title_source_og_title
,,https://www.tecumseh.ca/employment,Burn Permits,validation gate failed (1/2): title_source_og_title
,,https://www.tecumseh.ca/employment,Employment Opportunities,generic title pattern
,,https://www.tecumseh.ca/employment,Recreation And Leisure Programs,validation gate failed (0/2): no signals
,,https://www.tecumseh.ca/employment,Animal Services Licensing,validation gate failed (1/2): keywords_near_title
,,https://www.tecumseh.ca/employment,Rent A Facility Or Sports Field,validation gate failed (1/2): keywords_near_title
,,https://www.wasagabeach.com/our-organization/careers,Volunteer,validation gate failed (1/2): listing_apply_pattern
,,https://www.wasagabeach.com/our-organization/careers,Subscribe,validation gate failed (1/2): listing_apply_pattern
,,https://york.hua.hrsmart.com/hr/ats/JobSearch/viewAll/jobSearchPaginationExternal_pageSize:100/jobSearchPaginationExternal_page:1,Cross Site Request Forgery (csrf),validation gate failed (0/2): no signals
,,https://www.shibogama.on.ca/jobs,About,validation gate failed (1/2): keywords_near_title
,,https://www.shibogama.on.ca/jobs,Departments,validation gate failed (1/2): keywords_near_title
,,https://www.shibogama.on.ca/jobs,News,title blocklist exact: news
,,https://www.whitewaterregion.ca/careers,Notices,title blocklist exact: notices
,,https://www.whitewaterregion.ca/careers,Hydrant Flushing Cobden 8884,validation gate failed (0/2): no signals
,,https://www.whitewaterregion.ca/careers,Spring Load Restrictions,validation gate failed (0/2): no signals
,,https://www.whitewaterregion.ca/careers,Tenders Rfps,validation gate failed (1/2): keywords_near_title
,,https://www.whitewaterregion.ca/careers,Watermain Flushing In Cobden,validation gate failed (0/2): no signals
,,https://www.whitewaterregion.ca/careers,Beachburg Outdoor Watering Restrictions 1455,validation gate failed (0/2): no signals
,,https://www.wilmot.ca/township-office/jobs-and-volunteering/job-opportunities,Privacy Policy,validation gate failed (1/2): listing_apply_pattern
,,https://www.wilmot.ca/township-office/jobs-and-volunteering/job-opportunities,Upcoming Access Changes For Administration Complex And Castle Kilbride,validation gate failed (1/2): listing_apply_pattern
,,https://www.wilmot.ca/township-office/jobs-and-volunteering/job-opportunities,Subscription Messaging,validation gate failed (1/2): listing_apply_pattern
,,https://www.haldimandcounty.ca/news/job-postings,Victoria Day weekend,validation gate failed (1/2): title_source_og_title
,,https://www.haldimandcounty.ca/news/job-postings,Haldimand County,validation gate failed (1/2): title_source_og_title
,,https://www.haldimandcounty.ca/news/job-postings,Building And Construction,validation gate failed (1/2): keywords_near_title
,,https://www.haldimandcounty.ca/news/job-postings,Claims Insurance And Risk Management,validation gate failed (1/2): keywords_near_title
,,https://www.haldimandcounty.ca/news/job-postings,Grandview Lodge,validation gate failed (1/2): title_source_og_title
,,https://www.haldimandcounty.ca/news/job-postings,Haldimand County,validation gate failed (1/2): title_source_og_title
,,https://www.haldimandcounty.ca/news/job-postings,Property Standards and Clean Yards,validation gate failed (1/2): title_source_og_title
,,https://www.haldimandcounty.ca/news/job-postings,Property Taxes,validation gate failed (1/2): title_source_og_title
,,https://www.haldimandcounty.ca/news/job-postings,Roads and Sidewalks,validation gate failed (1/2): title_source_og_title
,,https://www.haldimandcounty.ca/news/job-postings,Trees and Forest Conservation,validation gate failed (1/2): title_source_og_title
,,https://www.haldimandcounty.ca/news/job-postings,Camps,validation gate failed (0/2): no signals
,,https://www.haldimandcounty.ca/news/job-postings,Cemeteries,validation gate failed (0/2): no signals
,,https://www.haldimandcounty.ca/news/job-postings,Community Partnerships,validation gate failed (0/2): no signals
,,https://www.haldimandcounty.ca/news/job-postings,Facility Rentals,validation gate failed (1/2): keywords_near_title
,,https://www.haldimandcounty.ca/news/job-postings,Festivals And Events,validation gate failed (1/2): keywords_near_title
,,https://www.haldimandcounty.ca/news/job-postings,Flags,validation gate failed (0/2): no signals
,,https://www.haldimandcounty.ca/news/job-postings,Halls And Meeting Spaces,validation gate failed (0/2): no signals
,,https://www.haldimandcounty.ca/news/job-postings,Heritage And Culture,validation gate failed (0/2): no signals
,,https://www.haldimandcounty.ca/news/job-postings,Parks and Pavilions,validation gate failed (1/2): title_source_og_title
,,https://www.haldimandcounty.ca/news/job-postings,Recreation,validation gate failed (1/2): keywords_near_title
,,https://www.haldimandcounty.ca/news/job-postings,Skate Parks,validation gate failed (0/2): no signals
,,https://www.haldimandcounty.ca/news/job-postings,Sports Fields And Courts,validation gate failed (0/2): no signals
,,https://www.haldimandcounty.ca/news/job-postings,"Swimming , Pools and Splash Pads",validation gate failed (1/2): title_source_og_title
,,https://www.haldimandcounty.ca/news/job-postings,Trails And Pathways,validation gate failed (0/2): no signals
,,https://www.haldimandcounty.ca/news/job-postings,Uniquely Haldimand Photo Contest,validation gate failed (0/2): no signals
,,https://www.haldimandcounty.ca/news/job-postings,Affordable Housing Strategy,validation gate failed (0/2): no signals
,,https://www.haldimandcounty.ca/news/job-postings,Business Licences,validation gate failed (1/2): keywords_near_title
,,https://www.haldimandcounty.ca/news/job-postings,Community Profile,validation gate failed (0/2): no signals
,,https://www.haldimandcounty.ca/news/job-postings,Haldimand County Construction Projects,validation gate failed (0/2): no signals
,,https://www.haldimandcounty.ca/news/job-postings,Filming In Haldimand,validation gate failed (1/2): keywords_near_title
,,https://www.haldimandcounty.ca/news/job-postings,Invest and Grow in Haldimand County,validation gate failed (1/2): title_source_og_title
,,https://www.haldimandcounty.ca/news/job-postings,Maps And Guides,validation gate failed (0/2): no signals
,,https://www.haldimandcounty.ca/news/job-postings,Planning And Development,validation gate failed (1/2): keywords_near_title
,,https://www.haldimandcounty.ca/news/job-postings,Access To Information,validation gate failed (1/2): keywords_near_title
,,https://www.haldimandcounty.ca/news/job-postings,Accessibility,validation gate failed (1/2): keywords_near_title
,,https://www.haldimandcounty.ca/news/job-postings,Boards And Committees,validation gate failed (1/2): keywords_near_title
,,https://www.haldimandcounty.ca/news/job-postings,Budget And Finances,validation gate failed (1/2): keywords_near_title
,,https://www.haldimandcounty.ca/news/job-postings,Contact Us,validation gate failed (1/2): title_source_og_title
,,https://www.haldimandcounty.ca/news/job-postings,Customer Service,validation gate failed (0/2): no signals
,,https://www.haldimandcounty.ca/news/job-postings,Elections,validation gate failed (0/2): no signals
,,https://www.haldimandcounty.ca/news/job-postings,Haldimand County Owned Property,validation gate failed (1/2): keywords_near_title
,,https://www.haldimandcounty.ca/news/job-postings,Provincial Offences,validation gate failed (1/2): keywords_near_title
,,https://www.haldimandcounty.ca/news/job-postings,Haldimand County,validation gate failed (1/2): title_source_og_title
,,https://www.haldimandcounty.ca/news/job-postings,Terms Of Use And Privacy,validation gate failed (0/2): no signals
,,https://www.haldimandcounty.ca/news/job-postings,Burn Permits,validation gate failed (1/2): keywords_near_title
,,https://www.haldimandcounty.ca/news/job-postings,Haldimand County,validation gate failed (1/2): title_source_og_title
,,https://www.haldimandcounty.ca/news/job-postings,Lottery Licences,validation gate failed (1/2): keywords_near_title
,,https://www.haldimandcounty.ca/news/job-postings,VCH,validation gate failed (1/2): keywords_near_title
,,https://www.haldimandcounty.ca/news/job-postings,Speaking At A Meeting,validation gate failed (1/2): keywords_near_title
,,https://www.haldimandcounty.ca/news/job-postings,Bulk Water Depots,validation gate failed (1/2): keywords_near_title
,,https://www.haldimandcounty.ca/news/job-postings,Pay a Parking Ticket,validation gate failed (1/2): title_source_og_title
,,https://www.haldimandcounty.ca/news/job-postings,Paying Your Property Taxes,validation gate failed (1/2): keywords_near_title
,,https://www.haldimandcounty.ca/news/job-postings,Paying Your Water Bill,validation gate failed (1/2): keywords_near_title
,,https://www.haldimandcounty.ca/news/job-postings,Accountability And Transparency,validation gate failed (1/2): keywords_near_title
,,https://www.haldimandcounty.ca/news/job-postings,Report Road Concern,validation gate failed (0/2): no signals
,,https://www.haldimandcounty.ca/news/job-postings,Report A Traffic Concern,validation gate failed (0/2): no signals
,,https://www.brantford.ca/en/your-government/full-time-opportunities.aspx,Brantford Police Opportunities,non-job category context
,,https://www.brantford.ca/en/your-government/full-time-opportunities.aspx,Our Mission Vision Values,non-job category context
,,https://www.brantford.ca/en/your-government/full-time-opportunities.aspx,Public Nuisance By Law,non-job category context
,,https://www.brantford.ca/en/your-government/full-time-opportunities.aspx,Gift Registry,non-job category context
,,https://www.brantford.ca/en/your-government/full-time-opportunities.aspx,Committees And Boards,non-job category context
,,https://www.brantford.ca/en/your-government/full-time-opportunities.aspx,Resource Centre For Members,non-job category context
,,https://www.brantford.ca/en/your-government/full-time-opportunities.aspx,Meetings,validation gate failed (1/2): listing_apply_pattern
,,https://www.brantford.ca/en/your-government/full-time-opportunities.aspx,Meetings,validation gate failed (1/2): listing_apply_pattern
,,https://www.brantford.ca/en/your-government/full-time-opportunities.aspx,Building Safer Communities,non-job category context
,,https://www.brantford.ca/en/your-government/full-time-opportunities.aspx,Community Safety And Well Being Plan,non-job category context
,,https://www.brantford.ca/en/your-government/full-time-opportunities.aspx,Intimate Partner And Gender Based Violence,non-job category context
,,https://www.brantford.ca/en/your-government/full-time-opportunities.aspx,16 Days Of Activism,non-job category context
,,https://www.brantford.ca/en/your-government/full-time-opportunities.aspx,Onebrantford Inclusive City Strategy,non-job category context
,,https://www.brantford.ca/en/your-government/full-time-opportunities.aspx,Walking Together Indigenous Relations And Reconciliation,non-job category context
,,https://www.brantford.ca/en/your-government/full-time-opportunities.aspx,Ava Road Bridge Rehabilitation Project,non-job category context
,,https://www.brantford.ca/en/your-government/full-time-opportunities.aspx,Southwest Community Centre And Park,non-job category context
,,https://www.brantford.ca/en/your-government/full-time-opportunities.aspx,Brants Crossing Bridge Replacement,non-job category context
,,https://www.brantford.ca/en/your-government/full-time-opportunities.aspx,Downtown Revitalization Project,non-job category context
,,https://www.brantford.ca/en/your-government/full-time-opportunities.aspx,Come Around To A New Downtown,non-job category context
,,https://www.brantford.ca/en/your-government/full-time-opportunities.aspx,Downtown Detours,non-job category context
,,https://www.brantford.ca/en/your-government/full-time-opportunities.aspx,Downtown Revitalization Project News And Updates,non-job category context
,,https://www.brantford.ca/en/your-government/full-time-opportunities.aspx,Downtown Revitalization Project Events Listing,non-job category context
,,https://www.brantford.ca/en/your-government/full-time-opportunities.aspx,Downtown Revitalization Project Frequently Asked Questions,non-job category context
,,https://www.brantford.ca/en/your-government/full-time-opportunities.aspx,Colborne St Slope Stabilization,non-job category context
,,https://www.brantford.ca/en/your-government/full-time-opportunities.aspx,Colborne Street West Sound Barrier Project,non-job category context
,,https://www.brantford.ca/en/your-government/full-time-opportunities.aspx,Energy Management,non-job category context
,,https://www.brantford.ca/en/your-government/full-time-opportunities.aspx,Mohawk Lake District Plan,non-job category context
,,https://www.brantford.ca/en/your-government/full-time-opportunities.aspx,North East Flood Remediation Study,non-job category context
,,https://www.brantford.ca/en/your-government/full-time-opportunities.aspx,Tutela Heights Stabilization,non-job category context
,,https://www.brantford.ca/en/your-government/full-time-opportunities.aspx,Braneida Stormwater Management Facility Retrofit And Downstream Channel Remediation,non-job category context
,,https://www.brantford.ca/en/your-government/full-time-opportunities.aspx,Empey Street Wastewater Pumping Station Upgrades,non-job category context
,,https://www.brantford.ca/en/your-government/full-time-opportunities.aspx,Come Around To A New Downtown,non-job category context
,,https://www.brantford.ca/en/your-government/full-time-opportunities.aspx,Downtown Streetscaping Ea Notice Of Pic 3,non-job category context
,,https://www.brantford.ca/en/your-government/full-time-opportunities.aspx,Glenwood Drive And Peartree Court Utility Access Route,non-job category context
,,https://www.brantford.ca/en/your-government/full-time-opportunities.aspx,Notice Of Completion Utility Access Route Between Glenwood Drive And Peartree Court Ea,non-job category context
,,https://www.brantford.ca/en/your-government/full-time-opportunities.aspx,Mohawk Lake And Mohawk Canal Cleanup And Rehabilitation Project,non-job category context
,,https://www.brantford.ca/en/your-government/full-time-opportunities.aspx,Northwest Brantford Municipal Services Expansion,non-job category context
,,https://www.brantford.ca/en/your-government/full-time-opportunities.aspx,Notice Of Study Commencement Northwest Municipal Services Expansion Environmental Assessments,non-job category context
,,https://www.brantford.ca/en/your-government/full-time-opportunities.aspx,Notice Of Study Pic Northwest Municipal Services Expansion Eas,non-job category context
,,https://www.brantford.ca/en/your-government/full-time-opportunities.aspx,Notice Of Study Pic 2 Northwest Municipal Services Expansion Ea,non-job category context
,,https://www.brantford.ca/en/your-government/full-time-opportunities.aspx,Oak Park Road Trunk Watermain And Trunk Sewer Notice Of Study Completion,non-job category context
,,https://www.brantford.ca/en/your-government/full-time-opportunities.aspx,Notice Of Study Pic Northwest Municipal Services Expansion Eas,non-job category context
,,https://www.brantford.ca/en/your-government/full-time-opportunities.aspx,Notice Of Study Pic 2 Northwest Municipal Services Expansion Ea,non-job category context
,,https://www.brantford.ca/en/your-government/full-time-opportunities.aspx,Paris Road Golf Road And Trunk Watermain Environmental Assessment Studies,non-job category context
,,https://www.brantford.ca/en/your-government/full-time-opportunities.aspx,Paris Road Golf Road Ea Notice Of Study Commencement,non-job category context
,,https://www.brantford.ca/en/your-government/full-time-opportunities.aspx,Notice Of Public Information Centre 1 Paris Road Golf Road Ea,non-job category context
,,https://www.brantford.ca/en/your-government/full-time-opportunities.aspx,Powerline Road Transportation Capacity Environmental Assessment,non-job category context
,,https://www.brantford.ca/en/your-government/full-time-opportunities.aspx,Notice Of Study Commencement Powerline Road Transportation Capacity Environmental Assessment,non-job category context
,,https://www.brantford.ca/en/your-government/full-time-opportunities.aspx,Powerline Road Transportation Capacity Environmental Assessment Notice Of Pic 1,non-job category context
,,https://www.brantford.ca/en/your-government/full-time-opportunities.aspx,Powerline Road Transportation Capacity Environmental Assessment Notice Of Pic 2,non-job category context
,,https://www.brantford.ca/en/your-government/full-time-opportunities.aspx,Pressure District 2 3 Water Storage Tank,non-job category context
,,https://www.brantford.ca/en/your-government/full-time-opportunities.aspx,Notice Of Study Commencement Pressure District 2 3 Water Storage Tank,non-job category context
,,https://www.brantford.ca/en/your-government/full-time-opportunities.aspx,St Andrews Drive Wastewater Pumping Station Upgrades,non-job category context
,,https://www.brantford.ca/en/your-government/full-time-opportunities.aspx,Notice Of Public Consultation St Andrews Drive Wastewater Pumping Station Upgrades,non-job category context
,,https://www.brantford.ca/en/your-government/full-time-opportunities.aspx,St Andrews Drive Wastewater Pumping Station Pic Notice,non-job category context
,,https://www.brantford.ca/en/your-government/full-time-opportunities.aspx,Three Grand River Crossings,non-job category context
,,https://www.brantford.ca/en/your-government/full-time-opportunities.aspx,Wastewater Treatment Plant New Effluent Pumping Station And Forcemain Study,non-job category context
,,https://www.brantford.ca/en/your-government/full-time-opportunities.aspx,Wastewater Treatment Plant Notice Of Study Commencement,non-job category context
,,https://www.brantford.ca/en/your-government/full-time-opportunities.aspx,Pic Notice 2 Wayne Gretzky Parkway North Extension Municipal Class Ea,non-job category context
,,https://www.brantford.ca/en/your-government/full-time-opportunities.aspx,West Brant Access Route,non-job category context
,,https://www.brantford.ca/en/your-government/full-time-opportunities.aspx,West St Charingcrossst Intersection Improvements,non-job category context
,,https://www.brantford.ca/en/your-government/full-time-opportunities.aspx,Parks And Recreation Master Plan,non-job category context
,,https://www.brantford.ca/en/your-government/full-time-opportunities.aspx,Transportation Master Plan Update,non-job category context
,,https://www.brantford.ca/en/your-government/full-time-opportunities.aspx,Transportation Master Plan Study Commencement Notice,non-job category context
,,https://www.brantford.ca/en/your-government/full-time-opportunities.aspx,Notice Of Public Information Centre Transportation Master Plan 2025 Update,non-job category context
,,https://www.brantford.ca/en/your-government/full-time-opportunities.aspx,Bids And Tenders,non-job category context
,,https://www.brantford.ca/en/your-government/full-time-opportunities.aspx,Development Applications,validation gate failed (1/2): listing_apply_pattern
,,https://www.brantford.ca/en/your-government/full-time-opportunities.aspx,Housing And Shelter,validation gate failed (1/2): listing_apply_pattern
,,https://www.brantford.ca/en/your-government/full-time-opportunities.aspx,Speaking At A Council Meeting,non-job category context
,,https://www.brantford.ca/en/your-government/full-time-opportunities.aspx,Your Government Volunteer,non-job category context
,,https://www.brantford.ca/en/your-government/full-time-opportunities.aspx,Activity Search,validation gate failed (1/2): listing_apply_pattern
,,https://www.brantford.ca/en/your-government/full-time-opportunities.aspx,Pay Your Parking Ticket,non-job category context
,,https://www.brantford.ca/en/your-government/full-time-opportunities.aspx,By Law Enforcement,non-job category context
,,https://www.brantford.ca/en/your-government/full-time-opportunities.aspx,Bulk Item Pick Up,non-job category context
,,https://www.brantford.ca/en/your-government/full-time-opportunities.aspx,S,non-job category context
,,https://www.brantford.ca/en/your-government/full-time-opportunities.aspx,Customer Service Strategy,non-job category context
,,https://www.brantford.ca/en/your-government/full-time-opportunities.aspx,Garbage Recycling Or Yard Waste Collection Issue,non-job category context
,,https://www.brantford.ca/en/your-government/full-time-opportunities.aspx,Report Malfunctioning Or Damaged Streetlight,non-job category context
,,https://www.perthcounty.ca/en/county-government/employment-opportunities.aspx,Search,validation gate failed (1/2): listing_apply_pattern
,,https://www.perthcounty.ca/en/county-government/employment-opportunities.aspx,Report A Problem,validation gate failed (1/2): listing_apply_pattern
,,https://www.perthcounty.ca/en/county-government/employment-opportunities.aspx,Search,validation gate failed (1/2): listing_apply_pattern
,,https://www.perthcounty.ca/en/county-government/employment-opportunities.aspx,By Laws,title blocklist exact: by laws
,,https://www.perthcounty.ca/en/county-government/employment-opportunities.aspx,Search,validation gate failed (1/2): listing_apply_pattern
,,https://www.howick.ca/township-services/employment-opportunities-in-howick,Garbage Recycling Landfill,validation gate failed (1/2): keywords_near_title
,,https://www.howick.ca/township-services/employment-opportunities-in-howick,Changes Coming To Howicks Curbside Garbage Recycling Pickup,validation gate failed (0/2): no signals
,,https://www.howick.ca/township-services/employment-opportunities-in-howick,Canine Control,validation gate failed (1/2): keywords_near_title
,,https://www.howick.ca/township-services/employment-opportunities-in-howick,Wildlife,validation gate failed (1/2): title_source_og_title
,,https://www.howick.ca/township-services/employment-opportunities-in-howick,Livestock in settlement areas,validation gate failed (1/2): title_source_og_title
,,https://www.howick.ca/township-services/employment-opportunities-in-howick,Bids Tenders and RFPs,validation gate failed (1/2): title_source_og_title
,,https://www.howick.ca/township-services/employment-opportunities-in-howick,Council,validation gate failed (1/2): title_source_og_title
,,https://www.howick.ca/township-services/employment-opportunities-in-howick,Councillors,validation gate failed (1/2): title_source_og_title
,,https://www.howick.ca/township-services/employment-opportunities-in-howick,Agendas & Minutes,validation gate failed (1/2): title_source_og_title
,,https://www.howick.ca/township-services/employment-opportunities-in-howick,Strategic Action Plan,validation gate failed (1/2): title_source_og_title
,,https://www.howick.ca/township-services/employment-opportunities-in-howick,Boards and Committees,validation gate failed (1/2): title_source_og_title
,,https://www.howick.ca/township-services/employment-opportunities-in-howick,Freedom of Information,validation gate failed (1/2): title_source_og_title
,,https://www.howick.ca/township-services/employment-opportunities-in-howick,Gettingmarried,validation gate failed (1/2): keywords_near_title
,,https://www.howick.ca/township-services/employment-opportunities-in-howick,Municipal Drain Request Form,validation gate failed (1/2): title_source_og_title
,,https://www.howick.ca/township-services/employment-opportunities-in-howick,Voter Information,validation gate failed (1/2): title_source_og_title
,,https://www.howick.ca/township-services/employment-opportunities-in-howick,Candidate Information,validation gate failed (1/2): keywords_near_title
,,https://www.howick.ca/township-services/employment-opportunities-in-howick,Municipal Compliance Audit Committee,validation gate failed (1/2): title_source_og_title
,,https://www.howick.ca/township-services/employment-opportunities-in-howick,The By Law Enforcement Process,validation gate failed (1/2): keywords_near_title
,,https://www.howick.ca/township-services/employment-opportunities-in-howick,Reporting Infractions,validation gate failed (1/2): title_source_og_title
,,https://www.howick.ca/township-services/employment-opportunities-in-howick,Anonymous Reporting,validation gate failed (1/2): title_source_og_title
,,https://www.howick.ca/township-services/employment-opportunities-in-howick,Set Fines for By,validation gate failed (1/2): title_source_og_title
,,https://www.howick.ca/township-services/employment-opportunities-in-howick,Property Standards vs. Clean Yards,validation gate failed (1/2): title_source_og_title
,,https://www.howick.ca/township-services/employment-opportunities-in-howick,Remembrance Day Banners,validation gate failed (1/2): title_source_og_title
,,https://www.howick.ca/township-services/employment-opportunities-in-howick,Business,validation gate failed (1/2): title_source_og_title
,,https://www.howick.ca/township-services/employment-opportunities-in-howick,Building Department,validation gate failed (1/2): keywords_near_title
,,https://www.howick.ca/township-services/employment-opportunities-in-howick,Planning Development,validation gate failed (1/2): keywords_near_title
,,https://www.howick.ca/township-services/employment-opportunities-in-howick,Official Plan,validation gate failed (1/2): keywords_near_title
,,https://www.howick.ca/township-services/employment-opportunities-in-howick,Recreation Facilities,validation gate failed (1/2): keywords_near_title
,,https://www.howick.ca/township-services/employment-opportunities-in-howick,Aquatic Programs,validation gate failed (0/2): no signals
,,https://www.howick.ca/township-services/employment-opportunities-in-howick,Public Skating,validation gate failed (0/2): no signals
,,https://www.howick.ca/township-services/employment-opportunities-in-howick,Day Camps,validation gate failed (1/2): keywords_near_title
,,https://www.howick.ca/township-services/employment-opportunities-in-howick,Facility Rentals,validation gate failed (0/2): no signals
,,https://www.howick.ca/township-services/employment-opportunities-in-howick,Programs,validation gate failed (0/2): no signals
,,https://www.howick.ca/township-services/employment-opportunities-in-howick,Before And After School Program,validation gate failed (0/2): no signals
,,https://www.howick.ca/township-services/employment-opportunities-in-howick,Calendar,validation gate failed (1/2): title_source_og_title
,,https://www.howick.ca/township-services/employment-opportunities-in-howick,Community Safety And Well Being Plan,validation gate failed (0/2): no signals
,,https://www.howick.ca/township-services/employment-opportunities-in-howick,Community Groups,validation gate failed (0/2): no signals
,,https://www.howick.ca/township-services/employment-opportunities-in-howick,Trails,validation gate failed (0/2): no signals
,,https://www.howick.ca/township-services/employment-opportunities-in-howick,Fordwich,validation gate failed (0/2): no signals
,,https://www.howick.ca/township-services/employment-opportunities-in-howick,Gorrie,validation gate failed (0/2): no signals
,,https://www.howick.ca/township-services/employment-opportunities-in-howick,Wroxeter,validation gate failed (0/2): no signals
,,https://www.howick.ca/township-services/employment-opportunities-in-howick,Walking Trail Brochure,validation gate failed (0/2): no signals
,,https://www.howick.ca/township-services/employment-opportunities-in-howick,Whih,validation gate failed (0/2): no signals
,,https://www.howick.ca/township-services/employment-opportunities-in-howick,Dog Registration,validation gate failed (1/2): title_source_og_title
,,https://www.howick.ca/township-services/employment-opportunities-in-howick,Kennel Licence Application,validation gate failed (1/2): title_source_og_title
,,https://www.howick.ca/township-services/employment-opportunities-in-howick,Civil Marriage Officiant Booking Form,validation gate failed (1/2): title_source_og_title
,,https://www.howick.ca/township-services/employment-opportunities-in-howick,Aquatic Programs,validation gate failed (0/2): no signals
,,https://www.howick.ca/township-services/employment-opportunities-in-howick,Public Swimming,validation gate failed (0/2): no signals
,,https://www.howick.ca/township-services/employment-opportunities-in-howick,Gorrie Gators Swim Team,validation gate failed (0/2): no signals
,,https://www.howick.ca/township-services/employment-opportunities-in-howick,Aquafit,validation gate failed (0/2): no signals
,,https://www.stonemills.com/our-government/careers,Privacy Policy,validation gate failed (1/2): title_source_og_title
,,https://www.stonemills.com/our-government/careers,Animal Services,validation gate failed (0/2): no signals
,,https://www.stonemills.com/our-government/careers,Associations And Agencies,validation gate failed (0/2): no signals
,,https://www.stonemills.com/our-government/careers,Building And Renovating,validation gate failed (1/2): keywords_near_title
,,https://www.stonemills.com/our-government/careers,By Laws And Enforcement,validation gate failed (0/2): no signals
,,https://www.stonemills.com/our-government/careers,Community Profile,validation gate failed (0/2): no signals
,,https://www.stonemills.com/our-government/careers,Environment And Sustainability,validation gate failed (0/2): no signals
,,https://www.stonemills.com/our-government/careers,Facility And Hall Rentals,validation gate failed (1/2): keywords_near_title
,,https://www.stonemills.com/our-government/careers,Health Services,validation gate failed (0/2): no signals
,,https://www.stonemills.com/our-government/careers,Housing,validation gate failed (0/2): no signals
,,https://www.stonemills.com/our-government/careers,Library,validation gate failed (0/2): no signals
,,https://www.stonemills.com/our-government/careers,Property Taxes,validation gate failed (0/2): no signals
,,https://www.stonemills.com/our-government/careers,Roads,validation gate failed (1/2): keywords_near_title
,,https://www.stonemills.com/our-government/careers,Schools,validation gate failed (0/2): no signals
,,https://www.stonemills.com/our-government/careers,Senior And Social Services,validation gate failed (0/2): no signals
,,https://www.stonemills.com/our-government/careers,Waste And Recycling,validation gate failed (0/2): no signals
,,https://www.stonemills.com/our-government/careers,Art History And Culture,validation gate failed (0/2): no signals
,,https://www.stonemills.com/our-government/careers,Facility And Hall Rentals,validation gate failed (1/2): keywords_near_title
,,https://www.stonemills.com/our-government/careers,Parks Trails And Playgrounds,validation gate failed (0/2): no signals
,,https://www.stonemills.com/our-government/careers,Recreational Programs,validation gate failed (0/2): no signals
,,https://www.stonemills.com/our-government/careers,Tourism,validation gate failed (0/2): no signals
,,https://www.stonemills.com/our-government/careers,Advertising And Sponsorships,validation gate failed (0/2): no signals
,,https://www.stonemills.com/our-government/careers,Procurement,title blocklist exact: procurement
,,https://www.stonemills.com/our-government/careers,Building And Renovating,validation gate failed (1/2): keywords_near_title
,,https://www.stonemills.com/our-government/careers,Planning And Development,validation gate failed (1/2): keywords_near_title
,,https://www.stonemills.com/our-government/careers,Starting Or Expanding A Business,validation gate failed (0/2): no signals
,,https://www.stonemills.com/our-government/careers,Agendas and Minutes,validation gate failed (1/2): title_source_og_title
,,https://www.stonemills.com/our-government/careers,"Applications , Licences and Permits",validation gate failed (1/2): title_source_og_title
,,https://www.stonemills.com/our-government/careers,Boards and Committees,validation gate failed (1/2): title_source_og_title
,,https://www.stonemills.com/our-government/careers,Budget and Finances,validation gate failed (1/2): title_source_og_title
,,https://www.stonemills.com/our-government/careers,laws and Enforcement,validation gate failed (1/2): title_source_og_title
,,https://www.stonemills.com/our-government/careers,Council | Township of Stone Mills,validation gate failed (1/2): title_source_og_title
,,https://www.stonemills.com/our-government/careers,Elections,validation gate failed (1/2): keywords_near_title
,,https://www.stonemills.com/our-government/careers,Freedom of Information,validation gate failed (1/2): title_source_og_title
,,https://www.stonemills.com/our-government/careers,News,title blocklist exact: news
,,https://www.stonemills.com/our-government/careers,"Plans , Reports and Studies",validation gate failed (1/2): title_source_og_title
,,https://www.stonemills.com/our-government/careers,Report A Concern,validation gate failed (0/2): no signals
,,https://www.stonemills.com/our-government/careers,Subscription Messaging,validation gate failed (0/2): no signals
,,https://www.owensound.ca/city-government/careers,Privacy Policy,validation gate failed (0/2): no signals
,,https://www.owensound.ca/city-government/careers,Www.registertovoteon.ca,validation gate failed (0/2): no signals
,,https://www.owensound.ca/city-government/careers,Animal Services,validation gate failed (1/2): keywords_near_title
,,https://www.owensound.ca/city-government/careers,Building Permits Inspections,validation gate failed (0/2): no signals
,,https://www.owensound.ca/city-government/careers,Citizen Satisfaction Survey,validation gate failed (1/2): keywords_near_title
,,https://www.owensound.ca/city-government/careers,Community Profile,validation gate failed (1/2): title_source_og_title
,,https://www.owensound.ca/city-government/careers,Garbage Green Bins Recycling,validation gate failed (0/2): no signals
,,https://www.owensound.ca/city-government/careers,Marriages Licences And Civil Marriage Ceremonies,validation gate failed (1/2): keywords_near_title
,,https://www.owensound.ca/city-government/careers,News And Public Notices,validation gate failed (1/2): keywords_near_title
,,https://www.owensound.ca/city-government/careers,En,validation gate failed (0/2): no signals
,,https://www.owensound.ca/city-government/careers,En,validation gate failed (0/2): no signals
,,https://www.owensound.ca/city-government/careers,Water And Wastewater,validation gate failed (1/2): keywords_near_title
,,https://www.owensound.ca/city-government/careers,Arts And Culture,validation gate failed (0/2): no signals
,,https://www.owensound.ca/city-government/careers,Camping And Rv,validation gate failed (0/2): no signals
,,https://www.owensound.ca/city-government/careers,Events And Festivals,validation gate failed (1/2): keywords_near_title
,,https://www.owensound.ca/city-government/careers,Heritage Conservation,validation gate failed (1/2): keywords_near_title
,,https://www.owensound.ca/city-government/careers,Parks Trails And Facilities,validation gate failed (0/2): no signals
,,https://www.owensound.ca/city-government/careers,Recreation And Programs,validation gate failed (1/2): keywords_near_title
,,https://www.owensound.ca/city-government/careers,Sports Hall Of Fame,validation gate failed (1/2): keywords_near_title
,,https://www.owensound.ca/city-government/careers,Story Maps And Tours,validation gate failed (0/2): no signals
,,https://www.owensound.ca/city-government/careers,Tom Thomson Art Gallery,validation gate failed (0/2): no signals
,,https://www.owensound.ca/city-government/careers,Volunteer,validation gate failed (0/2): no signals
,,https://www.owensound.ca/city-government/careers,Waterfront Camera View,validation gate failed (0/2): no signals
,,https://www.owensound.ca/city-government/careers,Crossing Guards,validation gate failed (1/2): keywords_near_title
,,https://www.owensound.ca/city-government/careers,Getting Here,validation gate failed (0/2): no signals
,,https://www.owensound.ca/city-government/careers,Guelph Owen Sound Transportation,validation gate failed (0/2): no signals
,,https://www.owensound.ca/city-government/careers,F 3a 1262f 41be 4ce 78ca 5b 0db 09782b 38,validation gate failed (0/2): no signals
,,https://www.owensound.ca/city-government/careers,Parking,validation gate failed (0/2): no signals
,,https://www.owensound.ca/city-government/careers,Public Transit,validation gate failed (0/2): no signals
,,https://www.owensound.ca/city-government/careers,Road Construction Closures,validation gate failed (0/2): no signals
,,https://www.owensound.ca/city-government/careers,Temporary Encroachment Permits,validation gate failed (1/2): keywords_near_title
,,https://www.owensound.ca/city-government/careers,Snow Clearing Winter Maintenance,validation gate failed (0/2): no signals
,,https://www.owensound.ca/city-government/careers,En,validation gate failed (1/2): keywords_near_title
,,https://www.owensound.ca/city-government/careers,Building And Renovating Cloudpermit,validation gate failed (1/2): keywords_near_title
,,https://www.owensound.ca/city-government/careers,Business Licences,validation gate failed (1/2): keywords_near_title
,,https://www.owensound.ca/city-government/careers,Planning And Development,validation gate failed (1/2): keywords_near_title
,,https://www.owensound.ca/city-government/careers,Property Inquiry,validation gate failed (1/2): keywords_near_title
,,https://www.owensound.ca/city-government/careers,Property Taxes,validation gate failed (1/2): keywords_near_title
,,https://www.owensound.ca/city-government/careers,Report A Concern,validation gate failed (1/2): keywords_near_title
,,https://www.owensound.ca/city-government/careers,Short Term Rentals,validation gate failed (1/2): keywords_near_title
,,https://www.owensound.ca/city-government/careers,Accessibility | City of Owen Sound,validation gate failed (1/2): title_source_og_title
,,https://www.owensound.ca/city-government/careers,"Applications , Licences and Permits",validation gate failed (1/2): title_source_og_title
,,https://www.owensound.ca/city-government/careers,Budget and Finance,validation gate failed (1/2): title_source_og_title
,,https://www.owensound.ca/city-government/careers,Commissioner of Oaths,validation gate failed (1/2): title_source_og_title
,,https://www.owensound.ca/city-government/careers,Council And Mayor,validation gate failed (1/2): keywords_near_title
,,https://www.owensound.ca/city-government/careers,Elections | City of Owen Sound,validation gate failed (1/2): title_source_og_title
,,https://www.owensound.ca/city-government/careers,Freedom of Information,validation gate failed (1/2): title_source_og_title
,,https://www.owensound.ca/city-government/careers,"Meetings of Council , Committees , and River District Board",validation gate failed (1/2): title_source_og_title
,,https://www.owensound.ca/city-government/careers,Purchasing Gis Risk And Asset Management,validation gate failed (1/2): keywords_near_title
,,https://www.owensound.ca/city-government/careers,"Reports , Studies and Plans",validation gate failed (1/2): title_source_og_title
,,https://www.owensound.ca/city-government/careers,Asset Management Plans 2025,validation gate failed (1/2): title_source_og_title
,,https://www.owensound.ca/city-government/careers,Service Review Actions,validation gate failed (1/2): keywords_near_title
,,https://www.owensound.ca/city-government/careers,Contacts Directory,validation gate failed (1/2): role_like_title
,,https://www.southhuron.ca/government/careers-and-volunteer-opportunities,Privacy Policy,validation gate failed (1/2): title_source_og_title
,,https://www.southhuron.ca/government/careers-and-volunteer-opportunities,Property Taxes,validation gate failed (1/2): keywords_near_title
,,https://www.southhuron.ca/government/careers-and-volunteer-opportunities,Utility Billing,validation gate failed (1/2): keywords_near_title
,,https://www.southhuron.ca/government/careers-and-volunteer-opportunities,Accessibility | Municipality of South Huron,validation gate failed (1/2): title_source_og_title
,,https://www.southhuron.ca/government/careers-and-volunteer-opportunities,Animal Control Wildlife Concerns,validation gate failed (0/2): no signals
,,https://www.southhuron.ca/government/careers-and-volunteer-opportunities,Building,validation gate failed (1/2): keywords_near_title
,,https://www.southhuron.ca/government/careers-and-volunteer-opportunities,Cemeteries,validation gate failed (1/2): keywords_near_title
,,https://www.southhuron.ca/government/careers-and-volunteer-opportunities,Drinking Water Wastewater Drainage,validation gate failed (0/2): no signals
,,https://www.southhuron.ca/government/careers-and-volunteer-opportunities,Fire Emergency Services,validation gate failed (1/2): keywords_near_title
,,https://www.southhuron.ca/government/careers-and-volunteer-opportunities,Garbage Recycling Yard Waste,validation gate failed (0/2): no signals
,,https://www.southhuron.ca/government/careers-and-volunteer-opportunities,Heritage Municipal Register,validation gate failed (0/2): no signals
,,https://www.southhuron.ca/government/careers-and-volunteer-opportunities,Licenses Certificates Permits,validation gate failed (1/2): keywords_near_title
,,https://www.southhuron.ca/government/careers-and-volunteer-opportunities,News,title blocklist exact: news
,,https://www.southhuron.ca/government/careers-and-volunteer-opportunities,Payment Options,validation gate failed (1/2): keywords_near_title
,,https://www.southhuron.ca/government/careers-and-volunteer-opportunities,Report a Problem,validation gate failed (1/2): title_source_og_title
,,https://www.southhuron.ca/government/careers-and-volunteer-opportunities,Roads Sidewalks Parking,validation gate failed (1/2): keywords_near_title
,,https://www.southhuron.ca/government/careers-and-volunteer-opportunities,Service Disruptions,validation gate failed (0/2): no signals
,,https://www.southhuron.ca/government/careers-and-volunteer-opportunities,Social Services Huron County,validation gate failed (0/2): no signals
,,https://www.southhuron.ca/government/careers-and-volunteer-opportunities,Arts Heritage And Culture,validation gate failed (0/2): no signals
,,https://www.southhuron.ca/government/careers-and-volunteer-opportunities,Community Facilities,validation gate failed (0/2): no signals
,,https://www.southhuron.ca/government/careers-and-volunteer-opportunities,New To South Huron,validation gate failed (1/2): keywords_near_title
,,https://www.southhuron.ca/government/careers-and-volunteer-opportunities,Parking In South Huron,validation gate failed (0/2): no signals
,,https://www.southhuron.ca/government/careers-and-volunteer-opportunities,Programs Recreational Opportunities,validation gate failed (1/2): keywords_near_title
,,https://www.southhuron.ca/government/careers-and-volunteer-opportunities,Special Events,validation gate failed (1/2): keywords_near_title
,,https://www.southhuron.ca/government/careers-and-volunteer-opportunities,Stewardship Volunteerism,validation gate failed (0/2): no signals
,,https://www.southhuron.ca/government/careers-and-volunteer-opportunities,Bids And Tenders,validation gate failed (1/2): keywords_near_title
,,https://www.southhuron.ca/government/careers-and-volunteer-opportunities,Community Profile,validation gate failed (0/2): no signals
,,https://www.southhuron.ca/government/careers-and-volunteer-opportunities,Learn About Your Property,validation gate failed (1/2): keywords_near_title
,,https://www.southhuron.ca/government/careers-and-volunteer-opportunities,Planning And Development,validation gate failed (1/2): keywords_near_title
,,https://www.southhuron.ca/government/careers-and-volunteer-opportunities,Vitality Fund,validation gate failed (1/2): keywords_near_title
,,https://www.southhuron.ca/government/careers-and-volunteer-opportunities,Agendas Minutes Meetings,validation gate failed (0/2): no signals
,,https://www.southhuron.ca/government/careers-and-volunteer-opportunities,Finance And Budget,validation gate failed (1/2): keywords_near_title
,,https://www.southhuron.ca/government/careers-and-volunteer-opportunities,Compliance Reporting,validation gate failed (1/2): title_source_og_title
,,https://www.southhuron.ca/government/careers-and-volunteer-opportunities,Municipal Election,validation gate failed (1/2): title_source_og_title
,,https://www.southhuron.ca/government/careers-and-volunteer-opportunities,Indigenous Acknowledgement,validation gate failed (1/2): title_source_og_title
,,https://www.southhuron.ca/government/careers-and-volunteer-opportunities,Public Injury or Property Damage Reporting,validation gate failed (1/2): title_source_og_title
,,https://www.southhuron.ca/government/careers-and-volunteer-opportunities,South Huron Hub Newsletter,validation gate failed (1/2): title_source_og_title
,,https://www.southhuron.ca/government/careers-and-volunteer-opportunities,Strategic Plans Projects,validation gate failed (0/2): no signals
,,https://www.southhuron.ca/government/careers-and-volunteer-opportunities,Community Safety and Well,validation gate failed (1/2): title_source_og_title
,,https://www.southhuron.ca/government/careers-and-volunteer-opportunities,Iaw Cup,validation gate failed (1/2): keywords_near_title
,,https://www.southhuron.ca/government/careers-and-volunteer-opportunities,Subscription Messaging,validation gate failed (0/2): no signals
,,https://www.municipalityofbluewater.ca/municipal-office/careers,E Billing Enrollment Form V 02,validation gate failed (0/2): no signals
,,https://www.municipalityofbluewater.ca/municipal-office/careers,Official Plan Review,validation gate failed (1/2): title_source_og_title
,,https://www.municipalityofbluewater.ca/municipal-office/careers,Building Permits,validation gate failed (1/2): keywords_near_title
,,https://www.municipalityofbluewater.ca/municipal-office/careers,Controlled Burn Permit,validation gate failed (1/2): keywords_near_title
,,https://www.municipalityofbluewater.ca/municipal-office/careers,Dog Licences,validation gate failed (1/2): keywords_near_title
,,https://www.municipalityofbluewater.ca/municipal-office/careers,Entrance Permits,validation gate failed (1/2): keywords_near_title
,,https://www.municipalityofbluewater.ca/municipal-office/careers,Planning And Development,validation gate failed (1/2): keywords_near_title
,,https://www.municipalityofbluewater.ca/municipal-office/careers,Plumbing Permits,validation gate failed (1/2): keywords_near_title
,,https://www.municipalityofbluewater.ca/municipal-office/careers,Pre Authorized Payments,validation gate failed (1/2): keywords_near_title
,,https://www.municipalityofbluewater.ca/municipal-office/careers,Request For Vendor Eft Payment,validation gate failed (1/2): keywords_near_title
,,https://www.municipalityofbluewater.ca/municipal-office/careers,Road Occupancy Permits,validation gate failed (1/2): keywords_near_title
,,https://www.municipalityofbluewater.ca/municipal-office/careers,Road Signage,validation gate failed (1/2): keywords_near_title
,,https://www.municipalityofbluewater.ca/municipal-office/careers,Sewage System Permits,validation gate failed (1/2): keywords_near_title
,,https://www.municipalityofbluewater.ca/municipal-office/careers,Short Term Rentals,validation gate failed (1/2): keywords_near_title
,,https://www.municipalityofbluewater.ca/municipal-office/careers,Budget,validation gate failed (1/2): keywords_near_title
,,https://www.municipalityofbluewater.ca/municipal-office/careers,By Laws,title blocklist exact: by laws
,,https://www.municipalityofbluewater.ca/municipal-office/careers,Animal Control By Law,validation gate failed (1/2): keywords_near_title
,,https://www.municipalityofbluewater.ca/municipal-office/careers,Hawkers Peddlers And Buskers By Law,validation gate failed (1/2): keywords_near_title
,,https://www.municipalityofbluewater.ca/municipal-office/careers,Noise By Law,validation gate failed (1/2): keywords_near_title
,,https://www.municipalityofbluewater.ca/municipal-office/careers,Off Road Vehicles,validation gate failed (0/2): no signals
,,https://www.municipalityofbluewater.ca/municipal-office/careers,Property Standards By,validation gate failed (1/2): title_source_og_title
,,https://www.municipalityofbluewater.ca/municipal-office/careers,"Refunds , Transfers and Credits Policy",validation gate failed (1/2): title_source_og_title
,,https://www.municipalityofbluewater.ca/municipal-office/careers,Road Signage Policy,validation gate failed (1/2): keywords_near_title
,,https://www.municipalityofbluewater.ca/municipal-office/careers,Short Term Rentals,validation gate failed (1/2): keywords_near_title
,,https://www.municipalityofbluewater.ca/municipal-office/careers,Traffic And Parking By Law,validation gate failed (0/2): no signals
,,https://www.municipalityofbluewater.ca/municipal-office/careers,"Use of Beach , Marina and Water Area By",validation gate failed (1/2): title_source_og_title
,,https://www.municipalityofbluewater.ca/municipal-office/careers,Commissioner of Oaths Services,validation gate failed (1/2): title_source_og_title
,,https://www.municipalityofbluewater.ca/municipal-office/careers,Committees - Municipality of Bluewater,validation gate failed (1/2): title_source_og_title
,,https://www.municipalityofbluewater.ca/municipal-office/careers,Contact Us,validation gate failed (1/2): title_source_og_title
,,https://www.municipalityofbluewater.ca/municipal-office/careers,Council - Municipality of Bluewater,validation gate failed (1/2): title_source_og_title
,,https://www.municipalityofbluewater.ca/municipal-office/careers,Agendas And Minutes,validation gate failed (1/2): keywords_near_title
,,https://www.municipalityofbluewater.ca/municipal-office/careers,Declaration of Pecuniary Interest Registry,validation gate failed (1/2): title_source_og_title
,,https://www.municipalityofbluewater.ca/municipal-office/careers,Mayoral Decisions,validation gate failed (1/2): title_source_og_title
,,https://www.municipalityofbluewater.ca/municipal-office/careers,Freedom Of Information,validation gate failed (1/2): keywords_near_title
,,https://www.municipalityofbluewater.ca/municipal-office/careers,Grant Programs,validation gate failed (1/2): title_source_og_title
,,https://www.municipalityofbluewater.ca/municipal-office/careers,Municipal Drains,validation gate failed (1/2): keywords_near_title
,,https://www.municipalityofbluewater.ca/municipal-office/careers,Municipal Election,validation gate failed (1/2): title_source_og_title
,,https://www.municipalityofbluewater.ca/municipal-office/careers,News - Municipality of Bluewater,validation gate failed (1/2): title_source_og_title
,,https://www.municipalityofbluewater.ca/municipal-office/careers,Newsletter Signup,validation gate failed (0/2): no signals
,,https://www.municipalityofbluewater.ca/municipal-office/careers,Operating Hours,validation gate failed (1/2): title_source_og_title
,,https://www.municipalityofbluewater.ca/municipal-office/careers,"Plans , Reports and Projects",validation gate failed (1/2): title_source_og_title
,,https://www.municipalityofbluewater.ca/municipal-office/careers,Active Transportation Master Plan,validation gate failed (1/2): title_source_og_title
,,https://www.municipalityofbluewater.ca/municipal-office/careers,Asset Management Plan,validation gate failed (1/2): title_source_og_title
,,https://www.municipalityofbluewater.ca/municipal-office/careers,Bayfield Wastewater Treatment Facility Expansion,validation gate failed (1/2): title_source_og_title
,,https://www.municipalityofbluewater.ca/municipal-office/careers,Community Safety And Well Being Plan,validation gate failed (0/2): no signals
,,https://www.municipalityofbluewater.ca/municipal-office/careers,Hensall Water Storage Facility Replacement,validation gate failed (1/2): title_source_og_title
,,https://www.municipalityofbluewater.ca/municipal-office/careers,Heritage Conservation District Plan Update,validation gate failed (1/2): title_source_og_title
,,https://www.municipalityofbluewater.ca/municipal-office/careers,Lakeshore Collection and Sewage Plant,validation gate failed (1/2): title_source_og_title
,,https://www.municipalityofbluewater.ca/municipal-office/careers,Recreation Master Plan,validation gate failed (1/2): title_source_og_title
,,https://www.municipalityofbluewater.ca/municipal-office/careers,Water and Wastewater Reports,validation gate failed (1/2): title_source_og_title
,,https://www.municipalityofbluewater.ca/municipal-office/careers,Payment Options,validation gate failed (1/2): keywords_near_title
,,https://www.municipalityofbluewater.ca/municipal-office/careers,Privacy Statement,validation gate failed (1/2): title_source_og_title
,,https://www.municipalityofbluewater.ca/municipal-office/careers,Report A Concern,validation gate failed (1/2): keywords_near_title
,,https://www.municipalityofbluewater.ca/municipal-office/careers,Tenders and RFPs,validation gate failed (1/2): title_source_og_title
,,https://www.peterborough.ca/careers,Terms Of Use,validation gate failed (1/2): listing_apply_pattern
,,https://www.peterborough.ca/careers,Adult Crossing Guard,validation gate failed (1/2): listing_apply_pattern
,,https://www.peterborough.ca/careers,Budget Transfers To Organizations For Provision Of Services,validation gate failed (1/2): listing_apply_pattern
,,https://www.peterborough.ca/careers,Community Services Annual Highlights,validation gate failed (1/2): listing_apply_pattern
,,https://www.peterborough.ca/careers,Municipal Operations Annual Highlights,validation gate failed (1/2): listing_apply_pattern
,,https://www.peterborough.ca/careers,Finance And Corporate Support Services Annual Highlights,validation gate failed (1/2): listing_apply_pattern
,,https://www.highlandseast.ca/Modules/News/en?CategoryNames=Career+Opportunities&TagWhiteList=,Water And Sewage,non-job category context
,,https://www.highlandseast.ca/Modules/News/en?CategoryNames=Career+Opportunities&TagWhiteList=,What S In Highlands East,non-job category context
,,https://www.highlandseast.ca/Modules/News/en?CategoryNames=Career+Opportunities&TagWhiteList=,Zoning By Law And Official Plan,non-job category context
,,https://www.highlandseast.ca/Modules/News/en?CategoryNames=Career+Opportunities&TagWhiteList=,Activities For Summer,non-job category context
,,https://www.highlandseast.ca/Modules/News/en?CategoryNames=Career+Opportunities&TagWhiteList=,Activities For Winter,non-job category context
,,https://www.highlandseast.ca/Modules/News/en?CategoryNames=Career+Opportunities&TagWhiteList=,Arts And Culture,non-job category context
,,https://www.highlandseast.ca/Modules/News/en?CategoryNames=Career+Opportunities&TagWhiteList=,Beaches And Water Access Points,non-job category context
,,https://www.highlandseast.ca/Modules/News/en?CategoryNames=Career+Opportunities&TagWhiteList=,Business Directory,non-job category context
,,https://www.highlandseast.ca/Modules/News/en?CategoryNames=Career+Opportunities&TagWhiteList=,Cemeteries,non-job category context
,,https://www.highlandseast.ca/Modules/News/en?CategoryNames=Career+Opportunities&TagWhiteList=,Community Centres,non-job category context
,,https://www.highlandseast.ca/Modules/News/en?CategoryNames=Career+Opportunities&TagWhiteList=,Curling,non-job category context
,,https://www.highlandseast.ca/Modules/News/en?CategoryNames=Career+Opportunities&TagWhiteList=,Experiences,non-job category context
,,https://www.highlandseast.ca/Modules/News/en?CategoryNames=Career+Opportunities&TagWhiteList=,Fireworks,non-job category context
,,https://www.highlandseast.ca/Modules/News/en?CategoryNames=Career+Opportunities&TagWhiteList=,Geocaching,non-job category context
,,https://www.highlandseast.ca/Modules/News/en?CategoryNames=Career+Opportunities&TagWhiteList=,Getting Here,non-job category context
,,https://www.highlandseast.ca/Modules/News/en?CategoryNames=Career+Opportunities&TagWhiteList=,Libraries,non-job category context
,,https://www.highlandseast.ca/Modules/News/en?CategoryNames=Career+Opportunities&TagWhiteList=,Maps,non-job category context
,,https://www.highlandseast.ca/Modules/News/en?CategoryNames=Career+Opportunities&TagWhiteList=,Mineral Collecting,non-job category context
,,https://www.highlandseast.ca/Modules/News/en?CategoryNames=Career+Opportunities&TagWhiteList=,Parks And Trails,non-job category context
,,https://www.highlandseast.ca/Modules/News/en?CategoryNames=Career+Opportunities&TagWhiteList=,Skating And Hockey,non-job category context
,,https://www.highlandseast.ca/Modules/News/en?CategoryNames=Career+Opportunities&TagWhiteList=,Swimming and Swim Lessons,non-job category context
,,https://www.highlandseast.ca/Modules/News/en?CategoryNames=Career+Opportunities&TagWhiteList=,Visitor Information Centre,non-job category context
,,https://www.highlandseast.ca/Modules/News/en?CategoryNames=Career+Opportunities&TagWhiteList=,What S In Highlands East,non-job category context
,,https://www.highlandseast.ca/Modules/News/en?CategoryNames=Career+Opportunities&TagWhiteList=,Affordable Housing,non-job category context
,,https://www.highlandseast.ca/Modules/News/en?CategoryNames=Career+Opportunities&TagWhiteList=,Bid Opportunities,non-job category context
,,https://www.highlandseast.ca/Modules/News/en?CategoryNames=Career+Opportunities&TagWhiteList=,Business Directory,non-job category context
,,https://www.highlandseast.ca/Modules/News/en?CategoryNames=Career+Opportunities&TagWhiteList=,Business Supports,non-job category context
,,https://www.highlandseast.ca/Modules/News/en?CategoryNames=Career+Opportunities&TagWhiteList=,Community Profile,non-job category context
,,https://www.highlandseast.ca/Modules/News/en?CategoryNames=Career+Opportunities&TagWhiteList=,Planning And Development,non-job category context
,,https://www.highlandseast.ca/Modules/News/en?CategoryNames=Career+Opportunities&TagWhiteList=,Septic Systems,non-job category context
,,https://www.highlandseast.ca/Modules/News/en?CategoryNames=Career+Opportunities&TagWhiteList=,Short Term Rentals,non-job category context
,,https://www.highlandseast.ca/Modules/News/en?CategoryNames=Career+Opportunities&TagWhiteList=,Water And Sewage,non-job category context
,,https://www.highlandseast.ca/Modules/News/en?CategoryNames=Career+Opportunities&TagWhiteList=,Zoning By Law And Official Plan,non-job category context
,,https://www.highlandseast.ca/Modules/News/en?CategoryNames=Career+Opportunities&TagWhiteList=,Fees,non-job category context
,,https://www.highlandseast.ca/Modules/News/en?CategoryNames=Career+Opportunities&TagWhiteList=,Rent A Facility,non-job category context
,,https://www.highlandseast.ca/Modules/News/en?CategoryNames=Career+Opportunities&TagWhiteList=,Zoning By Law And Official Plan,non-job category context
,,https://www.highlandseast.ca/Modules/News/en?CategoryNames=Career+Opportunities&TagWhiteList=,Burning Permits And By Law,non-job category context
,,https://www.highlandseast.ca/Modules/News/en?CategoryNames=Career+Opportunities&TagWhiteList=,Burning Permits And By Law,non-job category context
,,https://www.highlandseast.ca/Modules/News/en?CategoryNames=Career+Opportunities&TagWhiteList=,Burning Permits And By Law,non-job category context
,,https://www.highlandseast.ca/Modules/News/en?CategoryNames=Career+Opportunities&TagWhiteList=,2026 Municipal Election,non-job category context
,,https://www.highlandseast.ca/Modules/News/en?CategoryNames=Career+Opportunities&TagWhiteList=,Recycling,non-job category context
,,https://www.highlandseast.ca/Modules/News/en?CategoryNames=Career+Opportunities&TagWhiteList=,Landfill Sites and Transfer Stations,non-job category context
,,https://www.highlandseast.ca/Modules/News/en?CategoryNames=Career+Opportunities&TagWhiteList=,Regular Meeting of Council,non-job category context
,,https://www.highlandseast.ca/Modules/News/en?CategoryNames=Career+Opportunities&TagWhiteList=,Rent A Facility,non-job category context
,,https://www.highlandseast.ca/Modules/News/en?CategoryNames=Career+Opportunities&TagWhiteList=,Waste Wizard,non-job category context
,,https://www.highlandseast.ca/Modules/News/en?CategoryNames=Career+Opportunities&TagWhiteList=,Burning Permits And By Law,non-job category context
,,https://www.highlandseast.ca/Modules/News/en?CategoryNames=Career+Opportunities&TagWhiteList=,Facility Booking Calendar,non-job category context
,,https://www.highlandseast.ca/Modules/News/en?CategoryNames=Career+Opportunities&TagWhiteList=,Marriage Licenses,non-job category context
,,https://www.highlandseast.ca/Modules/News/en?CategoryNames=Career+Opportunities&TagWhiteList=,Septic System Permits,non-job category context
,,https://www.highlandseast.ca/Modules/News/en?CategoryNames=Career+Opportunities&TagWhiteList=,Short Term Rentals,non-job category context
,,https://www.highlandseast.ca/Modules/News/en?CategoryNames=Career+Opportunities&TagWhiteList=,Speaking Before Council,non-job category context
,,https://www.highlandseast.ca/Modules/News/en?CategoryNames=Career+Opportunities&TagWhiteList=,Maps,non-job category context
,,https://www.highlandseast.ca/Modules/News/en?CategoryNames=Career+Opportunities&TagWhiteList=,Mineral Collecting,non-job category context
,,https://www.highlandseast.ca/Modules/News/en?CategoryNames=Career+Opportunities&TagWhiteList=,Parks and Trails,non-job category context
,,https://www.highlandseast.ca/Modules/News/en?CategoryNames=Career+Opportunities&TagWhiteList=,Online Payments,non-job category context
,,https://www.highlandseast.ca/Modules/News/en?CategoryNames=Career+Opportunities&TagWhiteList=,Online Payments,non-job category context
,,https://www.highlandseast.ca/Modules/News/en?CategoryNames=Career+Opportunities&TagWhiteList=,Building Department Fees,non-job category context
,,https://www.highlandseast.ca/Modules/News/en?CategoryNames=Career+Opportunities&TagWhiteList=,Feedback And Compliments,non-job category context
,,https://www.highlandseast.ca/Modules/News/en?CategoryNames=Career+Opportunities&TagWhiteList=,Report A Concern,non-job category context
,,https://www.highlandseast.ca/Modules/News/en?CategoryNames=Career+Opportunities&TagWhiteList=,Privacy Policy,non-job category context
,,https://www.thecounty.ca/residents/employment,Services,title blocklist exact: services
,,https://www.thecounty.ca/residents/employment,Broadband Expansion,validation gate failed (0/2): no signals
,,https://www.thecounty.ca/residents/employment,Customer Service,validation gate failed (1/2): keywords_near_title
,,https://www.thecounty.ca/residents/employment,Council Committee Meetings,validation gate failed (0/2): no signals
,,https://www.thecounty.ca/residents/employment,Garbage Recycling,validation gate failed (0/2): no signals
,,https://www.thecounty.ca/residents/employment,Sustainability,validation gate failed (0/2): no signals
,,https://www.thecounty.ca/residents/employment,Emergency Services,validation gate failed (0/2): no signals
,,https://www.thecounty.ca/residents/employment,Civic Awards,validation gate failed (1/2): keywords_near_title
,,https://www.thecounty.ca/residents/employment,Contact Us,validation gate failed (1/2): keywords_near_title
,,https://www.thecounty.ca/residents/employment,Prince Edward County Municipal Services,validation gate failed (1/2): title_source_og_title
,,https://www.thecounty.ca/residents/employment,Prince Edward County Municipal Services,validation gate failed (1/2): title_source_og_title
,,https://www.thecounty.ca/residents/employment,Accessibility,validation gate failed (0/2): no signals
,,https://www.thecounty.ca/residents/employment,Accountability Transparency,validation gate failed (0/2): no signals
,,https://www.thecounty.ca/residents/employment,Prince Edward County Municipal Services,validation gate failed (1/2): title_source_og_title
,,https://www.thecounty.ca/residents/employment,Caos Office,validation gate failed (1/2): keywords_near_title
,,https://www.thecounty.ca/residents/employment,Clerks Office,validation gate failed (1/2): role_like_title
,,https://www.thecounty.ca/residents/employment,Council,validation gate failed (0/2): no signals
,,https://www.thecounty.ca/residents/employment,Customer Service,validation gate failed (1/2): keywords_near_title
,,https://www.thecounty.ca/residents/employment,Prince Edward County Municipal Services,validation gate failed (1/2): title_source_og_title
,,https://www.thecounty.ca/residents/employment,Corporate Strategic Plan,validation gate failed (0/2): no signals
,,https://www.thecounty.ca/residents/employment,Live Stream,validation gate failed (1/2): title_source_h1
,,https://www.thecounty.ca/residents/employment,Explore,validation gate failed (0/2): no signals
,,https://www.thecounty.ca/residents/employment,Plan,validation gate failed (0/2): no signals
,,https://www.thecounty.ca/residents/employment,Events In Prince Edward County,validation gate failed (0/2): no signals
,,https://www.thecounty.ca/residents/employment,Permits Licences Applications,validation gate failed (0/2): no signals
,,https://www.thecounty.ca/residents/employment,Prince Edward County Municipal Services,validation gate failed (1/2): title_source_og_title
,,https://www.thecounty.ca/residents/employment,Recreational Facilities Rentals,validation gate failed (0/2): no signals
,,https://www.thecounty.ca/residents/employment,Purchasing,validation gate failed (1/2): keywords_near_title
,,https://www.thecounty.ca/residents/employment,Building,validation gate failed (1/2): keywords_near_title
,,https://www.thecounty.ca/residents/employment,Customer Service,validation gate failed (1/2): keywords_near_title
,,https://www.thecounty.ca/residents/employment,Prince Edward County Municipal Services,validation gate failed (1/2): title_source_og_title
,,https://www.thecounty.ca/residents/employment,Government,validation gate failed (0/2): no signals
,,https://www.thecounty.ca/residents/employment,Explore,validation gate failed (0/2): no signals
,,https://www.thecounty.ca/residents/employment,Prince Edward County Municipal Services,validation gate failed (1/2): title_source_og_title
,,https://www.twpbrm.ca/your-township-government/employment-opportunities,Privacy Policy,validation gate failed (1/2): keywords_near_title
,,https://www.twpbrm.ca/your-township-government/employment-opportunities,Community Centre Facilities And Rentals,validation gate failed (0/2): no signals
,,https://www.twpbrm.ca/your-township-government/employment-opportunities,Community Calendar,validation gate failed (0/2): no signals
,,https://www.twpbrm.ca/your-township-government/employment-opportunities,Parks And Trails,validation gate failed (0/2): no signals
,,https://www.twpbrm.ca/your-township-government/employment-opportunities,Photo Gallery,validation gate failed (0/2): no signals
,,https://www.twpbrm.ca/your-township-government/employment-opportunities,Recreation,validation gate failed (0/2): no signals
,,https://www.twpbrm.ca/your-township-government/employment-opportunities,School,validation gate failed (0/2): no signals
,,https://www.twpbrm.ca/your-township-government/employment-opportunities,Seniors Services,validation gate failed (0/2): no signals
,,https://www.twpbrm.ca/your-township-government/employment-opportunities,Visiting Black River Matheson,validation gate failed (0/2): no signals
,,https://www.twpbrm.ca/your-township-government/employment-opportunities,"Bids , Tenders and RFPs/RFTs/RFQs",validation gate failed (1/2): title_source_og_title
,,https://www.twpbrm.ca/your-township-government/employment-opportunities,Business Licenses,validation gate failed (1/2): title_source_og_title
,,https://www.twpbrm.ca/your-township-government/employment-opportunities,Economic Development,validation gate failed (1/2): title_source_og_title
,,https://www.twpbrm.ca/your-township-government/employment-opportunities,Building And Planning,validation gate failed (1/2): keywords_near_title
,,https://www.twpbrm.ca/your-township-government/employment-opportunities,Tile Drainage,validation gate failed (1/2): title_source_og_title
,,https://www.twpbrm.ca/your-township-government/employment-opportunities,Why Black River,validation gate failed (1/2): title_source_og_title
,,https://www.twpbrm.ca/your-township-government/employment-opportunities,Animal Services,validation gate failed (0/2): no signals
,,https://www.twpbrm.ca/your-township-government/employment-opportunities,Cemetery,validation gate failed (0/2): no signals
,,https://www.twpbrm.ca/your-township-government/employment-opportunities,Civil Services,validation gate failed (1/2): keywords_near_title
,,https://www.twpbrm.ca/your-township-government/employment-opportunities,Emergency Management Services,validation gate failed (0/2): no signals
,,https://www.twpbrm.ca/your-township-government/employment-opportunities,Fire Police And Ambulance,validation gate failed (0/2): no signals
,,https://www.twpbrm.ca/your-township-government/employment-opportunities,Fire Safety,validation gate failed (1/2): keywords_near_title
,,https://www.twpbrm.ca/your-township-government/employment-opportunities,Garbage And Recycling,validation gate failed (0/2): no signals
,,https://www.twpbrm.ca/your-township-government/employment-opportunities,Health Care And Medical,validation gate failed (1/2): keywords_near_title
,,https://www.twpbrm.ca/your-township-government/employment-opportunities,Landfill,validation gate failed (0/2): no signals
,,https://www.twpbrm.ca/your-township-government/employment-opportunities,Library,validation gate failed (0/2): no signals
,,https://www.twpbrm.ca/your-township-government/employment-opportunities,Budget And Financials,validation gate failed (0/2): no signals
,,https://www.twpbrm.ca/your-township-government/employment-opportunities,Committees | Township of Black River - Matheson,validation gate failed (1/2): title_source_og_title
,,https://www.twpbrm.ca/your-township-government/employment-opportunities,Elections,validation gate failed (1/2): keywords_near_title
,,https://www.twpbrm.ca/your-township-government/employment-opportunities,Employment Opportunities,generic title pattern
,,https://www.twpbrm.ca/your-township-government/employment-opportunities,News,title blocklist exact: news
,,https://www.twpbrm.ca/your-township-government/employment-opportunities,Ocwa Reports,validation gate failed (0/2): no signals
,,https://www.twpbrm.ca/your-township-government/employment-opportunities,Privacy Policy,validation gate failed (1/2): keywords_near_title
,,https://www.twpbrm.ca/your-township-government/employment-opportunities,Landfill Brm Jan 23 2026.jpg,validation gate failed (0/2): no signals
,,https://www.twpbrm.ca/your-township-government/employment-opportunities,Firefighter Ad.png,validation gate failed (0/2): no signals
,,https://www.twpbrm.ca/your-township-government/employment-opportunities,Subscription Messaging,validation gate failed (0/2): no signals
,,https://www.townshipofhornepayne.ca/our-government/job-opportunities,Public Notice 18 Becker May 14,validation gate failed (0/2): no signals
,,https://www.townshipofhornepayne.ca/our-government/job-opportunities,Arena,validation gate failed (0/2): no signals
,,https://www.townshipofhornepayne.ca/our-government/job-opportunities,Fire Permits,validation gate failed (1/2): keywords_near_title
,,https://www.townshipofhornepayne.ca/our-government/job-opportunities,News,title blocklist exact: news
,,https://www.townshipofhornepayne.ca/our-government/job-opportunities,"Accessibility for Ontarians with Disabilities Act , 2005 , S.O. 2005 , c. 11",validation gate failed (1/2): title_source_og_title
,,https://www.townshipofhornepayne.ca/our-government/job-opportunities,Rso 1990 C M 56,validation gate failed (0/2): no signals
,,https://www.townshipofhornepayne.ca/our-government/job-opportunities,01m 25,validation gate failed (0/2): no signals
,,https://www.townshipofhornepayne.ca/our-government/job-opportunities,Accessibility - Township of Hornepayne,validation gate failed (1/2): title_source_og_title
,,https://www.townshipofhornepayne.ca/our-government/job-opportunities,Building Permits,validation gate failed (1/2): keywords_near_title
,,https://www.townshipofhornepayne.ca/our-government/job-opportunities,Dog And Cat Tags,validation gate failed (1/2): keywords_near_title
,,https://www.townshipofhornepayne.ca/our-government/job-opportunities,Fire Permits,validation gate failed (1/2): keywords_near_title
,,https://www.townshipofhornepayne.ca/our-government/job-opportunities,Budget - Township of Hornepayne,validation gate failed (1/2): title_source_og_title
,,https://www.townshipofhornepayne.ca/our-government/job-opportunities,Council Remuneration and Expenses,validation gate failed (1/2): title_source_og_title
,,https://www.townshipofhornepayne.ca/our-government/job-opportunities,Commissioner Oaths and Affidavits,validation gate failed (1/2): title_source_og_title
,,https://www.townshipofhornepayne.ca/our-government/job-opportunities,Hornepayne Housing Corporation Hhc Board,validation gate failed (1/2): keywords_near_title
,,https://www.townshipofhornepayne.ca/our-government/job-opportunities,Library Board,validation gate failed (1/2): title_source_og_title
,,https://www.townshipofhornepayne.ca/our-government/job-opportunities,Council - Township of Hornepayne,validation gate failed (1/2): title_source_og_title
,,https://www.townshipofhornepayne.ca/our-government/job-opportunities,Council Meetings,validation gate failed (1/2): title_source_og_title
,,https://www.townshipofhornepayne.ca/our-government/job-opportunities,Elections - Township of Hornepayne,validation gate failed (1/2): title_source_og_title
,,https://www.townshipofhornepayne.ca/our-government/job-opportunities,Candidate Information,validation gate failed (1/2): title_source_og_title
,,https://www.townshipofhornepayne.ca/our-government/job-opportunities,Third Party Advertiser Information,validation gate failed (1/2): title_source_og_title
,,https://www.townshipofhornepayne.ca/our-government/job-opportunities,Integrity Commissioner,validation gate failed (1/2): title_source_og_title
,,https://www.townshipofhornepayne.ca/our-government/job-opportunities,"Plans , Reports and Studies",validation gate failed (1/2): title_source_og_title
,,https://www.townshipofhornepayne.ca/our-government/job-opportunities,Asset Management Plan,validation gate failed (1/2): title_source_og_title
,,https://www.townshipofhornepayne.ca/our-government/job-opportunities,Community Improvement Plan,validation gate failed (1/2): title_source_og_title
,,https://www.townshipofhornepayne.ca/our-government/job-opportunities,Community Safety and Well,validation gate failed (1/2): title_source_og_title
,,https://www.townshipofhornepayne.ca/our-government/job-opportunities,Energy Conservation and Demand Management Plan,validation gate failed (1/2): title_source_og_title
,,https://www.townshipofhornepayne.ca/our-government/job-opportunities,Integrity Commissioner,validation gate failed (1/2): title_source_og_title
,,https://www.townshipofhornepayne.ca/our-government/job-opportunities,Official Plan and Zoning,validation gate failed (1/2): title_source_og_title
,,https://www.townshipofhornepayne.ca/our-government/job-opportunities,Strategic Plan,validation gate failed (1/2): title_source_og_title
,,https://www.townshipofhornepayne.ca/our-government/job-opportunities,Water and Wastewater Reports,validation gate failed (1/2): title_source_og_title
,,https://www.townshipofhornepayne.ca/our-government/job-opportunities,Report a Problem Questions Comments Concerns,validation gate failed (1/2): title_source_og_title
,,https://www.townshipofhornepayne.ca/our-government/job-opportunities,Tax Sale Listing,validation gate failed (1/2): title_source_og_title
,,https://www.townshipofhornepayne.ca/our-government/job-opportunities,Tenders and Requests for Proposals,validation gate failed (1/2): title_source_og_title
,,https://www.russell.ca/en/your-township/job-postings.aspx,Animal Services,validation gate failed (1/2): keywords_near_title
,,https://www.russell.ca/en/your-township/job-postings.aspx,Daycare,validation gate failed (1/2): keywords_near_title
,,https://www.russell.ca/en/your-township/job-postings.aspx,Fire And Emergency Services,validation gate failed (1/2): keywords_near_title
,,https://www.russell.ca/en/your-township/job-postings.aspx,Garbage And Recycling,validation gate failed (1/2): keywords_near_title
,,https://www.russell.ca/en/your-township/job-postings.aspx,Libraries,validation gate failed (1/2): keywords_near_title
,,https://www.russell.ca/en/your-township/job-postings.aspx,Need Assistance,validation gate failed (1/2): keywords_near_title
,,https://www.russell.ca/en/your-township/job-postings.aspx,New To Russell Township,validation gate failed (1/2): keywords_near_title
,,https://www.russell.ca/en/your-township/job-postings.aspx,Pre Authorized Payments And E Billing,validation gate failed (1/2): keywords_near_title
,,https://www.russell.ca/en/your-township/job-postings.aspx,Water And Sewer,validation gate failed (1/2): keywords_near_title
,,https://www.russell.ca/en/your-township/job-postings.aspx,Roads And Parking,validation gate failed (1/2): keywords_near_title
,,https://www.russell.ca/en/your-township/job-postings.aspx,Transportation,validation gate failed (1/2): keywords_near_title
,,https://www.russell.ca/en/your-township/job-postings.aspx,Amps,validation gate failed (1/2): keywords_near_title
,,https://www.russell.ca/en/your-township/job-postings.aspx,Building Permits,validation gate failed (1/2): keywords_near_title
,,https://www.russell.ca/en/your-township/job-postings.aspx,Commemorative Tree And Bench,validation gate failed (1/2): keywords_near_title
,,https://www.russell.ca/en/your-township/job-postings.aspx,Commissioner Of Oath,validation gate failed (0/2): no signals
,,https://www.russell.ca/en/your-township/job-postings.aspx,Dog Tags,validation gate failed (1/2): keywords_near_title
,,https://www.russell.ca/en/your-township/job-postings.aspx,Delegation And Petition Application Form,validation gate failed (0/2): no signals
,,https://www.russell.ca/en/your-township/job-postings.aspx,Fire Inspections,validation gate failed (1/2): keywords_near_title
,,https://www.russell.ca/en/your-township/job-postings.aspx,Fire Permits,validation gate failed (1/2): keywords_near_title
,,https://www.russell.ca/en/your-township/job-postings.aspx,Flag Raising,validation gate failed (0/2): no signals
,,https://www.russell.ca/en/your-township/job-postings.aspx,Formal Complaints,validation gate failed (1/2): keywords_near_title
,,https://www.russell.ca/en/your-township/job-postings.aspx,Freedom Of Information,validation gate failed (1/2): keywords_near_title
,,https://www.russell.ca/en/your-township/job-postings.aspx,Lottery Licences,validation gate failed (0/2): no signals
,,https://www.russell.ca/en/your-township/job-postings.aspx,Marriage Licences,validation gate failed (1/2): keywords_near_title
,,https://www.russell.ca/en/your-township/job-postings.aspx,Minor Variance Applications,validation gate failed (1/2): keywords_near_title
,,https://www.russell.ca/en/your-township/job-postings.aspx,Official Plan Amendment Applications,validation gate failed (1/2): keywords_near_title
,,https://www.russell.ca/en/your-township/job-postings.aspx,Parking Tickets And Regulations,validation gate failed (1/2): keywords_near_title
,,https://www.russell.ca/en/your-township/job-postings.aspx,Pool And Spa Permits,validation gate failed (1/2): keywords_near_title
,,https://www.russell.ca/en/your-township/job-postings.aspx,Pre Authorized Payments And E Billing,validation gate failed (1/2): keywords_near_title
,,https://www.russell.ca/en/your-township/job-postings.aspx,Presentation Application Form,validation gate failed (0/2): no signals
,,https://www.russell.ca/en/your-township/job-postings.aspx,Proclamation,validation gate failed (0/2): no signals
,,https://www.russell.ca/en/your-township/job-postings.aspx,Registration Of Death And Burial Permit,validation gate failed (1/2): keywords_near_title
,,https://www.russell.ca/en/your-township/job-postings.aspx,Work Approval Applications,validation gate failed (1/2): keywords_near_title
,,https://www.russell.ca/en/your-township/job-postings.aspx,School Support Selection,validation gate failed (0/2): no signals
,,https://www.russell.ca/en/your-township/job-postings.aspx,Severance Applications,validation gate failed (1/2): keywords_near_title
,,https://www.russell.ca/en/your-township/job-postings.aspx,Sign Permits,validation gate failed (1/2): keywords_near_title
,,https://www.russell.ca/en/your-township/job-postings.aspx,Subdivision Applications,validation gate failed (0/2): no signals
,,https://www.russell.ca/en/your-township/job-postings.aspx,Zoning By Law Amendments Application,validation gate failed (1/2): keywords_near_title
,,https://www.russell.ca/en/your-township/job-postings.aspx,Arenas And Skating,validation gate failed (1/2): keywords_near_title
,,https://www.russell.ca/en/your-township/job-postings.aspx,Associations And Groups,validation gate failed (0/2): no signals
,,https://www.russell.ca/en/your-township/job-postings.aspx,Bike Rentals,validation gate failed (0/2): no signals
,,https://www.russell.ca/en/your-township/job-postings.aspx,Boat Launch,validation gate failed (0/2): no signals
,,https://www.russell.ca/en/your-township/job-postings.aspx,Bowling Hall,validation gate failed (0/2): no signals
,,https://www.russell.ca/en/your-township/job-postings.aspx,Dog Park,validation gate failed (1/2): keywords_near_title
,,https://www.russell.ca/en/your-township/job-postings.aspx,Month,validation gate failed (1/2): keywords_near_title
,,https://www.russell.ca/en/your-township/job-postings.aspx,Historical Plaque Program,validation gate failed (0/2): no signals
,,https://www.russell.ca/en/your-township/job-postings.aspx,Libraries,validation gate failed (0/2): no signals
,,https://www.russell.ca/en/your-township/job-postings.aspx,Maps,validation gate failed (1/2): title_source_og_title
,,https://www.russell.ca/en/your-township/job-postings.aspx,Parklet,validation gate failed (0/2): no signals
,,https://www.russell.ca/en/your-township/job-postings.aspx,Parks And Trails,validation gate failed (1/2): keywords_near_title
,,https://www.russell.ca/en/your-township/job-postings.aspx,Photography Club,validation gate failed (1/2): keywords_near_title
,,https://www.russell.ca/en/your-township/job-postings.aspx,Pickleball,validation gate failed (0/2): no signals
,,https://www.russell.ca/en/your-township/job-postings.aspx,Program Guide And Registration,validation gate failed (1/2): keywords_near_title
,,https://www.russell.ca/en/your-township/job-postings.aspx,Public Pool And Swimming Lessons,validation gate failed (1/2): keywords_near_title
,,https://www.russell.ca/en/your-township/job-postings.aspx,Rent A Facility,validation gate failed (0/2): no signals
,,https://www.russell.ca/en/your-township/job-postings.aspx,Shop Local,validation gate failed (0/2): no signals
,,https://www.russell.ca/en/your-township/job-postings.aspx,Splash Pad,validation gate failed (0/2): no signals
,,https://www.russell.ca/en/your-township/job-postings.aspx,Sports Dome And Membership,validation gate failed (1/2): keywords_near_title
,,https://www.russell.ca/en/your-township/job-postings.aspx,Snowshoe Rentals,validation gate failed (0/2): no signals
,,https://www.russell.ca/en/your-township/job-postings.aspx,417 Industrial Park,validation gate failed (1/2): title_source_og_title
,,https://www.russell.ca/en/your-township/job-postings.aspx,Additional Residential Units,validation gate failed (1/2): keywords_near_title
,,https://www.russell.ca/en/your-township/job-postings.aspx,Available Land And Buildings,validation gate failed (1/2): keywords_near_title
,,https://www.russell.ca/en/your-township/job-postings.aspx,Bids And Tenders,validation gate failed (0/2): no signals
,,https://www.russell.ca/en/your-township/job-postings.aspx,Building Permits,validation gate failed (1/2): keywords_near_title
,,https://www.russell.ca/en/your-township/job-postings.aspx,Building And Construction,validation gate failed (0/2): no signals
,,https://www.russell.ca/en/your-township/job-postings.aspx,Business Grants,validation gate failed (1/2): title_source_og_title
,,https://www.russell.ca/en/your-township/job-postings.aspx,Business Success Stories,validation gate failed (0/2): no signals
,,https://www.russell.ca/en/your-township/job-postings.aspx,Community Profile,validation gate failed (1/2): title_source_og_title
,,https://www.russell.ca/en/your-township/job-postings.aspx,Current Township Projects,validation gate failed (0/2): no signals
,,https://www.russell.ca/en/your-township/job-postings.aspx,Local Development Applications,validation gate failed (1/2): keywords_near_title
,,https://www.russell.ca/en/your-township/job-postings.aspx,Official Plan,validation gate failed (1/2): keywords_near_title
,,https://www.russell.ca/en/your-township/job-postings.aspx,Planning And Development,validation gate failed (0/2): no signals
,,https://www.russell.ca/en/your-township/job-postings.aspx,Site Plan Control And Review Team Applications,validation gate failed (1/2): keywords_near_title
,,https://www.russell.ca/en/your-township/job-postings.aspx,Sponsorship And Advertising,validation gate failed (0/2): no signals
,,https://www.russell.ca/en/your-township/job-postings.aspx,Start Or Grow Your Business,validation gate failed (0/2): no signals
,,https://www.russell.ca/en/your-township/job-postings.aspx,Zoning By Law,validation gate failed (1/2): keywords_near_title
,,https://www.russell.ca/en/your-township/job-postings.aspx,Budget and Finances,validation gate failed (1/2): title_source_og_title
,,https://www.russell.ca/en/your-township/job-postings.aspx,Month,validation gate failed (1/2): keywords_near_title
,,https://www.russell.ca/en/your-township/job-postings.aspx,Commissioner of Oath,validation gate failed (1/2): title_source_og_title
,,https://www.russell.ca/en/your-township/job-postings.aspx,Council,validation gate failed (1/2): title_source_og_title
,,https://www.russell.ca/en/your-township/job-postings.aspx,Current Township Projects,validation gate failed (1/2): title_source_og_title
,,https://www.russell.ca/en/your-township/job-postings.aspx,Diversity and Inclusion,validation gate failed (1/2): title_source_og_title
,,https://www.russell.ca/en/your-township/job-postings.aspx,Elections,validation gate failed (1/2): title_source_og_title
,,https://www.russell.ca/en/your-township/job-postings.aspx,Get Involved,validation gate failed (1/2): title_source_og_title
,,https://www.russell.ca/en/your-township/job-postings.aspx,Land Acknowledgement,validation gate failed (1/2): title_source_og_title
,,https://www.russell.ca/en/your-township/job-postings.aspx,Reports and Strategic Plans,validation gate failed (1/2): title_source_og_title
,,https://www.tweed.ca/bidopportunitiesc12,Welcome,non-job category context
,,https://www.tweed.ca/bidopportunitiesc12,Municipalbudgetp 8,validation gate failed (1/2): keywords_near_title
,,https://www.tweed.ca/bidopportunitiesc12,Browse,validation gate failed (0/2): no signals
,,https://www.tweed.ca/bidopportunitiesc12,Paymentoptionsp 10,validation gate failed (1/2): keywords_near_title
,,https://www.tweed.ca/bidopportunitiesc12,Accessibility,validation gate failed (1/2): keywords_near_title
,,https://www.tweed.ca/bidopportunitiesc12,Recreation Calendar Soccer Baseball Diamond,validation gate failed (1/2): keywords_near_title
,,https://www.tweed.ca/bidopportunitiesc12,Erin Palmateer Pool Schedule,validation gate failed (1/2): keywords_near_title
,,https://www.tweed.ca/bidopportunitiesc12,Youth Sport And Rec P 441,validation gate failed (1/2): keywords_near_title
,,https://www.tweed.ca/bidopportunitiesc12,Adult Sport Recreation,validation gate failed (1/2): keywords_near_title
,,https://www.tweed.ca/bidopportunitiesc12,Community Improvement Plan,validation gate failed (1/2): keywords_near_title
,,https://www.tweed.ca/bidopportunitiesc12,Community Investment Profile,validation gate failed (1/2): keywords_near_title
,,https://www.tweed.ca/bidopportunitiesc12,Dementia Friendly Tweed,validation gate failed (1/2): keywords_near_title
,,https://www.tweed.ca/bidopportunitiesc12,Funding Opportunities,validation gate failed (1/2): keywords_near_title
,,https://www.tweed.ca/bidopportunitiesc12,Business Retention Expansion Final Report,validation gate failed (1/2): keywords_near_title
,,https://www.tweed.ca/bidopportunitiesc12,Painted Fire Hydrant Tour,validation gate failed (1/2): keywords_near_title
,,https://www.tweed.ca/bidopportunitiesc12,Our Backyard Videos,validation gate failed (1/2): keywords_near_title
,,https://www.tweed.ca/bidopportunitiesc12,Black Crappie Fishing Tournament,validation gate failed (1/2): keywords_near_title
,,https://www.tweed.ca/bidopportunitiesc12,Fishing Photos,validation gate failed (1/2): keywords_near_title
,,https://www.tweed.ca/bidopportunitiesc12,Stoco Lake Contour Map,validation gate failed (1/2): keywords_near_title
,,https://www.tweed.ca/bidopportunitiesc12,Places To See C 725,validation gate failed (1/2): keywords_near_title
,,https://www.tweed.ca/bidopportunitiesc12,Tourismc 20,validation gate failed (1/2): keywords_near_title
,,https://www.tweed.ca/bidopportunitiesc12,Tweed Clothing Line,validation gate failed (1/2): keywords_near_title
,,https://www.tweed.ca/bidopportunitiesc12,Hastings Historical Society,validation gate failed (1/2): keywords_near_title
,,https://www.tweed.ca/bidopportunitiesc12,Photo Gallery,validation gate failed (1/2): keywords_near_title
,,https://www.tweed.ca/bidopportunitiesc12,Public Works Summer Student,validation gate failed (1/2): role_like_title
,,https://www.town.minto.on.ca/government/careers,Move to Minto,validation gate failed (1/2): title_source_og_title
,,https://www.town.minto.on.ca/government/careers,Calendar,validation gate failed (0/2): no signals
,,https://www.town.minto.on.ca/government/careers,Fees Charges,validation gate failed (1/2): keywords_near_title
,,https://www.town.minto.on.ca/government/careers,Starting A Business,validation gate failed (0/2): no signals
,,https://www.town.minto.on.ca/government/careers,Business Grants,validation gate failed (1/2): title_source_og_title
,,https://www.town.minto.on.ca/government/careers,Business Loans,validation gate failed (0/2): no signals
,,https://www.town.minto.on.ca/government/careers,Development Opportunities,validation gate failed (0/2): no signals
,,https://www.town.minto.on.ca/government/careers,Community Profile,validation gate failed (0/2): no signals
,,https://www.town.minto.on.ca/government/careers,Launchit,validation gate failed (0/2): no signals
,,https://www.town.minto.on.ca/government/careers,Chamber Of Commerce,validation gate failed (0/2): no signals
,,https://www.town.minto.on.ca/government/careers,Wowsa,validation gate failed (0/2): no signals
,,https://www.town.minto.on.ca/government/careers,Tariff Support,validation gate failed (0/2): no signals
,,https://www.town.minto.on.ca/government/careers,Teeny Tiny Summit,validation gate failed (1/2): keywords_near_title
,,https://www.town.minto.on.ca/government/careers,Pitchit 2026,validation gate failed (1/2): keywords_near_title
,,https://www.town.minto.on.ca/government/careers,Palmerston Full Steam Ahead Building A Better Main Street,validation gate failed (0/2): no signals
,,https://www.town.minto.on.ca/government/careers,Departments,validation gate failed (1/2): keywords_near_title
,,https://www.town.minto.on.ca/government/careers,Tenders And Bids,validation gate failed (1/2): keywords_near_title
,,https://www.town.minto.on.ca/government/careers,Eat,validation gate failed (1/2): title_source_og_title
,,https://www.town.minto.on.ca/government/careers,Stay,validation gate failed (1/2): title_source_og_title
,,https://www.town.minto.on.ca/government/careers,Play,validation gate failed (0/2): no signals
,,https://www.town.minto.on.ca/government/careers,Culture Tourism Map,validation gate failed (0/2): no signals
,,https://www.town.minto.on.ca/government/careers,Minto Cultural Roundtable,validation gate failed (1/2): keywords_near_title
,,https://www.town.minto.on.ca/government/careers,Diversity Equity And Inclusion Committee 2,validation gate failed (0/2): no signals
,,https://www.town.minto.on.ca/government/careers,Information For Candidates,validation gate failed (1/2): keywords_near_title
