org_id,org_name,source_url,candidate_title,rejection_reason
,,https://adjtos.ca/wp-content/uploads/2026/08/Equip-Op-Job-Posting-Aug2026.pdf,Equip Op Job Posting Aug 2026,validation gate failed (1/2): pdf_role_title
,,https://aylmer.ca/town-hall/employment-opportunities,Day Camp Volunteer,validation gate failed (1/2): keywords_near_title
,,https://innisfil.hua.hrsmart.com/hr/ats/JobSearch/viewAll,Cross Site Request Forgery (csrf),validation gate failed (0/2): no signals
,,https://aokfn.com/employment,Covid 19 Information,validation gate failed (0/2): no signals
,,https://aokfn.com/employment,Design De Plume,validation gate failed (0/2): no signals
,,https://aokfn.com/employment,Google Maps,validation gate failed (1/2): title_source_og_title
,,https://beckwith.ca/category/career-employment,Tel,validation gate failed (0/2): no signals
,,https://beckwith.ca/category/career-employment,Contact Us,validation gate failed (1/2): keywords_near_title
,,https://echobay.ca/career-opportunities,Part Time Arena Caretaker Job Posting August 2026,validation gate failed (1/2): pdf_role_title
,,https://jocelyn.ca/township-office/employment-opportunities,Contact,validation gate failed (0/2): no signals
,,https://dokis.ca/employment-services,Andreac,validation gate failed (0/2): no signals
,,https://dokis.ca/employment-services,Header 8.png,validation gate failed (0/2): no signals
,,https://www.lacseulfn.org/vacant-jobs,Overview - Lac Seul First Nation,validation gate failed (1/2): title_source_og_title
,,https://alderville.ca/employment-opportunities,Profile - Alderville First Nation,validation gate failed (1/2): title_source_og_title
,,https://alderville.ca/employment-opportunities,Register - Alderville First Nation,validation gate failed (1/2): title_source_og_title
,,https://alderville.ca/employment-opportunities,Jobs,short generic nav title
,,https://alderville.ca/employment-opportunities,We apologize for the inconvenience...,validation gate failed (1/2): title_source_h1
,,https://alderville.ca/employment-opportunities,Inspiro,validation gate failed (0/2): no signals
,,https://alderville.ca/employment-opportunities,Purposes,validation gate failed (0/2): no signals
,,https://chapleau.ca/business/resources/employment-volunteer-opportunities,www.jobsinchapleau.com,validation gate failed (0/2): no signals
,,https://chapleau.ca/business/resources/employment-volunteer-opportunities,Search,validation gate failed (0/2): no signals
,,https://chapleau.ca/business/resources/employment-volunteer-opportunities,Council Agenda & Minutes,validation gate failed (1/2): title_source_og_title
,,https://chapleau.ca/business/resources/employment-volunteer-opportunities,August 2026,validation gate failed (1/2): title_source_og_title
,,https://chapleau.ca/business/resources/employment-volunteer-opportunities,Accessibility,validation gate failed (0/2): no signals
,,https://chapleau.ca/business/resources/employment-volunteer-opportunities,Privacy Policy,validation gate failed (1/2): keywords_near_title
,,https://bancroft.civicweb.net/filepro/documents/47725,Temporary Operator Public Works,validation gate failed (1/2): role_like_title
,,https://bancroft.civicweb.net/filepro/documents/47725,Temporary Full Time Operator,validation gate failed (1/2): role_like_title
,,https://bancroft.civicweb.net/filepro/documents/47725,126827,validation gate failed (1/2): keywords_near_title
,,https://bancroft.civicweb.net/filepro/documents/47725,CLOSED AND NOT FILLED POSITIONS,validation gate failed (1/2): keywords_near_title
,,https://bancroft.civicweb.net/filepro/documents/47725,CLOSED AND FILLED POSITIONS,validation gate failed (1/2): keywords_near_title
,,https://bancroft.civicweb.net/filepro/documents/47725,Resetpassword,validation gate failed (0/2): no signals
,,https://orillia.hiringplatform.ca/list/careers,City of Orillia,validation gate failed (1/2): title_source_og_title
,,https://jobs.kitchener.ca/,Search,validation gate failed (1/2): url_hint
,,https://oliverpaipoonge.ca/municipal-office/employment,228,validation gate failed (0/2): no signals
,,https://oliverpaipoonge.ca/municipal-office/employment,228,validation gate failed (0/2): no signals
,,https://oliverpaipoonge.ca/municipal-office/employment,228,validation gate failed (0/2): no signals
,,https://oliverpaipoonge.ca/municipal-office/employment,Jobs,short generic nav title
,,https://oliverpaipoonge.ca/municipal-office/employment,Lakehead University Job Bank,validation gate failed (0/2): no signals
,,https://oliverpaipoonge.ca/municipal-office/employment,Jobs In Thunder Bay Ontario,validation gate failed (1/2): url_hint
,,https://oliverpaipoonge.ca/municipal-office/employment,Browse Results,validation gate failed (0/2): no signals
,,https://blrtownship.ca/article/employment,Council Meetings,validation gate failed (1/2): listing_apply_pattern
,,https://blrtownship.ca/article/employment,Payment Information,validation gate failed (1/2): listing_apply_pattern
,,https://www.nationmun.ca/fr/hotel-de-ville/carrieres,116,non-job category context
,,https://www.nationmun.ca/fr/hotel-de-ville/carrieres,Ressources Humaines,non-job category context
,,https://www.nationmun.ca/fr/hotel-de-ville/carrieres,Representant Au Service La Clientele Et Soutien Administratif,non-job category context
,,https://www.nationmun.ca/fr/hotel-de-ville/carrieres,Assistant au technicien,non-job category context
,,https://www.nationmun.ca/fr/hotel-de-ville/carrieres,Commis Au Service La Clientele Loisirs,non-job category context
,,https://delawarenation.on.ca/category/employment,"August 19 , 2026",validation gate failed (1/2): title_source_h2
,,https://delawarenation.on.ca/category/employment,Carpenter’s Union,validation gate failed (1/2): title_source_h1
,,https://delawarenation.on.ca/category/employment,Dn Newsletters,validation gate failed (0/2): no signals
,,https://delawarenation.on.ca/category/employment,PS Policy Update,validation gate failed (1/2): title_source_h2
,,https://delawarenation.on.ca/category/employment,Community Bday Celebration and Trusted Source,validation gate failed (1/2): title_source_h2
,,https://delawarenation.on.ca/category/employment,Updates From the Chief,validation gate failed (1/2): role_like_title
,,https://simcoe.hua.hrsmart.com/hr/ats/JobSearch/viewAll,Cross Site Request Forgery (csrf),validation gate failed (0/2): no signals
,,https://simcoe.hua.hrsmart.com/hr/ats/JobSearch/viewAll,Social,validation gate failed (0/2): no signals
,,https://northumberland.ca/county-government/careers,2y 2qv Ewrq IE,blocked posting URL
,,https://northumberland.ca/county-government/careers,O 9p Jm X 9sso I,blocked posting URL
,,https://northumberland.ca/county-government/careers,Qfmp Zyu 5g Ds,blocked posting URL
,,https://northumberland.ca/county-government/careers,F 7au 2rty 4U,blocked posting URL
,,https://northumberland.ca/county-government/careers,8g Xd 7fc Bvfw,blocked posting URL
,,https://northumberland.ca/county-government/careers,2s Ai 7gzjq I,blocked posting URL
,,https://northumberland.ca/county-government/careers,Subscribe,validation gate failed (1/2): listing_apply_pattern
,,https://northumberland.ca/county-government/careers,Privacy Policy,validation gate failed (1/2): listing_apply_pattern
,,https://northumberland.ca/county-government/careers,Maps,validation gate failed (1/2): listing_apply_pattern
,,https://northumberland.ca/county-government/careers,Main Login,validation gate failed (1/2): listing_apply_pattern
,,https://welland.myavanti.ca/careers,The Fast & Secure Web Browser Built to be Yours,validation gate failed (1/2): title_source_og_title
,,https://welland.myavanti.ca/careers,"Manuals , Specs , and Downloads",validation gate failed (1/2): title_source_og_title
,,https://www.mapleton.ca/administration-and-town-hall/employment,Privacy Policy,validation gate failed (0/2): no signals
,,https://www.mapleton.ca/administration-and-town-hall/employment,Water and Wastewater Master Plan,validation gate failed (1/2): title_source_og_title
,,https://town.petrolia.on.ca/wp-content/uploads/2026/07/H11-FD-26-Volunteer-Firefighter-Recruitment-Ad.pdf,H 11 FD 26 Volunteer Firefighter Recruitment Ad,validation gate failed (0/2): no signals
,,https://taykwatagamou.com/about/careers,Haleycochrane,validation gate failed (0/2): no signals
,,https://taykwatagamou.com/about/careers,Member Login,validation gate failed (1/2): title_source_og_title
,,https://taykwatagamou.com/about/careers,Become a Member,validation gate failed (1/2): title_source_og_title
,,https://stjosephtownship.com/jobs,Email Protection,validation gate failed (1/2): keywords_near_title
,,https://stjosephtownship.com/jobs,Accessibility,validation gate failed (1/2): keywords_near_title
,,https://stjosephtownship.com/jobs,Contact Us,validation gate failed (1/2): keywords_near_title
,,https://stjosephtownship.com/jobs,Newsletter,validation gate failed (0/2): no signals
,,https://wasauksing.ca/employment-opportunities,Team Support September 7,validation gate failed (0/2): no signals
,,https://wasauksing.ca/employment-opportunities,Indeed Jobs,validation gate failed (1/2): url_hint
,,https://wasauksing.ca/employment-opportunities,Employment Opportunities 2,generic title pattern
,,https://wasauksing.ca/employment-opportunities,Anishinabek News Job Board,validation gate failed (1/2): url_hint
,,https://wasauksing.ca/employment-opportunities,Careers,short generic nav title
,,https://www.algonquinsofpikwakanagan.com/media/12slhjvc/rt-jobad-aoo-31jul2026.pdf,Rt Jobad Aoo 31jul 2026,validation gate failed (1/2): pdf_role_title
,,https://wabauskangfirstnation.com/careers,Google Maps,validation gate failed (1/2): title_source_og_title
,,https://wabauskangfirstnation.com/careers,Emergency Alerts,validation gate failed (0/2): no signals
,,https://mcnabbraeside.com/careers,News and Notices,validation gate failed (1/2): title_source_h1
,,https://mcnabbraeside.com/careers,Contact,validation gate failed (0/2): no signals
,,https://mcnabbraeside.com/careers,Calendar,validation gate failed (1/2): keywords_near_title
,,https://mcnabbraeside.com/careers,Notices,title blocklist exact: notices
,,https://mcnabbraeside.com/careers,Notice Of Sale Of Land By Public Tender July 30 2026 3123,validation gate failed (0/2): no signals
,,https://mcnabbraeside.com/careers,Council Meeting Summary,validation gate failed (1/2): title_source_h1
,,https://mcnabbraeside.com/careers,3497,validation gate failed (0/2): no signals
,,https://mcnabbraeside.com/careers,Ticks Are Active Know The Risks And Protect Yourself From Tick Bites 9091,validation gate failed (0/2): no signals
,,https://mcnabbraeside.com/careers,Public Notice Of Pesticide Use 9996,validation gate failed (0/2): no signals
,,https://wahnapitaefn.ca/notices/jobs/postings.html,C 7nup 0upp N,validation gate failed (0/2): no signals
,,https://wahnapitaefn.ca/notices/jobs/postings.html,Wfnnotices,validation gate failed (0/2): no signals
,,https://recruiting.ultipro.ca/COR5003CALED/JobBoard/55e2803a-385b-47b1-b911-51dd7ed81d1e?q=&o=postedDateDesc,"Welcome , come on in!",validation gate failed (1/2): title_source_h1
,,https://www.alfred-plantagenet.com/en/government-administration/job-postings-volunteering,Bénévoles Prescott,validation gate failed (1/2): title_source_og_title
,,https://workforcenow.adp.com/mascsr/default/mdf/recruitment/recruitment.html?cid=2f8e846e-ba4e-4eb0-b528-bebc359be4c9&ccId=19000101_000001&lang=en_CA&selectedMenuKey=CurrentOpenings,Wfn Req,validation gate failed (0/2): no signals
,,https://nigigoonsiminikaaning.ca/category/employment,Graphic Artist,validation gate failed (1/2): title_source_h1
,,https://recruiting.ultipro.ca/COR5004CLMB/JobBoard/6b014206-1003-40c3-98a0-b2340f1971da?q=&o=postedDateDesc,"Welcome , come on in!",validation gate failed (1/2): title_source_h1
,,https://thessalon.ca/council-and-government/employment-opportunities,Events,title blocklist exact: events
,,https://recruiting.ultipro.ca/COR5101COMCH/JobBoard/99e5515b-9ffb-4d3b-a84e-95f953a5c0f2?q=&o=postedDateDesc,"Welcome , come on in!",validation gate failed (1/2): title_source_h1
,,https://workforcenow.adp.com/mascsr/default/mdf/recruitment/recruitment.html?cid=9ba4d624-1cab-4482-861f-900704c3df0d&ccId=19000101_000001&type=JS&lang=en_CA&selectedMenuKey=CareerCenter,Wfn Req,validation gate failed (0/2): no signals
,,https://townshipofthenorthshore.ca/governing/employment,download Temp casual labourer 2026 posting,validation gate failed (1/2): role_like_title
,,https://townshipofthenorthshore.ca/governing/employment,download Municipal Clerk,validation gate failed (1/2): role_like_title
,,https://townshipofthenorthshore.ca/governing/employment,download Temp Casual labourer description 2026,validation gate failed (1/2): role_like_title
,,https://townshipofthenorthshore.ca/governing/employment,download Summer Student,validation gate failed (1/2): role_like_title
,,https://townshipofthenorthshore.ca/governing/employment,download SUMMER STUDENTS POSTER 2026,validation gate failed (1/2): role_like_title
,,https://townshipofthenorthshore.ca/governing/employment,Documents,validation gate failed (0/2): no signals
,,https://recruiting.ultipro.ca/COR5104CCOH/JobBoard/3bc4a2fd-51ca-4ae2-a6c0-8aabfc0f6788?q=&o=postedDateDesc,"Welcome , come on in!",validation gate failed (1/2): title_source_h1
,,https://oneida.on.ca/employment/job-listings,Environment At Oneida,validation gate failed (1/2): title_source_og_title
,,https://www.blandfordblenheim.ca/business-and-employment/employment-opportunities,Mfippa,validation gate failed (0/2): no signals
,,https://www.blandfordblenheim.ca/business-and-employment/employment-opportunities,"Accessibility for Ontarians with Disabilities Act , 2005 , S.O. 2005 , c. 11",validation gate failed (1/2): title_source_og_title
,,https://www.blandfordblenheim.ca/business-and-employment/employment-opportunities,Contact Us,validation gate failed (0/2): no signals
,,https://www.blandfordblenheim.ca/business-and-employment/employment-opportunities,Google Maps,validation gate failed (1/2): title_source_og_title
,,https://www.blandfordblenheim.ca/business-and-employment/employment-opportunities,{base},validation gate failed (0/2): no signals
,,https://media-003-ca.cdn.govstack.com/cavanmonaghan-018-ca/media/jyrc5pdx/posting-notice-director-of-planning-june-2026.pdf,Posting Notice Director Of Planning June 2026,non-job category context
,,https://brucecounty.myavanti.ca/careers,The Fast & Secure Web Browser Built to be Yours,validation gate failed (1/2): title_source_og_title
,,https://brucecounty.myavanti.ca/careers,"Manuals , Specs , and Downloads",validation gate failed (1/2): title_source_og_title
,,https://shoallake40.ca/economic-development,IMG 20210504 SL 1013 Economic Development Graphic.png,validation gate failed (0/2): no signals
,,https://shoallake40.ca/economic-development,Job Opportunities,validation gate failed (1/2): title_source_og_title
,,https://shoallake40.ca/economic-development,Job Opportunities,validation gate failed (1/2): title_source_og_title
,,https://shoallake40.ca/economic-development,Chief + Council,non-job category context
,,https://shoallake40.ca/economic-development,Nation Services,non-job category context
,,https://shoallake40.ca/economic-development,Community Works,non-job category context
,,https://shoallake40.ca/economic-development,Governance,non-job category context
,,https://shoallake40.ca/economic-development,Who We Are,validation gate failed (1/2): title_source_og_title
,,https://shoallake40.ca/economic-development,Our History,non-job category context
,,https://shoallake40.ca/economic-development,Contact Us,non-job category context
,,https://shoallake40.ca/economic-development,93403,validation gate failed (0/2): no signals
,,https://recruiting.ultipro.ca/KEE5000NCC/JobBoard/0f7cbf31-f68f-4b9a-a175-34c1162ee91c,"Welcome , come on in!",validation gate failed (1/2): title_source_h1
,,https://www.casselman.ca/en/my-municipality/administration/careers-2,ClickUp Forms,validation gate failed (1/2): title_source_og_title
,,https://workforcenow.adp.com/mascsr/default/mdf/recruitment/recruitment.html?cid=b1fead40-7a8c-4b14-87a0-dc031bab192d&ccId=19000101_000001&lang=en_CA,Wfn Req,validation gate failed (0/2): no signals
,,https://www.blindriver.ca/town-hall/careers,Privacy Policy,validation gate failed (0/2): no signals
,,https://www.blindriver.ca/town-hall/careers,Contact Us,validation gate failed (1/2): title_source_og_title
,,https://www.blindriver.ca/town-hall/careers,Subscription Messaging,validation gate failed (0/2): no signals
,,https://recruiting.ultipro.ca/KEE5000NCC/JobBoard/0f7cbf31-f68f-4b9a-a175-34c1162ee91c?q=&o=postedDateDesc,"Welcome , come on in!",validation gate failed (1/2): title_source_h1
,,https://www.burksfalls.net/townhall/employment-opportunities,The Village of Burk’s Falls,validation gate failed (1/2): title_source_og_title
,,https://www.burksfalls.net/townhall/employment-opportunities,En,validation gate failed (0/2): no signals
,,https://www.burksfalls.net/townhall/employment-opportunities,Job Bank,validation gate failed (1/2): title_source_og_title
,,https://www.burksfalls.net/townhall/employment-opportunities,The Village of Burk’s Falls,validation gate failed (1/2): title_source_og_title
,,https://recruiting.ultipro.ca/ALA5000ALAG/JobBoard/63c26905-d7c5-4e50-933f-60cc2d69067f?q=&o=postedDateDesc&w=&wc=&we=&wpst=&f4=dnNxmjVt-1ySJe_Q4SwJ7Q,"Welcome , come on in!",validation gate failed (1/2): title_source_h1
,,https://workforcenow.adp.com/mascsr/default/mdf/recruitment/recruitment.html?cid=0ce8fb85-2d6b-4891-af18-08a0cb3841a2&ccId=19000101_000001&lang=en_CA&selectedMenuKey=CurrentOpenings,Wfn Req,validation gate failed (0/2): no signals
,,https://cityofbelleville.applytojob.com/apply,"Specialized Instructor , Certified (Yoga)",non-job category context
,,https://cityofbelleville.applytojob.com/apply,Traffic Technician,non-job category context
,,https://cityofbelleville.applytojob.com/apply,Water Treatment Plant Operator,non-job category context
,,https://media-003-ca.cdn.govstack.com/cramahe-018-ca/media/iyebdeup/fire-adminstrator-job-posting-full-time-2026.pdf,Fire Adminstrator Job Posting Full Time 2026,validation gate failed (1/2): pdf_role_title
,,https://www.dryden.ca/careers,Privacy Policy,validation gate failed (0/2): no signals
,,https://www.akrc.on.ca/category/employment,Google Maps,validation gate failed (1/2): title_source_og_title
,,https://www.akrc.on.ca/category/employment,Rnash,validation gate failed (0/2): no signals
,,https://www.dysartetal.ca/municipal-government/careers,Privacy Policy,validation gate failed (1/2): title_source_og_title
,,https://cochraneontario.com/living/employment-opportunities,Living | Town of Cochrane,validation gate failed (1/2): title_source_og_title
,,https://cochraneontario.com/living/employment-opportunities,Visiting | Town of Cochrane,validation gate failed (1/2): title_source_og_title
,,https://cochraneontario.com/living/employment-opportunities,Doing Business,validation gate failed (1/2): title_source_og_title
,,https://cochraneontario.com/living/employment-opportunities,Town Hall,validation gate failed (1/2): title_source_og_title
,,https://cochraneontario.com/living/employment-opportunities,Municipal Accommodation Tax,validation gate failed (1/2): title_source_og_title
,,https://cochraneontario.com/living/employment-opportunities,Jobs in Cochrane,validation gate failed (0/2): no signals
,,https://cochraneontario.com/living/employment-opportunities,17,validation gate failed (0/2): no signals
,,https://cochraneontario.com/living/employment-opportunities,26,validation gate failed (0/2): no signals
,,https://cochraneontario.com/living/employment-opportunities,04,validation gate failed (0/2): no signals
,,https://cochraneontario.com/living/employment-opportunities,07,validation gate failed (0/2): no signals
,,https://cochraneontario.com/living/employment-opportunities,03,validation gate failed (0/2): no signals
,,https://cochraneontario.com/living/employment-opportunities,Cochrane,validation gate failed (0/2): no signals
,,https://cochraneontario.com/living/employment-opportunities,Refer,validation gate failed (0/2): no signals
,,https://cochraneontario.com/living/employment-opportunities,Notice Of Temporary Road Closure 3,validation gate failed (0/2): no signals
,,https://cochraneontario.com/living/employment-opportunities,OFFICE OF THE MAYOR,validation gate failed (1/2): title_source_og_title
,,https://cochraneontario.com/living/employment-opportunities,OFFICE OF THE MAYOR,validation gate failed (1/2): title_source_og_title
,,https://cochraneontario.com/living/employment-opportunities,OFFICE OF THE MAYOR,validation gate failed (1/2): title_source_og_title
,,https://cochraneontario.com/living/employment-opportunities,SEASONAL LOAD RESTRICTION,validation gate failed (1/2): title_source_og_title
,,https://cochraneontario.com/living/employment-opportunities,OFFICE OF THE MAYOR,validation gate failed (1/2): title_source_og_title
,,https://cochraneontario.com/living/employment-opportunities,OFFICE OF THE MAYOR,validation gate failed (1/2): title_source_og_title
,,https://cochraneontario.com/living/employment-opportunities,Bin Placement Notice,validation gate failed (1/2): title_source_og_title
,,https://cochraneontario.com/living/employment-opportunities,OFFICE OF THE MAYOR,validation gate failed (1/2): title_source_og_title
,,https://www.collingwood.ca/governance-engagement/careers-employment,Subscribe now,validation gate failed (1/2): title_source_og_title
,,https://www.collingwood.ca/governance-engagement/careers-employment,Colling/It,validation gate failed (1/2): title_source_og_title
,,https://www.collingwood.ca/governance-engagement/careers-employment,S,validation gate failed (0/2): no signals
,,https://www.collingwood.ca/governance-engagement/careers-employment,Contact Us,validation gate failed (0/2): no signals
,,https://www.countyofessex.ca/county-government/careers-and-volunteering/career-opportunities,Privacy Policy,validation gate failed (0/2): no signals
,,https://www.countyofessex.ca/county-government/careers-and-volunteering/career-opportunities,Subscription Messaging,validation gate failed (0/2): no signals
,,https://www.champlain.ca/job,Carrière et bénévolat,validation gate failed (1/2): title_source_h1
,,https://www.armstrongtownship.com/en/municipal-services/opportunities,Armstrong Township,non-job category context
,,https://www.armstrongtownship.com/en/municipal-services/opportunities,Public Notices,validation gate failed (0/2): no signals
,,https://www.armstrongtownship.com/en/municipal-services/opportunities,Recreation,non-job category context
,,https://www.armstrongtownship.com/en/municipal-services/opportunities,2026 Municipal Election,non-job category context
,,https://www.armstrongtownship.com/en/municipal-services/opportunities,Council Meetings,non-job category context
,,https://www.armstrongtownship.com/en/municipal-services/opportunities,Contact Us,non-job category context
,,https://www.armstrongtownship.com/en/municipal-services/opportunities,Markstay Warren,non-job category context
,,https://www.armstrongtownship.com/en/municipal-services/opportunities,Google Maps,non-job category context
,,https://www.armstrongtownship.com/en/municipal-services/opportunities,By Laws,title blocklist exact: by laws
,,https://www.armstrongtownship.com/en/municipal-services/opportunities,Meetings Agendas,non-job category context
,,https://www.armstrongtownship.com/en/municipal-services/opportunities,Service,validation gate failed (0/2): no signals
,,https://www.armstrongtownship.com/en/municipal-services/opportunities,Municipal Events,non-job category context
,,https://www.armstrongtownship.com/en/municipal-services/opportunities,Pay Online,non-job category context
,,https://wabaseemoong.ca/news/job-opportunities,"wabaseemoong_x06bh8 , Author at Wabaseemoong Independent Nations",validation gate failed (1/2): title_source_og_title
,,https://wabaseemoong.ca/news/job-opportunities,Employment Opportunity.png,generic title pattern
,,https://wabaseemoong.ca/news/job-opportunities,News Archives » Wabaseemoong Independent Nations,validation gate failed (1/2): title_source_og_title
,,https://wabaseemoong.ca/news/job-opportunities,receptionist Archives » Wabaseemoong Independent Nations,validation gate failed (1/2): title_source_og_title
,,https://workforcenow.adp.com/mascsr/default/mdf/recruitment/recruitment.html?cid=8aa53a99-a3f5-4260-aae3-17ca04fdef62&ccId=19000101_000001&source=LI&lang=en_CA&selectedMenuKey=CareerCenter,Wfn Req,validation gate failed (0/2): no signals
,,https://www.dropbox.com/scl/fi/72374qo6ikt0c4jljjlc1/Job-Posting-Crossing-Guard-June-2026.pdf?rlkey=6s0ii65osmu5j5m1zpmgbgbq2&st=62q0a6fn&dl=0,Job Posting Crossing Guard June 2026,validation gate failed (1/2): url_hint
,,https://www.conmee.com/p/employment,Zoning Bylaw And Official Plan Review,validation gate failed (0/2): no signals
,,https://www.conmee.com/p/employment,Members of Council,validation gate failed (1/2): title_source_og_title
,,https://www.conmee.com/p/employment,Renting The Hall,validation gate failed (0/2): no signals
,,https://www.conmee.com/p/employment,Emergency Services,validation gate failed (1/2): keywords_near_title
,,https://www.conmee.com/p/employment,Index,validation gate failed (0/2): no signals
,,https://www.chisholm.ca/en/your-government/employment-opportunity-1,Service,validation gate failed (1/2): keywords_near_title
,,https://www.chisholm.ca/en/your-government/employment-opportunity-1,Meetings & Agendas,validation gate failed (1/2): title_source_h1
,,https://www.chisholm.ca/en/your-government/employment-opportunity-1,Planning Department,validation gate failed (1/2): keywords_near_title
,,https://www.chisholm.ca/en/your-government/employment-opportunity-1,Astorville,validation gate failed (0/2): no signals
,,https://www.chisholm.ca/en/your-government/employment-opportunity-1,Cpal,validation gate failed (0/2): no signals
,,https://www.chisholm.ca/en/your-government/employment-opportunity-1,Employment Opportunity 1,generic title pattern
,,https://www.chisholm.ca/en/your-government/employment-opportunity-1,Service,validation gate failed (0/2): no signals
,,https://workforcenow.adp.com/mascsr/default/mdf/recruitment/recruitment.html?cid=09ed440f-e109-4f6f-ac03-075ea0a3a5e5&ccId=19000101_000001&lang=en_CA&ccId=19000101_000001&type=JS&lang=en_CA,Wfn Req,validation gate failed (0/2): no signals
,,https://www.eastgarafraxa.ca/municipal-government/careers,Privacy Policy,validation gate failed (1/2): title_source_og_title
,,https://www.eastgarafraxa.ca/municipal-government/careers,Elections,validation gate failed (1/2): keywords_near_title
,,https://www.eastgarafraxa.ca/municipal-government/careers,Official Plan And Official Plan Review,validation gate failed (1/2): keywords_near_title
,,https://townofmono.com/jobs,134608,validation gate failed (1/2): listing_apply_pattern
,,https://townofmono.com/jobs,Rental Rates,validation gate failed (1/2): listing_apply_pattern
,,https://www.clarence-rockland.com/en/city-hall/careers,Are you on the voters list?,validation gate failed (1/2): title_source_h1
,,https://www.clarence-rockland.com/en/city-hall/careers,City Hall Early Closure,validation gate failed (1/2): title_source_h1
,,https://www.clarence-rockland.com/en/city-hall/careers,Carrieres,validation gate failed (0/2): no signals
,,https://www.clarence-rockland.com/en/city-hall/careers,Human Resources,validation gate failed (1/2): title_source_h1
,,https://www.espanola.ca/town-government/career-opportunities,Email Protection,validation gate failed (0/2): no signals
,,http://www.hearst.ca/wp-content/uploads/2026/07/HFD-Recruitment-Guide-EN-May-2026-fillable-1.pdf,HFD Recruitment Guide EN May 2026 Fillable 1,validation gate failed (0/2): no signals
,,https://media-001-ca.cdn.govstack.com/greaternapanee-003-ca/media/gcihlmdu/crossing-guard-job-posting-sept-2026.pdf,Crossing Guard Job Posting Sept 2026,validation gate failed (1/2): pdf_role_title
,,https://www.hiltontownship.ca/wp-content/uploads/2026/08/CBO-Job-Ad-and-Full-Description-2026.pdf,CBO Job Ad And Full Description 2026,validation gate failed (1/2): pdf_role_title
,,https://www.gordonbarrieisland.ca/jobs,Privacy,validation gate failed (0/2): no signals
,,https://elklake.ca/employment,Drinking Water,validation gate failed (0/2): no signals
,,https://elklake.ca/employment,Garbage,validation gate failed (0/2): no signals
,,https://elklake.ca/employment,Fire,validation gate failed (1/2): keywords_near_title
,,https://elklake.ca/employment,Facility,validation gate failed (0/2): no signals
,,https://elklake.ca/employment,Permit,validation gate failed (1/2): keywords_near_title
,,https://elklake.ca/employment,Index,validation gate failed (0/2): no signals
,,https://elklake.ca/employment,Index,validation gate failed (0/2): no signals
,,https://elklake.ca/employment,Heritage,validation gate failed (0/2): no signals
,,https://elklake.ca/employment,Clubs,validation gate failed (0/2): no signals
,,https://elklake.ca/employment,Library,validation gate failed (0/2): no signals
,,https://elklake.ca/employment,Playground,validation gate failed (0/2): no signals
,,https://elklake.ca/employment,Index,validation gate failed (0/2): no signals
,,https://elklake.ca/employment,Community Centre,validation gate failed (0/2): no signals
,,https://elklake.ca/employment,Jack Munroe,validation gate failed (0/2): no signals
,,https://elklake.ca/employment,Cemetery,validation gate failed (0/2): no signals
,,https://elklake.ca/employment,Worship,validation gate failed (0/2): no signals
,,https://elklake.ca/employment,Tent Trailer,validation gate failed (0/2): no signals
,,https://elklake.ca/employment,Dine,validation gate failed (0/2): no signals
,,https://elklake.ca/employment,Stay,validation gate failed (0/2): no signals
,,https://elklake.ca/employment,Reeve & Council,validation gate failed (1/2): title_source_og_title
,,https://elklake.ca/employment,Law to amend By,validation gate failed (1/2): title_source_h2
,,https://elklake.ca/employment,Agendas & Minutes,validation gate failed (1/2): title_source_og_title
,,https://elklake.ca/employment,Regular Council Meeting,validation gate failed (1/2): title_source_h2
,,https://elklake.ca/employment,Regular Council Meeting,validation gate failed (1/2): title_source_h2
,,https://elklake.ca/employment,2024 Meetings,validation gate failed (1/2): title_source_og_title
,,https://elklake.ca/employment,2023 Meeting Agendas & Minutes,validation gate failed (1/2): title_source_og_title
,,https://elklake.ca/employment,2022 Council Meeting Agendas & Minutes,validation gate failed (1/2): title_source_og_title
,,https://elklake.ca/employment,Plans & Reports,validation gate failed (1/2): title_source_og_title
,,https://elklake.ca/employment,Payments,validation gate failed (1/2): title_source_og_title
,,https://elklake.ca/employment,Contact Us,validation gate failed (1/2): title_source_og_title
,,https://elklake.ca/employment,Accessibility Statement,validation gate failed (1/2): title_source_og_title
,,https://elklake.ca/employment,Industrial,validation gate failed (0/2): no signals
,,https://elklake.ca/employment,Index,validation gate failed (0/2): no signals
,,https://elklake.ca/employment,Museum Summer Job,validation gate failed (0/2): no signals
,,https://chapleaucree.ca/employment-opportunities,time (2) (deadline to submit,validation gate failed (1/2): url_hint
,,https://chapleaucree.ca/employment-opportunities,Full Time (Deadline to submit,validation gate failed (1/2): url_hint
,,https://chapleaucree.ca/employment-opportunities,Full Time (Deadline to submit,validation gate failed (1/2): url_hint
,,https://chapleaucree.ca/employment-opportunities,Lands and Resources (full time) (Deadline to submit,validation gate failed (1/2): url_hint
,,https://chapleaucree.ca/employment-opportunities,Employment Opportunity Gas Bar Attendant Part Time 3,generic title pattern
,,https://chapleaucree.ca/employment-opportunities,FULL TIME,validation gate failed (1/2): url_hint
,,https://chapleaucree.ca/employment-opportunities,Employment Opportunity Financial Programmer Ccfn Health Centre Full Time,generic title pattern
,,https://chapleaucree.ca/employment-opportunities,Employment Opportunity Medical Drivers Casual Contract,generic title pattern
,,https://chapleaucree.ca/employment-opportunities,Weekly Pamphlet August 31 September 6 2026,validation gate failed (0/2): no signals
,,https://chapleaucree.ca/employment-opportunities,Weekly Pamphlet August 24 30 2026,validation gate failed (0/2): no signals
,,https://chapleaucree.ca/employment-opportunities,Weekly Pamphlet August 17 23 2026,validation gate failed (0/2): no signals
,,https://chapleaucree.ca/employment-opportunities,Weekly Pamphlet August 10 16 2026,validation gate failed (0/2): no signals
,,https://chapleaucree.ca/employment-opportunities,Weekly Pamphlet August 3 9 2026,validation gate failed (0/2): no signals
,,https://chapleaucree.ca/employment-opportunities,Weekly Pamphlet July 27 August 2 2026,validation gate failed (0/2): no signals
,,https://chapleaucree.ca/employment-opportunities,Weekly Pamphlet July 20 26 2026,validation gate failed (0/2): no signals
,,https://chapleaucree.ca/employment-opportunities,Weekly Pamphlet July 13 19 2026,validation gate failed (0/2): no signals
,,https://chapleaucree.ca/employment-opportunities,Weekly Pamphlet July 6 12 2026,validation gate failed (0/2): no signals
,,https://chapleaucree.ca/employment-opportunities,Weekly Pamphlet June 29 July 5 2026,validation gate failed (0/2): no signals
,,https://chapleaucree.ca/employment-opportunities,Weekly Pamphlet June 22 28 2026,validation gate failed (0/2): no signals
,,https://chapleaucree.ca/employment-opportunities,Weekly Pamphlet June 15 21 2026,validation gate failed (0/2): no signals
,,https://chapleaucree.ca/employment-opportunities,Weekly Pamphlet June 8 17 2026,validation gate failed (0/2): no signals
,,https://chapleaucree.ca/employment-opportunities,Weekly Pamphlet June 1 7 2026,validation gate failed (0/2): no signals
,,https://chapleaucree.ca/employment-opportunities,Weekly Pamphlet May 25 31 2026,validation gate failed (0/2): no signals
,,https://chapleaucree.ca/employment-opportunities,Weekly Pamphlet May 18 24 2026,validation gate failed (0/2): no signals
,,https://chapleaucree.ca/employment-opportunities,Weekly Pamphlet May 11 17 2026,validation gate failed (0/2): no signals
,,https://chapleaucree.ca/employment-opportunities,Weekly Pamphlet May 4 10 2026,validation gate failed (0/2): no signals
,,https://chapleaucree.ca/employment-opportunities,Weekly Pamphlet April 27 May 3 2026,validation gate failed (0/2): no signals
,,https://chapleaucree.ca/employment-opportunities,Weekly Pamphlet April 20 26 2026,validation gate failed (0/2): no signals
,,https://chapleaucree.ca/employment-opportunities,Small Engine Repair Shop,validation gate failed (0/2): no signals
,,https://chapleaucree.ca/employment-opportunities,Chapleau Cree Autotruck,validation gate failed (0/2): no signals
,,https://recruiting.ultipro.ca/COR5107TCOG/JobBoard/256b8483-67a3-4ffb-8e82-4d76e6a94e05?q=&o=postedDateDesc,"Welcome , come on in!",validation gate failed (1/2): title_source_h1
,,https://www.frontenacislands.ca/township-services/careers,Elections,validation gate failed (1/2): keywords_near_title
,,https://workforcenow.adp.com/mascsr/default/mdf/recruitment/recruitment.html?cid=f5060f66-1f92-430e-b67b-c5e16cd9318f&ccId=19000101_000001&type=JS&lang=en_CA,Wfn Req,validation gate failed (0/2): no signals
,,https://workforcenow.adp.com/mascsr/default/mdf/recruitment/recruitment.html?cid=5d9aaa90-d2fa-4d27-afd3-61bb294d8dc9&ccId=19000101_000001&source=CC2&lang=en_CA&selectedMenuKey=CareerCenter,Wfn Req,validation gate failed (0/2): no signals
,,https://www.bonnecherevalleytwp.com/careers,Municipal Staff Contact,validation gate failed (1/2): keywords_near_title
,,https://www.bonnecherevalleytwp.com/careers,News,title blocklist exact: news
,,https://www.bonnecherevalleytwp.com/careers,Events,title blocklist exact: events
,,https://www.bonnecherevalleytwp.com/careers,Business,validation gate failed (0/2): no signals
,,https://www.bonnecherevalleytwp.com/careers,Visit,validation gate failed (0/2): no signals
,,https://www.bonnecherevalleytwp.com/careers,Valleygo,validation gate failed (0/2): no signals
,,https://www.hortontownship.ca/municipality/employment-opportunities,Calendar,validation gate failed (0/2): no signals
,,https://www.hortontownship.ca/municipality/employment-opportunities,Contact,validation gate failed (0/2): no signals
,,https://www.duttondunwich.on.ca/municipal-services/employment-opportunities,Book Your Event,validation gate failed (1/2): listing_apply_pattern
,,https://www.hamiltontownship.ca/news/career-opportunities,Privacy Policy,validation gate failed (1/2): title_source_og_title
,,https://www.greyhighlands.ca/news/career-opportunities,Connectinglink,validation gate failed (1/2): keywords_near_title
,,https://www.greyhighlands.ca/news/career-opportunities,Municipality of Grey Highlands | Municipality of Grey Highlands,validation gate failed (1/2): title_source_og_title
,,https://www.greyhighlands.ca/news/career-opportunities,News | Municipality of Grey Highlands,validation gate failed (1/2): title_source_og_title
,,https://www.greyhighlands.ca/news/career-opportunities,Subscribe | Municipality of Grey Highlands,validation gate failed (1/2): title_source_og_title
,,https://www.greyhighlands.ca/news/career-opportunities,Privacy Policy,validation gate failed (1/2): title_source_og_title
,,https://www.brighton.ca/council-government/careers-and-volunteering/current-job-opportunities,Garbage,validation gate failed (1/2): listing_apply_pattern
,,https://www.brighton.ca/council-government/careers-and-volunteering/current-job-opportunities,Recreation Culture,validation gate failed (1/2): listing_apply_pattern
,,https://www.brighton.ca/council-government/careers-and-volunteering/current-job-opportunities,Applefest,validation gate failed (1/2): listing_apply_pattern
,,https://workforcenow.adp.com/mascsr/default/mdf/recruitment/recruitment.html?cid=1b5a89ec-9b9d-4cfe-afa6-d9c2e3278d41&ccId=19000101_000001&lang=en_CA,Wfn Req,validation gate failed (0/2): no signals
,,https://recruiting.ultipro.ca/COR5100COMLB/JobBoard/6de500a3-d10c-48fb-9d33-b96b97d7d17b?q=&o=postedDateDesc,"Welcome , come on in!",validation gate failed (1/2): title_source_h1
,,https://recruiting.ultipro.ca/COR5002CULG/JobBoard/32c48e4b-90d1-4199-8e13-7849c2e3437c?q=&o=postedDateDesc,"Welcome , come on in!",validation gate failed (1/2): title_source_h1
,,https://www.cityofkingston.ca/careers-and-volunteering/career-opportunities/current-career-opportunities,Accountability And Transparency,validation gate failed (1/2): keywords_near_title
,,https://www.cityofkingston.ca/careers-and-volunteering/career-opportunities/current-career-opportunities,Indigenous Initiatives,validation gate failed (0/2): no signals
,,https://www.cityofkingston.ca/careers-and-volunteering/career-opportunities/current-career-opportunities,In Aquatic Programs,validation gate failed (1/2): title_source_og_title
,,https://www.cityofkingston.ca/careers-and-volunteering/career-opportunities/current-career-opportunities,Building Permits,validation gate failed (1/2): title_source_og_title
,,https://www.cityofkingston.ca/careers-and-volunteering/career-opportunities/current-career-opportunities,Business Licences,validation gate failed (1/2): title_source_og_title
,,https://www.cityofkingston.ca/careers-and-volunteering/career-opportunities/current-career-opportunities,Open Air Fire Permits,validation gate failed (1/2): title_source_og_title
,,https://www.cityofkingston.ca/careers-and-volunteering/career-opportunities/current-career-opportunities,Drop In Recreational Programs,validation gate failed (0/2): no signals
,,https://www.cityofkingston.ca/careers-and-volunteering/career-opportunities/current-career-opportunities,Garbage Bag Tags,validation gate failed (1/2): keywords_near_title
,,https://www.cityofkingston.ca/careers-and-volunteering/career-opportunities/current-career-opportunities,Pet Licences,validation gate failed (0/2): no signals
,,https://www.cityofkingston.ca/careers-and-volunteering/career-opportunities/current-career-opportunities,Property Taxes,validation gate failed (0/2): no signals
,,https://www.cityofkingston.ca/careers-and-volunteering/career-opportunities/current-career-opportunities,Pay A Parking Ticket,validation gate failed (0/2): no signals
,,https://www.cityofkingston.ca/careers-and-volunteering/career-opportunities/current-career-opportunities,Load Your Pass Online,validation gate failed (0/2): no signals
,,https://www.cityofkingston.ca/careers-and-volunteering/career-opportunities/current-career-opportunities,Month,validation gate failed (0/2): no signals
,,https://www.cityofkingston.ca/careers-and-volunteering/career-opportunities/current-career-opportunities,Collection Calendar,validation gate failed (1/2): title_source_og_title
,,https://www.cityofkingston.ca/careers-and-volunteering/career-opportunities/current-career-opportunities,Webcams | City of Kingston,validation gate failed (1/2): title_source_og_title
,,https://www.deepriver.ca/careers,Contact,validation gate failed (1/2): title_source_h1
,,https://www.deepriver.ca/careers,Feedback,validation gate failed (1/2): title_source_h1
,,https://www.deepriver.ca/careers,Events,title blocklist exact: events
,,https://www.ignace.ca/town-hall/jobs-opportunities/jobs,Kpdsb And Csdcab First Day Of School,validation gate failed (0/2): no signals
,,https://www.ignace.ca/town-hall/jobs-opportunities/jobs,Labour Day Office Closed,validation gate failed (0/2): no signals
,,https://www.ignace.ca/town-hall/jobs-opportunities/jobs,Yard Sale,validation gate failed (0/2): no signals
,,https://www.ignace.ca/town-hall/jobs-opportunities/jobs,Mfoa Conference At Blue Mountain Resort,validation gate failed (0/2): no signals
,,https://www.ignace.ca/town-hall/jobs-opportunities/jobs,Report An Issue,validation gate failed (1/2): keywords_near_title
,,https://www.ignace.ca/town-hall/jobs-opportunities/jobs,Events,title blocklist exact: events
,,https://www.ignace.ca/town-hall/jobs-opportunities/jobs,Documents,validation gate failed (1/2): keywords_near_title
,,https://www.ignace.ca/town-hall/jobs-opportunities/jobs,Township of Ignace - Videos,validation gate failed (1/2): title_source_og_title
,,https://www.mckellar.ca/your-township/employment-opportunities,Fire Rating,validation gate failed (1/2): title_source_h1
,,https://www.mckellar.ca/your-township/employment-opportunities,Karlee Britton,validation gate failed (1/2): title_source_h1
,,https://www.mckellar.ca/your-township/employment-opportunities,Municipal World Job Board,validation gate failed (1/2): url_hint
,,https://www.mckellar.ca/your-township/employment-opportunities,Parry Sound YMCA Job Board,validation gate failed (1/2): url_hint
,,https://www.mcmurrichmonteith.com/opportunities,McMurrich Monteith Township,validation gate failed (1/2): title_source_og_title
,,https://workforcenow.adp.com/mascsr/default/mdf/recruitment/recruitment.html?cid=04bf51f8-d2dd-4641-ba92-183522f6e8b3&ccId=19000101_000001&type=MP&lang=en_CA,Wfn Req,validation gate failed (0/2): no signals
,,https://www.huntsville.ca/news/careers,Accessibility,validation gate failed (1/2): keywords_near_title
,,https://www.huntsville.ca/news/careers,Privacy Policy,validation gate failed (1/2): title_source_og_title
,,https://acwtownship.ca/government/careers,About the Community,validation gate failed (1/2): title_source_h1
,,https://acwtownship.ca/government/careers,Benmiller Ball,validation gate failed (0/2): no signals
,,https://acwtownship.ca/government/careers,Business Directory,validation gate failed (1/2): role_like_title
,,https://acwtownship.ca/government/careers,Events,title blocklist exact: events
,,https://acwtownship.ca/government/careers,Emergency Services Preparedness,validation gate failed (1/2): keywords_near_title
,,https://acwtownship.ca/government/careers,News,title blocklist exact: news
,,https://acwtownship.ca/government/careers,Recreation Facilities,validation gate failed (0/2): no signals
,,https://acwtownship.ca/government/careers,Road Closures,validation gate failed (0/2): no signals
,,https://acwtownship.ca/government/careers,Waste Recycling,validation gate failed (1/2): keywords_near_title
,,https://acwtownship.ca/government/careers,Accessibility,validation gate failed (0/2): no signals
,,https://acwtownship.ca/government/careers,Government,validation gate failed (1/2): title_source_h1
,,https://acwtownship.ca/government/careers,Government,validation gate failed (1/2): title_source_h1
,,https://acwtownship.ca/government/careers,Government,validation gate failed (1/2): title_source_h1
,,https://acwtownship.ca/government/careers,Government,validation gate failed (1/2): title_source_h1
,,https://acwtownship.ca/government/careers,Government,validation gate failed (1/2): title_source_h1
,,https://acwtownship.ca/government/careers,Government,validation gate failed (1/2): title_source_h1
,,https://acwtownship.ca/government/careers,Animal Control,validation gate failed (0/2): no signals
,,https://acwtownship.ca/government/careers,By Law Enforcement,validation gate failed (0/2): no signals
,,https://acwtownship.ca/government/careers,Civil Marriages,validation gate failed (0/2): no signals
,,https://acwtownship.ca/government/careers,Colborne Cemetery,validation gate failed (0/2): no signals
,,https://acwtownship.ca/government/careers,Commissioner Of Oaths,validation gate failed (0/2): no signals
,,https://acwtownship.ca/government/careers,Congratulatory Messages,validation gate failed (0/2): no signals
,,https://acwtownship.ca/government/careers,Contacts,validation gate failed (0/2): no signals
,,https://acwtownship.ca/government/careers,Newsletters,validation gate failed (0/2): no signals
,,https://acwtownship.ca/government/careers,Merchandise,validation gate failed (0/2): no signals
,,https://acwtownship.ca/government/careers,Public Works,validation gate failed (1/2): keywords_near_title
,,https://acwtownship.ca/government/careers,Building Construction,validation gate failed (0/2): no signals
,,https://acwtownship.ca/government/careers,Development Charges,validation gate failed (1/2): keywords_near_title
,,https://acwtownship.ca/government/careers,Guides And Resources,validation gate failed (0/2): no signals
,,https://acwtownship.ca/government/careers,Planning Development,validation gate failed (1/2): keywords_near_title
,,https://acwtownship.ca/government/careers,Septic,validation gate failed (0/2): no signals
,,https://acwtownship.ca/government/careers,Government,validation gate failed (1/2): title_source_h1
,,https://acwtownship.ca/government/careers,Government,validation gate failed (1/2): title_source_h1
,,https://acwtownship.ca/government/careers,Government,validation gate failed (1/2): title_source_h1
,,https://acwtownship.ca/government/careers,Government,validation gate failed (1/2): title_source_h1
,,https://acwtownship.ca/government/careers,Government,validation gate failed (1/2): title_source_h1
,,https://acwtownship.ca/government/careers,Government,validation gate failed (1/2): title_source_h1
,,https://acwtownship.ca/government/careers,Government,validation gate failed (1/2): title_source_h1
,,https://acwtownship.ca/government/careers,The Official List Of Candidates Is Now Available,validation gate failed (0/2): no signals
,,https://acwtownship.ca/government/careers,Residents,validation gate failed (0/2): no signals
,,https://acwtownship.ca/government/careers,Government,validation gate failed (1/2): title_source_h1
,,https://acwtownship.ca/government/careers,Municipal Services,validation gate failed (0/2): no signals
,,https://acwtownship.ca/government/careers,Privacy Policy,validation gate failed (0/2): no signals
,,https://workforcenow.adp.com/mascsr/default/mdf/recruitment/recruitment.html?cid=b3dc7fb4-546d-4c57-a2f4-0ab75313ff85&ccId=19000101_000001&lang=en_CA&selectedMenuKey=CurrentOpenings,Wfn Req,validation gate failed (0/2): no signals
,,http://biggrassy.ca/employment-opportunities,Business Development Fund,validation gate failed (1/2): title_source_h1
,,http://biggrassy.ca/employment-opportunities,Emergency Management,validation gate failed (1/2): title_source_h1
,,http://biggrassy.ca/employment-opportunities,Mishkosiminiziibiing Development Corporation (MDC),validation gate failed (1/2): title_source_h1
,,http://biggrassy.ca/employment-opportunities,Assabaska Park,validation gate failed (1/2): title_source_h1
,,http://biggrassy.ca/employment-opportunities,Band Representative Program,validation gate failed (1/2): keywords_near_title
,,http://biggrassy.ca/employment-opportunities,Jordans Principle,validation gate failed (1/2): keywords_near_title
,,http://biggrassy.ca/employment-opportunities,Prevention,validation gate failed (1/2): keywords_near_title
,,http://biggrassy.ca/employment-opportunities,Pegimigaabo School,validation gate failed (1/2): keywords_near_title
,,http://biggrassy.ca/employment-opportunities,Bulletins Notices,validation gate failed (1/2): keywords_near_title
,,http://biggrassy.ca/employment-opportunities,Library,validation gate failed (1/2): keywords_near_title
,,http://biggrassy.ca/employment-opportunities,Next Reads Book Newsletter Subscriptions,validation gate failed (1/2): keywords_near_title
,,http://biggrassy.ca/employment-opportunities,Health,validation gate failed (1/2): keywords_near_title
,,http://biggrassy.ca/employment-opportunities,Brighter Futures Healthy Lifestyles Program,validation gate failed (1/2): keywords_near_title
,,http://biggrassy.ca/employment-opportunities,Family Well Being Program,validation gate failed (1/2): keywords_near_title
,,http://biggrassy.ca/employment-opportunities,Healthy Babies Healthy Children Early Childhood,validation gate failed (1/2): keywords_near_title
,,http://biggrassy.ca/employment-opportunities,Medical Transportation Program,validation gate failed (1/2): keywords_near_title
,,http://biggrassy.ca/employment-opportunities,National Native Alcohol And Drug Abuse Program Nnadap,validation gate failed (1/2): keywords_near_title
,,http://biggrassy.ca/employment-opportunities,Events Calendar,validation gate failed (0/2): no signals
,,http://biggrassy.ca/employment-opportunities,Finance,validation gate failed (0/2): no signals
,,http://biggrassy.ca/employment-opportunities,Photos,validation gate failed (0/2): no signals
,,http://biggrassy.ca/employment-opportunities,We Are Hiring Flyer 06 03 2026.jpg,validation gate failed (0/2): no signals
,,https://www.greatermadawaska.com/township/careers,Subscribe | Township of Greater Madawaska,validation gate failed (1/2): title_source_og_title
,,https://www.greatermadawaska.com/township/careers,Building Permits,validation gate failed (1/2): keywords_near_title
,,https://www.greatermadawaska.com/township/careers,Address Change,validation gate failed (0/2): no signals
,,https://www.greatermadawaska.com/township/careers,Tenders | Township of Greater Madawaska,validation gate failed (1/2): title_source_og_title
,,https://www.greatermadawaska.com/township/careers,Pay Your Parking Ticket,validation gate failed (0/2): no signals
,,https://www.greatermadawaska.com/township/careers,Agendas And Minutes,validation gate failed (1/2): keywords_near_title
,,https://www.greatermadawaska.com/township/careers,By - laws | Township of Greater Madawaska,validation gate failed (1/2): title_source_og_title
,,https://www.greatermadawaska.com/township/careers,Elections,validation gate failed (1/2): keywords_near_title
,,https://www.greatermadawaska.com/township/careers,Plans Reports And Studies,validation gate failed (0/2): no signals
,,https://newmarket.hua.hrsmart.com/hr/ats/JobSearch/viewAll,Cross Site Request Forgery (csrf),validation gate failed (0/2): no signals
,,https://www.northgrenville.ca/media/attachments/2026/05/19/fradulent-job-posting-policy.pdf,Fradulent Job,validation gate failed (1/2): pdf_role_title
,,https://www.dourodummer.ca/news/employment-opportunities,Home,validation gate failed (0/2): no signals
,,https://nawash.ca/employment,Casual Employment Request Form,validation gate failed (1/2): title_source_og_title
,,https://www.mcdougall.ca/p/employment-opportunities,Garbage Recycling,validation gate failed (1/2): keywords_near_title
,,https://www.mcdougall.ca/p/employment-opportunities,Financial,validation gate failed (1/2): keywords_near_title
,,https://www.mcdougall.ca/p/employment-opportunities,Forms Permits Applications,validation gate failed (1/2): keywords_near_title
,,https://www.mcdougall.ca/p/employment-opportunities,Council Agendas and Minutes,validation gate failed (1/2): title_source_og_title
,,https://www.mcdougall.ca/p/employment-opportunities,Local Maps,validation gate failed (1/2): title_source_og_title
,,https://www.mcdougall.ca/p/employment-opportunities,E Service Requests And Complaints,validation gate failed (0/2): no signals
,,https://www.mcdougall.ca/p/employment-opportunities,Open Air Burning,validation gate failed (1/2): keywords_near_title
,,https://www.huroncounty.ca/jobs,OLWN Logo 200.png,validation gate failed (0/2): no signals
,,https://www.huroncounty.ca/jobs,CCDI Employer Partner Logo Color En.png,validation gate failed (0/2): no signals
,,https://www.matachewan.com/jobs,Municipal Office,validation gate failed (1/2): keywords_near_title
,,https://www.matachewan.com/jobs,Official Plan,validation gate failed (1/2): keywords_near_title
,,https://www.matachewan.com/jobs,Strategic Plan,validation gate failed (1/2): keywords_near_title
,,https://workforcenow.adp.com/mascsr/default/mdf/recruitment/recruitment.html?cid=0939b7ee-dace-4f4a-8077-8b915b316ffc&ccId=19000101_000001&lang=en_CA&selectedMenuKey=CurrentOpenings,Wfn Req,validation gate failed (0/2): no signals
,,https://www.mindenhills.ca/your-municipal-government/careers,Privacy Policy,validation gate failed (1/2): listing_apply_pattern
,,https://www.billingstwp.ca/townhall/careers,Privacy Policy,validation gate failed (0/2): no signals
,,https://www.billingstwp.ca/townhall/careers,Cemetery,validation gate failed (0/2): no signals
,,https://www.billingstwp.ca/townhall/careers,Emergency Services,validation gate failed (1/2): keywords_near_title
,,https://www.billingstwp.ca/townhall/careers,Property Taxes,validation gate failed (0/2): no signals
,,https://www.billingstwp.ca/townhall/careers,Report A Problem,validation gate failed (1/2): keywords_near_title
,,https://www.billingstwp.ca/townhall/careers,Roads,validation gate failed (1/2): keywords_near_title
,,https://www.billingstwp.ca/townhall/careers,Seniors Active Living Program,validation gate failed (0/2): no signals
,,https://www.billingstwp.ca/townhall/careers,Waste And Recycling,validation gate failed (0/2): no signals
,,https://www.billingstwp.ca/townhall/careers,Water Services,validation gate failed (0/2): no signals
,,https://www.billingstwp.ca/townhall/careers,Art History And Culture,validation gate failed (0/2): no signals
,,https://www.billingstwp.ca/townhall/careers,Beaches Trails And Playgrounds,validation gate failed (0/2): no signals
,,https://www.billingstwp.ca/townhall/careers,Events Calendar,validation gate failed (0/2): no signals
,,https://www.billingstwp.ca/townhall/careers,Facilities And Rentals,validation gate failed (0/2): no signals
,,https://www.billingstwp.ca/townhall/careers,Library,validation gate failed (0/2): no signals
,,https://www.billingstwp.ca/townhall/careers,Marina,validation gate failed (0/2): no signals
,,https://www.billingstwp.ca/townhall/careers,Museum,validation gate failed (0/2): no signals
,,https://www.billingstwp.ca/townhall/careers,Bids And Tenders,validation gate failed (1/2): keywords_near_title
,,https://www.billingstwp.ca/townhall/careers,Building And Renovating,validation gate failed (1/2): keywords_near_title
,,https://www.billingstwp.ca/townhall/careers,Business Directory,validation gate failed (1/2): role_like_title
,,https://www.billingstwp.ca/townhall/careers,Emergency Management,validation gate failed (0/2): no signals
,,https://www.billingstwp.ca/townhall/careers,Planning And Development,validation gate failed (0/2): no signals
,,https://www.billingstwp.ca/townhall/careers,Short Term Accommodations,validation gate failed (0/2): no signals
,,https://www.billingstwp.ca/townhall/careers,Accessibility | Township of Billings,validation gate failed (1/2): title_source_og_title
,,https://www.billingstwp.ca/townhall/careers,Agendas and Minutes,validation gate failed (1/2): title_source_og_title
,,https://www.billingstwp.ca/townhall/careers,Laws and Policies,validation gate failed (1/2): title_source_og_title
,,https://www.billingstwp.ca/townhall/careers,Council,validation gate failed (0/2): no signals
,,https://www.billingstwp.ca/townhall/careers,Elections | Township of Billings,validation gate failed (1/2): title_source_og_title
,,https://www.billingstwp.ca/townhall/careers,Financial Reports,validation gate failed (1/2): title_source_og_title
,,https://www.billingstwp.ca/townhall/careers,Freedom of Information,validation gate failed (1/2): title_source_og_title
,,https://www.billingstwp.ca/townhall/careers,Monthly Newsletters,validation gate failed (1/2): title_source_og_title
,,https://www.billingstwp.ca/townhall/careers,News and Notices,validation gate failed (1/2): title_source_og_title
,,https://www.billingstwp.ca/townhall/careers,Permits and Forms,validation gate failed (1/2): title_source_og_title
,,https://www.merrickville-wolford.ca/governance/career-opportunities,Agendas Minutes,validation gate failed (0/2): no signals
,,https://www.merrickville-wolford.ca/governance/career-opportunities,Community Calendar,validation gate failed (1/2): title_source_h2
,,https://www.merrickville-wolford.ca/governance/career-opportunities,Garbage And Recycling,validation gate failed (1/2): keywords_near_title
,,https://www.merrickville-wolford.ca/governance/career-opportunities,Privacy,validation gate failed (1/2): keywords_near_title
,,https://www.merrickville-wolford.ca/governance/career-opportunities,Terms,validation gate failed (1/2): keywords_near_title
,,https://www.highlandseast.ca/news-and-notices?CategoryNames=Career+Opportunities&TagWhiteList=,Declaration of Acclamation,validation gate failed (1/2): title_source_og_title
,,https://www.highlandseast.ca/news-and-notices?CategoryNames=Career+Opportunities&TagWhiteList=,General,non-job category context
,,https://www.highlandseast.ca/news-and-notices?CategoryNames=Career+Opportunities&TagWhiteList=,Notices And Alerts,non-job category context
,,https://www.highlandseast.ca/news-and-notices?CategoryNames=Career+Opportunities&TagWhiteList=,Election,non-job category context
,,https://www.highlandseast.ca/news-and-notices?CategoryNames=Career+Opportunities&TagWhiteList=,Notice of Election,validation gate failed (1/2): title_source_og_title
,,https://www.highlandseast.ca/news-and-notices?CategoryNames=Career+Opportunities&TagWhiteList=,RFP for Arena Canteen Services,validation gate failed (1/2): title_source_og_title
,,https://www.highlandseast.ca/news-and-notices?CategoryNames=Career+Opportunities&TagWhiteList=,Town Hall Meetings on Affordability and Governance Structure Study,validation gate failed (1/2): title_source_og_title
,,https://www.highlandseast.ca/news-and-notices?CategoryNames=Career+Opportunities&TagWhiteList=,Notice of Road Construction on Highway 118,validation gate failed (1/2): title_source_og_title
,,https://www.highlandseast.ca/news-and-notices?CategoryNames=Career+Opportunities&TagWhiteList=,Road Construction and Closures,validation gate failed (1/2): title_source_og_title
,,https://www.highlandseast.ca/news-and-notices?CategoryNames=Career+Opportunities&TagWhiteList=,law and Restrictions In Effect,validation gate failed (1/2): title_source_og_title
,,https://www.highlandseast.ca/news-and-notices?CategoryNames=Career+Opportunities&TagWhiteList=,Fire Rescue And Safety,non-job category context
,,https://www.highlandseast.ca/news-and-notices?CategoryNames=Career+Opportunities&TagWhiteList=,Help us celebrate 25 years of Highlands East,validation gate failed (1/2): title_source_og_title
,,https://www.highlandseast.ca/news-and-notices?CategoryNames=Career+Opportunities&TagWhiteList=,Subscribe | Municipality of Highlands East,validation gate failed (1/2): title_source_og_title
,,https://www.highlandseast.ca/news-and-notices?CategoryNames=Career+Opportunities&TagWhiteList=,Privacy Policy,non-job category context
,,https://workforcenow.adp.com/mascsr/default/mdf/recruitment/recruitment.html?cid=9f2305d4-136e-4d59-8ca5-961997f27eb5&ccId=19000101_000001&lang=en_CA&selectedMenuKey=CurrentOpenings,Wfn Req,validation gate failed (0/2): no signals
,,https://www.montaguetownship.ca/government/media-centre/employment-opportunities,"Council Profiles , Committees &amp ; Policies",validation gate failed (1/2): title_source_og_title
,,https://www.montaguetownship.ca/government/media-centre/employment-opportunities,Township of Montague - About,validation gate failed (1/2): title_source_og_title
,,https://www.montaguetownship.ca/government/media-centre/employment-opportunities,Garbage &amp ; Recycling,validation gate failed (1/2): title_source_og_title
,,https://www.montaguetownship.ca/government/media-centre/employment-opportunities,Public Works,validation gate failed (1/2): title_source_og_title
,,https://www.montaguetownship.ca/government/media-centre/employment-opportunities,Township of Montague - Library,validation gate failed (1/2): title_source_og_title
,,https://www.montaguetownship.ca/government/media-centre/employment-opportunities,Rosedale Hall,validation gate failed (1/2): title_source_og_title
,,https://media-002-ca.cdn.govstack.com/pickeringca-009-ca/media/mkfbn3wc/external-job-repost-mechanic-municipal-garage.pdf,External Job Repost Mechanic Municipal Garage,validation gate failed (1/2): pdf_role_title
,,https://workforcenow.adp.com/mascsr/default/mdf/recruitment/recruitment.html?cid=58364102-bf29-4c81-ba6b-3f929ecc8fb7&ccId=9201111269085_2&lang=en_CA,Wfn Req,validation gate failed (0/2): no signals
,,https://www.missanabiecreefn.com/job-postings,Default,validation gate failed (1/2): url_hint
,,https://www.missanabiecreefn.com/job-postings,Nan Employment Opportunities 128,generic title pattern
,,https://www.missanabiecreefn.com/job-postings,We apologize for the inconvenience...,validation gate failed (1/2): title_source_h1
,,https://www.missanabiecreefn.com/job-postings,645e 5e E 1472f 3975544d 9aabab 0d 61e 5e 0af 40,validation gate failed (0/2): no signals
,,https://www.missanabiecreefn.com/job-postings,MEMBERS | missanabie - cree,validation gate failed (1/2): title_source_og_title
,,https://www.missanabiecreefn.com/job-postings,645e 5e 95af 7cbe 75db 464f 82abb 4467901be 25,validation gate failed (0/2): no signals
,,https://www.amaranth.ca/municipal-government/jobs,Treasury Department,validation gate failed (1/2): keywords_near_title
,,https://www.amaranth.ca/municipal-government/jobs,About Amaranth,validation gate failed (1/2): keywords_near_title
,,https://www.amaranth.ca/municipal-government/jobs,Animal Services,validation gate failed (1/2): keywords_near_title
,,https://www.amaranth.ca/municipal-government/jobs,Applications Licences Permits,validation gate failed (1/2): keywords_near_title
,,https://www.amaranth.ca/municipal-government/jobs,Cemeteries,validation gate failed (1/2): keywords_near_title
,,https://www.amaranth.ca/municipal-government/jobs,Emergency Services,validation gate failed (1/2): keywords_near_title
,,https://www.amaranth.ca/municipal-government/jobs,Garbage Recycling,validation gate failed (1/2): keywords_near_title
,,https://www.amaranth.ca/municipal-government/jobs,Libraries,validation gate failed (1/2): keywords_near_title
,,https://www.amaranth.ca/municipal-government/jobs,News Public Notices,validation gate failed (0/2): no signals
,,https://www.amaranth.ca/municipal-government/jobs,Public Works Department,validation gate failed (1/2): keywords_near_title
,,https://www.amaranth.ca/municipal-government/jobs,Community Profile Services,validation gate failed (0/2): no signals
,,https://www.amaranth.ca/municipal-government/jobs,Economic Development,validation gate failed (0/2): no signals
,,https://www.amaranth.ca/municipal-government/jobs,Emergency Preparedness,validation gate failed (0/2): no signals
,,https://www.amaranth.ca/municipal-government/jobs,Starting Or Relocating A Business,validation gate failed (0/2): no signals
,,https://www.amaranth.ca/municipal-government/jobs,Visiting,validation gate failed (0/2): no signals
,,https://www.amaranth.ca/municipal-government/jobs,Amaranth Community Bbq,validation gate failed (0/2): no signals
,,https://www.amaranth.ca/municipal-government/jobs,Amaranth Pickleball Courts,validation gate failed (0/2): no signals
,,https://www.amaranth.ca/municipal-government/jobs,Bale Trail,validation gate failed (0/2): no signals
,,https://www.amaranth.ca/municipal-government/jobs,Bike Roadeo,validation gate failed (0/2): no signals
,,https://www.amaranth.ca/municipal-government/jobs,Community Market,validation gate failed (0/2): no signals
,,https://www.amaranth.ca/municipal-government/jobs,Facilities Hall Rentals,validation gate failed (1/2): keywords_near_title
,,https://www.amaranth.ca/municipal-government/jobs,Parks Trails,validation gate failed (0/2): no signals
,,https://www.amaranth.ca/municipal-government/jobs,Soccer,validation gate failed (0/2): no signals
,,https://www.amaranth.ca/municipal-government/jobs,Swimming,validation gate failed (1/2): keywords_near_title
,,https://www.amaranth.ca/municipal-government/jobs,Building Permits,validation gate failed (1/2): keywords_near_title
,,https://www.amaranth.ca/municipal-government/jobs,Council,validation gate failed (0/2): no signals
,,https://www.amaranth.ca/municipal-government/jobs,Candidate Information,validation gate failed (0/2): no signals
,,https://www.amaranth.ca/municipal-government/jobs,Planning Development,validation gate failed (1/2): keywords_near_title
,,https://www.amaranth.ca/municipal-government/jobs,Wsib.png,validation gate failed (0/2): no signals
,,https://www.perthcounty.ca/county-government/employment-opportunities,Terms Of Use Privacy And Accessibility Policy,validation gate failed (0/2): no signals
,,https://www.perthcounty.ca/county-government/employment-opportunities,Subscribe | County of Perth,validation gate failed (1/2): title_source_og_title
,,https://www.perthcounty.ca/county-government/employment-opportunities,Coalition of Inclusive Municipalities,validation gate failed (1/2): title_source_og_title
,,https://www.kingsville.ca/local-government/work-here,Privacy Policy,non-job category context
,,https://www.kingsville.ca/local-government/work-here,Subscribe,non-job category context
,,https://www.kingsville.ca/local-government/work-here,Bids And Tenders,non-job category context
,,https://www.kingsville.ca/local-government/work-here,Entrance Encroachment Permit,non-job category context
,,https://www.kingsville.ca/local-government/work-here,Planning Application Process,non-job category context
,,https://www.kingsville.ca/local-government/work-here,Short Term Rentals,non-job category context
,,https://www.kingsville.ca/local-government/work-here,Facility Rentals,non-job category context
,,https://www.kingsville.ca/local-government/work-here,Bulk Water Filling Station,non-job category context
,,https://www.kingsville.ca/local-government/work-here,Recreational Programs,non-job category context
,,https://www.kingsville.ca/local-government/work-here,Parking,non-job category context
,,https://www.kingsville.ca/local-government/work-here,Water Billing Information,non-job category context
,,https://www.kingsville.ca/local-government/work-here,Applications Licences And Permits,non-job category context
,,https://www.kingsville.ca/local-government/work-here,By Law Enforcement,non-job category context
,,https://www.kingsville.ca/local-government/work-here,Garbage And Recycling,non-job category context
,,https://www.kingsville.ca/local-government/work-here,Request Service,non-job category context
,,https://www.kingsville.ca/local-government/work-here,Request A Flag Raising,validation gate failed (1/2): listing_apply_pattern
,,https://www.kingsville.ca/local-government/work-here,Request A Ribbon Cutting,validation gate failed (1/2): listing_apply_pattern
,,https://www.oconnortownship.ca/municipal-office/careers,Fire Department,validation gate failed (1/2): keywords_near_title
,,https://www.oconnortownship.ca/municipal-office/careers,Be Prepared Emergency,validation gate failed (1/2): keywords_near_title
,,https://www.oconnortownship.ca/municipal-office/careers,Eventscalendar,validation gate failed (0/2): no signals
,,https://www.oconnortownship.ca/municipal-office/careers,NorWest Community Health Centres,validation gate failed (1/2): title_source_og_title
,,https://www.oconnortownship.ca/municipal-office/careers,Oconnor Township History Book,validation gate failed (1/2): keywords_near_title
,,https://www.oconnortownship.ca/municipal-office/careers,The Cornerstone,validation gate failed (1/2): keywords_near_title
,,https://www.oconnortownship.ca/municipal-office/careers,Property Taxes,validation gate failed (1/2): keywords_near_title
,,https://www.oconnortownship.ca/municipal-office/careers,Roads Department,validation gate failed (1/2): keywords_near_title
,,https://www.oconnortownship.ca/municipal-office/careers,Smoke Alarms,validation gate failed (1/2): keywords_near_title
,,https://www.plympton-wyoming.com/careers,Property Tax And Water E Billing Sign Up,validation gate failed (0/2): no signals
,,https://www.plympton-wyoming.com/careers,Subscription Messaging,validation gate failed (0/2): no signals
,,https://www.colemantownship.ca/township_hall/employment_opportunities,Accessibility,validation gate failed (1/2): title_source_og_title
,,https://www.colemantownship.ca/township_hall/employment_opportunities,Bids and Tenders,validation gate failed (1/2): title_source_og_title
,,https://www.colemantownship.ca/township_hall/employment_opportunities,Budgets,validation gate failed (1/2): title_source_og_title
,,https://www.colemantownship.ca/township_hall/employment_opportunities,Property Taxes,validation gate failed (1/2): title_source_og_title
,,https://www.colemantownship.ca/township_hall/employment_opportunities,By Laws,title blocklist exact: by laws
,,https://www.colemantownship.ca/township_hall/employment_opportunities,Committees,validation gate failed (1/2): title_source_og_title
,,https://www.colemantownship.ca/township_hall/employment_opportunities,Contact Us,validation gate failed (1/2): title_source_og_title
,,https://www.colemantownship.ca/township_hall/employment_opportunities,Council,validation gate failed (1/2): title_source_og_title
,,https://www.colemantownship.ca/township_hall/employment_opportunities,Agendas and Minutes,validation gate failed (1/2): title_source_og_title
,,https://www.colemantownship.ca/township_hall/employment_opportunities,Council Declaration of Conflict of Interest,validation gate failed (1/2): title_source_og_title
,,https://www.colemantownship.ca/township_hall/employment_opportunities,Election,validation gate failed (1/2): title_source_og_title
,,https://www.colemantownship.ca/township_hall/employment_opportunities,Freedom of Information,validation gate failed (1/2): title_source_og_title
,,https://www.colemantownship.ca/township_hall/employment_opportunities,"Plans , Reports and Studies",validation gate failed (1/2): title_source_og_title
,,https://www.colemantownship.ca/township_hall/employment_opportunities,Emergency Services,validation gate failed (1/2): title_source_og_title
,,https://www.colemantownship.ca/township_hall/employment_opportunities,Fire Permits,validation gate failed (1/2): title_source_og_title
,,https://www.colemantownship.ca/township_hall/employment_opportunities,Garbage and Recycling,validation gate failed (1/2): title_source_og_title
,,https://www.colemantownship.ca/township_hall/employment_opportunities,Paul Penna Library,validation gate failed (0/2): no signals
,,https://www.colemantownship.ca/township_hall/employment_opportunities,Water and Sewer Services,validation gate failed (1/2): title_source_og_title
,,https://www.colemantownship.ca/township_hall/employment_opportunities,Preventing the Spread of Aquatic Invasive Species,validation gate failed (1/2): title_source_og_title
,,https://www.colemantownship.ca/township_hall/employment_opportunities,Northeastern Public Health,validation gate failed (1/2): title_source_og_title
,,https://www.colemantownship.ca/township_hall/employment_opportunities,Building and Renovating,validation gate failed (1/2): title_source_og_title
,,https://www.colemantownship.ca/township_hall/employment_opportunities,Business,validation gate failed (1/2): title_source_og_title
,,https://www.colemantownship.ca/township_hall/employment_opportunities,Municipal Properties for Sale,validation gate failed (1/2): title_source_og_title
,,https://www.colemantownship.ca/township_hall/employment_opportunities,A New Official Plan for Coleman Township,validation gate failed (1/2): title_source_og_title
,,https://www.colemantownship.ca/township_hall/employment_opportunities,Bass Lake Campground,validation gate failed (1/2): title_source_og_title
,,https://www.colemantownship.ca/township_hall/employment_opportunities,Facility Rental,validation gate failed (1/2): title_source_og_title
,,https://www.colemantownship.ca/township_hall/employment_opportunities,Facility Rental,validation gate failed (1/2): title_source_og_title
,,https://www.colemantownship.ca/township_hall/employment_opportunities,Heritage Silver Trail,validation gate failed (0/2): no signals
,,https://www.colemantownship.ca/township_hall/employment_opportunities,Nastawgan Trails Inc,validation gate failed (0/2): no signals
,,https://www.colemantownship.ca/township_hall/employment_opportunities,Temiskaming Nordic,validation gate failed (0/2): no signals
,,https://www.colemantownship.ca/township_hall/employment_opportunities,Tri Town Sno Travellers,validation gate failed (0/2): no signals
,,https://www.colemantownship.ca/township_hall/employment_opportunities,Upcoming Events,validation gate failed (1/2): title_source_og_title
,,http://www.niagararegion.ca/government/hr/careers/jobs.aspx,"Garbage , Recycling and Organics",validation gate failed (1/2): title_source_h1
,,http://www.niagararegion.ca/government/hr/careers/jobs.aspx,Public Health,validation gate failed (1/2): title_source_h1
,,http://www.niagararegion.ca/government/hr/careers/jobs.aspx,Bid Opportunities,validation gate failed (1/2): title_source_h1
,,http://www.niagararegion.ca/government/hr/careers/jobs.aspx,Search niagararegion.ca,validation gate failed (1/2): title_source_h1
,,http://www.niagararegion.ca/government/hr/careers/jobs.aspx,Doing Business with Niagara Region,validation gate failed (1/2): title_source_h1
,,http://www.niagararegion.ca/government/hr/careers/jobs.aspx,"Garbage , Recycling and Organics",validation gate failed (1/2): title_source_h1
,,http://www.niagararegion.ca/government/hr/careers/jobs.aspx,Public Health,validation gate failed (1/2): title_source_h1
,,http://www.niagararegion.ca/government/hr/careers/jobs.aspx,Default,validation gate failed (1/2): keywords_near_title
,,http://www.niagararegion.ca/government/hr/careers/jobs.aspx,Provincial Offences Court,validation gate failed (1/2): title_source_h1
,,http://www.niagararegion.ca/government/hr/careers/jobs.aspx,Seniors Services,validation gate failed (1/2): title_source_h1
,,http://www.niagararegion.ca/government/hr/careers/jobs.aspx,"Transit , Roads , Maps and Trails",validation gate failed (1/2): title_source_h1
,,http://www.niagararegion.ca/government/hr/careers/jobs.aspx,Water and Wastewater,validation gate failed (1/2): title_source_h1
,,https://municipalityofporthope.applytojob.com/apply,CEO & Chief Librarian,non-job category context
,,https://www.seguin.ca/employment,Strategic Plan,validation gate failed (0/2): no signals
,,https://www.seguin.ca/employment,About Airport,validation gate failed (0/2): no signals
,,https://www.nipigon.net/invest-grow/business-development/employment-opportunities,Index,validation gate failed (0/2): no signals
,,https://www.nipigon.net/invest-grow/business-development/employment-opportunities,3219,validation gate failed (0/2): no signals
,,https://www.nipigon.net/invest-grow/business-development/employment-opportunities,Meeting Schedule,validation gate failed (1/2): title_source_og_title
,,https://www.nipigon.net/invest-grow/business-development/employment-opportunities,251327611787057,validation gate failed (1/2): keywords_near_title
,,https://www.nipigon.net/invest-grow/business-development/employment-opportunities,Be Bear Wise and prevent bear encounters,validation gate failed (1/2): title_source_og_title
,,https://www.rideaulakes.ca/town-hall/services/employment-opportunities,4ef 55d 9a 0ce 84833bd 698f 5c 3226dd 42,validation gate failed (1/2): listing_apply_pattern
,,https://www.sdgcounties.ca/work-with-us,Transportation,non-job category context
,,https://www.sdgcounties.ca/work-with-us,Court Services,non-job category context
,,https://www.sdgcounties.ca/work-with-us,23,validation gate failed (0/2): no signals
,,https://www.sdgcounties.ca/work-with-us,Our Council & Committees,validation gate failed (1/2): title_source_h1
,,https://www.haltonhills.ca/careers,Environment,validation gate failed (1/2): listing_apply_pattern
,,https://www.haltonhills.ca/careers,Maintenance,validation gate failed (1/2): listing_apply_pattern
,,https://www.haltonhills.ca/careers,Maps,validation gate failed (1/2): listing_apply_pattern
,,https://www.haltonhills.ca/careers,Taxes Property,validation gate failed (1/2): listing_apply_pattern
,,https://www.haltonhills.ca/careers,Transportation,validation gate failed (1/2): listing_apply_pattern
,,https://www.haltonhills.ca/careers,Discover Halton Hills,validation gate failed (1/2): listing_apply_pattern
,,https://www.haltonhills.ca/careers,Events,title blocklist exact: events
,,https://www.haltonhills.ca/careers,"Facilities , Parks Trails",validation gate failed (1/2): listing_apply_pattern
,,https://www.haltonhills.ca/careers,Recreation,validation gate failed (1/2): listing_apply_pattern
,,https://www.haltonhills.ca/careers,Business,validation gate failed (1/2): listing_apply_pattern
,,https://www.haltonhills.ca/careers,Zoning,validation gate failed (1/2): listing_apply_pattern
,,https://www.haltonhills.ca/careers,Bylaw Enforcement,validation gate failed (1/2): listing_apply_pattern
,,https://www.haltonhills.ca/careers,Governance,validation gate failed (1/2): listing_apply_pattern
,,https://www.haltonhills.ca/careers,Strategies Policies,validation gate failed (1/2): listing_apply_pattern
,,https://www.haltonhills.ca/careers,News,title blocklist exact: news
,,https://www.haltonhills.ca/careers,Email Protection,validation gate failed (1/2): listing_apply_pattern
,,https://www.haltonhills.ca/careers,Submit A Job Application,validation gate failed (1/2): listing_apply_pattern
,,https://media-002-ca.cdn.govstack.com/southgate-011-ca/media/2gufidqq/2026-dundalk-fd-recruitment-package.pdf,2026 Dundalk Fd Recruitment Package,validation gate failed (0/2): no signals
,,https://www.smithsfalls.ca/careers,Privacy Policy,validation gate failed (0/2): no signals
,,https://www.snnf.ca/living-in-snnf/career-opportunities,Living In Snnf,validation gate failed (0/2): no signals
,,https://www.snnf.ca/living-in-snnf/career-opportunities,SN_NF job description SN_NF Cleaning Staff 04.2026.docx,validation gate failed (1/2): keywords_near_title
,,https://www.shelburne.ca/careers,Privacy Statement,validation gate failed (1/2): keywords_near_title
,,https://www.shelburne.ca/careers,2026 Municipal Election,validation gate failed (1/2): title_source_og_title
,,https://www.shelburne.ca/careers,Subscribe,validation gate failed (0/2): no signals
,,https://www.shelburne.ca/careers,2022 Candidates,validation gate failed (1/2): title_source_og_title
,,https://www.shelburne.ca/careers,Subscription Messaging,validation gate failed (0/2): no signals
,,https://mcgarry.ca/employment-opportunities,Index,validation gate failed (1/2): keywords_near_title
,,https://mcgarry.ca/employment-opportunities,Index,validation gate failed (1/2): keywords_near_title
,,https://mcgarry.ca/employment-opportunities,Index,validation gate failed (1/2): keywords_near_title
,,https://mcgarry.ca/employment-opportunities,Community Calendar,validation gate failed (1/2): title_source_og_title
,,https://mcgarry.ca/employment-opportunities,Animal Control,validation gate failed (1/2): keywords_near_title
,,https://mcgarry.ca/employment-opportunities,Index,validation gate failed (1/2): keywords_near_title
,,https://mcgarry.ca/employment-opportunities,Residents Visitorsemergency Planning,validation gate failed (0/2): no signals
,,https://mcgarry.ca/employment-opportunities,Residents Visitorsfacilities And Rentals,validation gate failed (1/2): keywords_near_title
,,https://mcgarry.ca/employment-opportunities,Fire Department,validation gate failed (1/2): keywords_near_title
,,https://mcgarry.ca/employment-opportunities,Residents Visitorsgarbage And Recycling,validation gate failed (1/2): keywords_near_title
,,https://mcgarry.ca/employment-opportunities,Residents Visitorshealth And Wellness,validation gate failed (1/2): keywords_near_title
,,https://mcgarry.ca/employment-opportunities,Residents Visitorsintegrity Commissioner,validation gate failed (1/2): keywords_near_title
,,https://mcgarry.ca/employment-opportunities,Residents Visitorslibrary,validation gate failed (1/2): keywords_near_title
,,https://mcgarry.ca/employment-opportunities,Residents Visitorsmarina,validation gate failed (1/2): keywords_near_title
,,https://mcgarry.ca/employment-opportunities,Residents Visitorswater And Sewer,validation gate failed (1/2): keywords_near_title
,,https://mcgarry.ca/employment-opportunities,Residents Visitorsreal Estate,validation gate failed (1/2): keywords_near_title
,,https://mcgarry.ca/employment-opportunities,Residents Visitorsreport An Issue,validation gate failed (1/2): keywords_near_title
,,https://mcgarry.ca/employment-opportunities,Public Notices,validation gate failed (1/2): title_source_og_title
,,https://mcgarry.ca/employment-opportunities,Road Closures,validation gate failed (1/2): title_source_og_title
,,https://mcgarry.ca/employment-opportunities,Newsletters,validation gate failed (1/2): title_source_og_title
,,https://mcgarry.ca/employment-opportunities,Index,validation gate failed (1/2): keywords_near_title
,,https://mcgarry.ca/employment-opportunities,Council,validation gate failed (0/2): no signals
,,https://mcgarry.ca/employment-opportunities,Council Members and Mayor,validation gate failed (1/2): title_source_og_title
,,https://mcgarry.ca/employment-opportunities,Council Committeesspeaking Before Council,validation gate failed (0/2): no signals
,,https://mcgarry.ca/employment-opportunities,Council Committees Regular Council Meetings Mid,validation gate failed (0/2): no signals
,,https://mcgarry.ca/employment-opportunities,Regular Council Meeting Database,validation gate failed (1/2): title_source_og_title
,,https://mcgarry.ca/employment-opportunities,Council Committees Special Council Meetings Mid,validation gate failed (0/2): no signals
,,https://mcgarry.ca/employment-opportunities,Special Committee Database,validation gate failed (1/2): title_source_og_title
,,https://mcgarry.ca/employment-opportunities,Council Committeesappeals Committee,validation gate failed (0/2): no signals
,,https://mcgarry.ca/employment-opportunities,Communication Committee,validation gate failed (1/2): title_source_og_title
,,https://mcgarry.ca/employment-opportunities,Communication Committee Meeting Database,validation gate failed (1/2): title_source_og_title
,,https://mcgarry.ca/employment-opportunities,Community Policing Committee,validation gate failed (1/2): title_source_og_title
,,https://mcgarry.ca/employment-opportunities,Community Policing Database,validation gate failed (1/2): title_source_og_title
,,https://mcgarry.ca/employment-opportunities,Council Committeesemergency Management Program Committee,validation gate failed (1/2): keywords_near_title
,,https://mcgarry.ca/employment-opportunities,Emergency Management Program Committee Database,validation gate failed (1/2): title_source_og_title
,,https://mcgarry.ca/employment-opportunities,Council Committeesproperty Standards Committee,validation gate failed (0/2): no signals
,,https://mcgarry.ca/employment-opportunities,Property Standards Committee Database,validation gate failed (1/2): title_source_og_title
,,https://mcgarry.ca/employment-opportunities,Council Committeesrecreation Committee,validation gate failed (0/2): no signals
,,https://mcgarry.ca/employment-opportunities,Recreation Committee Database,validation gate failed (1/2): title_source_og_title
,,https://mcgarry.ca/employment-opportunities,Strategic Planning Committee,validation gate failed (1/2): title_source_og_title
,,https://mcgarry.ca/employment-opportunities,Strategic Planning Database,validation gate failed (1/2): title_source_og_title
,,https://mcgarry.ca/employment-opportunities,Tourist Committee,validation gate failed (1/2): title_source_og_title
,,https://mcgarry.ca/employment-opportunities,Tourist Committee Database,validation gate failed (1/2): title_source_og_title
,,https://mcgarry.ca/employment-opportunities,Contact Us,validation gate failed (1/2): title_source_og_title
,,https://mcgarry.ca/employment-opportunities,Community Calendar,validation gate failed (1/2): title_source_og_title
,,https://mcgarry.ca/employment-opportunities,Accessibility,validation gate failed (1/2): title_source_og_title
,,https://mcgarry.ca/employment-opportunities,Asset Management,validation gate failed (1/2): title_source_og_title
,,https://mcgarry.ca/employment-opportunities,Council,validation gate failed (1/2): title_source_og_title
,,https://mcgarry.ca/employment-opportunities,Index,validation gate failed (1/2): keywords_near_title
,,https://mcgarry.ca/employment-opportunities,Freedom of Information,validation gate failed (1/2): title_source_og_title
,,https://mcgarry.ca/employment-opportunities,Budget and Finances,validation gate failed (1/2): title_source_og_title
,,https://mcgarry.ca/employment-opportunities,Property Assessment,validation gate failed (1/2): title_source_og_title
,,https://mcgarry.ca/employment-opportunities,Property Assessment,validation gate failed (1/2): title_source_og_title
,,https://mcgarry.ca/employment-opportunities,Tax Rates,validation gate failed (1/2): title_source_og_title
,,https://mcgarry.ca/employment-opportunities,Log in or register as a new user,validation gate failed (1/2): title_source_h2
,,https://mcgarry.ca/employment-opportunities,Minor Variances,validation gate failed (1/2): title_source_og_title
,,https://mcgarry.ca/employment-opportunities,Zoning,validation gate failed (1/2): title_source_og_title
,,https://mcgarry.ca/employment-opportunities,Laws and Policies,validation gate failed (1/2): title_source_og_title
,,https://mcgarry.ca/employment-opportunities,"Permits , Forms and Licences",validation gate failed (1/2): title_source_og_title
,,https://mcgarry.ca/employment-opportunities,"Plans , Reports and Studies",validation gate failed (1/2): title_source_og_title
,,https://mcgarry.ca/employment-opportunities,Contact Us,validation gate failed (1/2): title_source_og_title
,,https://mcgarry.ca/employment-opportunities,Emergency Contact,validation gate failed (1/2): title_source_og_title
,,https://mcgarry.ca/employment-opportunities,Freedom Information And Protection Privacy Manual,validation gate failed (1/2): keywords_near_title
,,https://www.picriver.com/,Biigtigong Nishnaabeg,validation gate failed (1/2): title_source_og_title
,,https://www.picriver.com/,Consultations,non-job category context
,,https://www.picriver.com/,Departments,non-job category context
,,https://www.picriver.com/,Biigtigong Nishnaabeg,validation gate failed (1/2): title_source_og_title
,,https://www.picriver.com/,Biigtigong Nishnaabeg Public Notice,non-job category context
,,https://www.picriver.com/,Governance Vs Administration,non-job category context
,,https://www.picriver.com/,Biigtigong Nishnaabeg Youth Council,non-job category context
,,https://www.picriver.com/,Whats New,non-job category context
,,https://www.picriver.com/,Calendar,non-job category context
,,https://www.picriver.com/,Register,non-job category context
,,https://www.southdundas.com/municipal-centre/job-opportunities,Garbage Recycling,validation gate failed (0/2): no signals
,,https://www.southdundas.com/municipal-centre/job-opportunities,Contact Us,validation gate failed (0/2): no signals
,,https://www.southdundas.com/municipal-centre/job-opportunities,Parkuse,validation gate failed (0/2): no signals
,,https://www.southdundas.com/municipal-centre/job-opportunities,Arena Attendant 2026 2027,validation gate failed (0/2): no signals
,,https://www.siouxlookout.ca/join-our-team,Email Protection,validation gate failed (1/2): listing_apply_pattern
,,https://www.southglengarry.com/municipal-services/careers,Electronic & Household Hazardous Waste,validation gate failed (1/2): title_source_og_title
,,https://www.oxfordcounty.ca/careers,Contact Us,validation gate failed (1/2): listing_apply_pattern
,,https://www.oxfordcounty.ca/careers,Report Waste Management Service Issues,validation gate failed (1/2): listing_apply_pattern
,,https://www.oxfordcounty.ca/careers,Report A Pothole On A County Road,validation gate failed (1/2): listing_apply_pattern
,,https://www.oxfordcounty.ca/careers,Water And Wastewater,validation gate failed (1/2): listing_apply_pattern
,,https://www.oxfordcounty.ca/careers,Customer Feedback,validation gate failed (1/2): listing_apply_pattern
,,https://www.oxfordcounty.ca/careers,Bids And Tenders,validation gate failed (1/2): listing_apply_pattern
,,https://www.oxfordcounty.ca/careers,Fines Provincial Offences,validation gate failed (1/2): listing_apply_pattern
,,https://www.oxfordcounty.ca/careers,Ios,validation gate failed (1/2): listing_apply_pattern
,,https://www.oxfordcounty.ca/careers,Android,validation gate failed (1/2): listing_apply_pattern
,,https://www.strongtownship.com/local-government/employment-opportunities,Privacy Policy,validation gate failed (1/2): title_source_og_title
,,https://www.strongtownship.com/local-government/employment-opportunities,90m 56,validation gate failed (1/2): keywords_near_title
,,https://www.oilsprings.ca/municipal-office/employment-opportunities,The Village of Oil Springs,validation gate failed (1/2): title_source_og_title
,,https://www.oilsprings.ca/municipal-office/employment-opportunities,The Village of Oil Springs,validation gate failed (1/2): title_source_og_title
,,https://www.oilsprings.ca/municipal-office/employment-opportunities,The Village of Oil Springs,validation gate failed (1/2): title_source_og_title
,,https://www.oilsprings.ca/municipal-office/employment-opportunities,Oil Springs Cemetery Committee,validation gate failed (1/2): title_source_og_title
,,https://www.oilsprings.ca/municipal-office/employment-opportunities,Parks and Recreation Committee,validation gate failed (1/2): title_source_og_title
,,https://www.oilsprings.ca/municipal-office/employment-opportunities,The Village of Oil Springs,validation gate failed (1/2): title_source_og_title
,,https://www.oilsprings.ca/municipal-office/employment-opportunities,The Village of Oil Springs,validation gate failed (1/2): title_source_og_title
,,https://www.oilsprings.ca/municipal-office/employment-opportunities,The Village of Oil Springs,validation gate failed (1/2): title_source_og_title
,,https://www.oilsprings.ca/municipal-office/employment-opportunities,The Village of Oil Springs,validation gate failed (1/2): title_source_og_title
,,https://www.oilsprings.ca/municipal-office/employment-opportunities,Energy Consumption and Greenhouse Gas Emissions (BPS Reporting),validation gate failed (1/2): title_source_og_title
,,https://www.oilsprings.ca/municipal-office/employment-opportunities,The Village of Oil Springs,validation gate failed (1/2): title_source_og_title
,,https://www.oilsprings.ca/municipal-office/employment-opportunities,The Village of Oil Springs,validation gate failed (1/2): title_source_og_title
,,https://www.oilsprings.ca/municipal-office/employment-opportunities,The Village of Oil Springs,validation gate failed (1/2): title_source_og_title
,,https://www.oilsprings.ca/municipal-office/employment-opportunities,Water Sewer,validation gate failed (0/2): no signals
,,https://www.oilsprings.ca/municipal-office/employment-opportunities,The Village of Oil Springs,validation gate failed (1/2): title_source_og_title
,,https://www.oilsprings.ca/municipal-office/employment-opportunities,The Village of Oil Springs,validation gate failed (1/2): title_source_og_title
,,https://www.oilsprings.ca/municipal-office/employment-opportunities,The Village of Oil Springs,validation gate failed (1/2): title_source_og_title
,,https://www.oilsprings.ca/municipal-office/employment-opportunities,The Village of Oil Springs,validation gate failed (1/2): title_source_og_title
,,https://www.oilsprings.ca/municipal-office/employment-opportunities,Integrity Commissioner,validation gate failed (0/2): no signals
,,https://www.oilsprings.ca/municipal-office/employment-opportunities,The Village of Oil Springs,validation gate failed (1/2): title_source_og_title
,,https://www.oilsprings.ca/municipal-office/employment-opportunities,The Village of Oil Springs,validation gate failed (1/2): title_source_og_title
,,https://www.oilsprings.ca/municipal-office/employment-opportunities,The Village of Oil Springs,validation gate failed (1/2): title_source_og_title
,,https://www.oilsprings.ca/municipal-office/employment-opportunities,Contact Us,validation gate failed (0/2): no signals
,,https://media-003-ca.cdn.govstack.com/temiskamingshores-017-ca/media/sq1liz4c/recruitment_selection_and_hiring_policy.pdf,Recruitment Selection And Hiring Policy,validation gate failed (1/2): url_hint
,,https://recruiting.ultipro.ca/COR5005CTOS/JobBoard/0978b5bd-56c3-4da2-b794-f846e3f339a3,"Welcome , come on in!",validation gate failed (1/2): title_source_h1
,,https://www.jobillico.com/en/employers/prescott-russell.mVraTu/view-all-jobs,The most extensive job network,validation gate failed (1/2): title_source_og_title
,,https://www.jobillico.com/en/employers/prescott-russell.mVraTu/view-all-jobs,Hiring and job search blog,validation gate failed (1/2): title_source_h1
,,https://www.jobillico.com/en/employers/prescott-russell.mVraTu/view-all-jobs,Search by province,validation gate failed (1/2): title_source_h1
,,https://www.jobillico.com/en/employers/prescott-russell.mVraTu/view-all-jobs,Search by profession,validation gate failed (1/2): title_source_h1
,,https://www.jobillico.com/en/employers/prescott-russell.mVraTu/view-all-jobs,Search by industry,validation gate failed (1/2): title_source_h1
,,https://www.jobillico.com/en/employers/prescott-russell.mVraTu/view-all-jobs,Sign in at Jobillico,validation gate failed (1/2): title_source_h1
,,https://www.jobillico.com/en/employers/prescott-russell.mVraTu/view-all-jobs,Google Maps,validation gate failed (1/2): title_source_og_title
,,https://www.jobillico.com/en/employers/prescott-russell.mVraTu/view-all-jobs,Sign in at Jobillico,validation gate failed (1/2): title_source_h1
,,https://www.jobillico.com/en/employers/prescott-russell.mVraTu/view-all-jobs,Cookies and Tracking Technologies,validation gate failed (1/2): title_source_h1
,,https://www.jobillico.com/en/employers/prescott-russell.mVraTu/view-all-jobs,Forgot your password?,validation gate failed (1/2): title_source_h1
,,https://www.jobillico.com/en/employers/prescott-russell.mVraTu/view-all-jobs,Companies in Canada,validation gate failed (1/2): title_source_h1
,,https://www.jobillico.com/en/employers/prescott-russell.mVraTu/view-all-jobs,Partners,validation gate failed (1/2): title_source_h1
,,https://www.sundridge.ca/jobs,Accessibility,validation gate failed (0/2): no signals
,,https://www.sundridge.ca/jobs,Phone Directory,validation gate failed (1/2): role_like_title
,,https://www.sundridge.ca/jobs,90m 56,validation gate failed (1/2): keywords_near_title
,,https://www.sundridge.ca/jobs,Privacy,validation gate failed (0/2): no signals
,,https://recruiting.ultipro.ca/MID5003MIRO/JobBoard/f7856d33-0f8f-4e61-813d-475b72891935?q=&o=postedDateDesc,"Welcome , come on in!",validation gate failed (1/2): title_source_h1
,,https://media-002-ca.cdn.govstack.com/townshipofbrock-011-ca/media/jzwa40xm/customer-service-job-posting-september-2026.pdf,Customer Service Job Posting September 2026,validation gate failed (1/2): pdf_role_title
,,https://www.tillsonburg.ca/town-hall/jobs,"Accessibility for Ontarians with Disabilities Act , 2005 , S.O. 2005 , c. 11",validation gate failed (1/2): title_source_og_title
,,https://www.tillsonburg.ca/town-hall/jobs,Contact Us Form,validation gate failed (1/2): title_source_og_title
,,https://www.severn.ca/jobs,Recreation Programs,validation gate failed (1/2): listing_apply_pattern
,,https://www.severn.ca/jobs,Subscription Messaging,validation gate failed (1/2): listing_apply_pattern
,,https://www.severn.ca/jobs,Tenders,title blocklist exact: tenders
,,https://www.severn.ca/jobs,Parking,validation gate failed (1/2): listing_apply_pattern
,,https://www.severn.ca/jobs,Paying Your Bill,validation gate failed (1/2): listing_apply_pattern
,,https://www.temagami.ca/municipal-government/employment-opportunities,Garbage Recycling 2,validation gate failed (1/2): keywords_near_title
,,https://www.temagami.ca/municipal-government/employment-opportunities,Council Proceedings,validation gate failed (1/2): title_source_og_title
,,https://www.temagami.ca/municipal-government/employment-opportunities,Complaint Form,validation gate failed (1/2): keywords_near_title
,,https://www.temagami.ca/municipal-government/employment-opportunities,Events Calendar,validation gate failed (1/2): title_source_og_title
,,https://www.temagami.ca/municipal-government/employment-opportunities,Sports Recreation And Facility Rentals,validation gate failed (0/2): no signals
,,https://www.lakeofbays.on.ca/municipal-services/employment,98188,validation gate failed (1/2): listing_apply_pattern
,,https://www.lakeofbays.on.ca/municipal-services/employment,114506,validation gate failed (1/2): listing_apply_pattern
,,https://www.lakeofbays.on.ca/municipal-services/employment,Month,validation gate failed (1/2): listing_apply_pattern
,,https://www.lakeofbays.on.ca/municipal-services/employment,Heritage Register,validation gate failed (1/2): listing_apply_pattern
,,https://www.lakeofbays.on.ca/municipal-services/employment,District Councillor Rideoutmclean Ward,validation gate failed (1/2): listing_apply_pattern
,,https://www.lakeofbays.on.ca/municipal-services/employment,Councillor Sinclairfinlayson Ward,validation gate failed (1/2): listing_apply_pattern
,,https://www.lakeofbays.on.ca/municipal-services/employment,En,validation gate failed (1/2): listing_apply_pattern
,,https://www.lakeofbays.on.ca/municipal-services/employment,LED Community Sign Message Request Form,validation gate failed (1/2): listing_apply_pattern
,,https://www.lakeofbays.on.ca/municipal-services/employment,Weddings,validation gate failed (1/2): listing_apply_pattern
,,https://www.lakeofbays.on.ca/municipal-services/employment,Administrative Monetary Penalty System Amps,validation gate failed (1/2): listing_apply_pattern
,,https://www.lakeofbays.on.ca/municipal-services/employment,Clubs And Organizations,validation gate failed (1/2): listing_apply_pattern
,,https://www.lakeofbays.on.ca/municipal-services/employment,Council,validation gate failed (1/2): listing_apply_pattern
,,https://www.lakeofbays.on.ca/municipal-services/employment,Report IT,validation gate failed (1/2): listing_apply_pattern
,,https://www.lakeofbays.on.ca/municipal-services/employment,Type,validation gate failed (1/2): listing_apply_pattern
,,https://southbrucepeninsula.com/about-south-bruce-peninsula/town-information/careers,Contact Us,validation gate failed (0/2): no signals
,,https://southbrucepeninsula.com/about-south-bruce-peninsula/town-information/careers,"Accessibility for Ontarians with Disabilities Act , 2005 , S.O. 2005 , c. 11",validation gate failed (1/2): title_source_og_title
,,https://southbrucepeninsula.com/about-south-bruce-peninsula/town-information/careers,Accessibility - Town of South Bruce Peninsula,validation gate failed (1/2): title_source_og_title
,,https://southbrucepeninsula.com/about-south-bruce-peninsula/town-information/careers,Employer Resources,validation gate failed (1/2): title_source_og_title
,,https://southbrucepeninsula.com/about-south-bruce-peninsula/town-information/careers,Resources,validation gate failed (0/2): no signals
,,https://southbrucepeninsula.com/about-south-bruce-peninsula/town-information/careers,YMCA Programs & Services,validation gate failed (1/2): title_source_og_title
,,https://southbrucepeninsula.com/about-south-bruce-peninsula/town-information/careers,Jobs in Bruce County,validation gate failed (1/2): url_hint
,,https://southbrucepeninsula.com/about-south-bruce-peninsula/town-information/careers,Accessibility - Town of South Bruce Peninsula,validation gate failed (1/2): title_source_og_title
,,https://southbrucepeninsula.com/about-south-bruce-peninsula/town-information/careers,Privacy Policy / Terms of Use,validation gate failed (1/2): title_source_og_title
,,https://southbrucepeninsula.com/about-south-bruce-peninsula/town-information/careers,Email Protection,validation gate failed (0/2): no signals
,,https://southbrucepeninsula.com/about-south-bruce-peninsula/town-information/careers,Report A Concern,validation gate failed (1/2): keywords_near_title
,,https://www.southstormont.ca/careers,Privacy Policy,validation gate failed (1/2): listing_apply_pattern
,,https://www.southstormont.ca/careers,Subscribe,validation gate failed (1/2): listing_apply_pattern
,,https://www.southstormont.ca/careers,Bids And Tenders,validation gate failed (1/2): listing_apply_pattern
,,https://www.southstormont.ca/careers,Dog Tags,validation gate failed (1/2): listing_apply_pattern
,,https://www.southstormont.ca/careers,Live,validation gate failed (1/2): listing_apply_pattern
,,https://www.southstormont.ca/careers,Garbage Tags,validation gate failed (1/2): listing_apply_pattern
,,https://townshipofjoly.com/en/contacts/job-opportunities,Latest News Public Notices,validation gate failed (0/2): no signals
,,https://townshipofjoly.com/en/contacts/job-opportunities,Almaguin Highlands Community Guide,validation gate failed (0/2): no signals
,,https://townshipofjoly.com/en/contacts/job-opportunities,Recreation Visitors,validation gate failed (0/2): no signals
,,https://townofstmarys.myavanti.ca/careers,The Fast & Secure Web Browser Built to be Yours,validation gate failed (1/2): title_source_og_title
,,https://townofstmarys.myavanti.ca/careers,"Manuals , Specs , and Downloads",validation gate failed (1/2): title_source_og_title
,,https://careers.regionofwaterloo.ca/RoW/search?createNewAlert=false&q=,Cookies,non-job category context
,,https://careers.regionofwaterloo.ca/RoW/search?createNewAlert=false&q=,Privacy,non-job category context
,,https://careers.regionofwaterloo.ca/RoW/search?createNewAlert=false&q=,Terms,non-job category context
,,https://media-003-ca.cdn.govstack.com/westlincoln-002-ca/media/ylqg2toq/2026-job-ad-for-part-time-fall-recreation-staff-2.pdf,2026 Job Ad For Part Time Fall Recreation Staff 2,validation gate failed (1/2): pdf_role_title
,,https://www.warwicktownship.ca/our-government/careers?_mid_=8233,Home,validation gate failed (0/2): no signals
,,https://www.swox.org/township-services/careers,2027 Budget Survey,validation gate failed (0/2): no signals
,,https://www.swox.org/township-services/careers,Volunteer Opportunities,validation gate failed (0/2): no signals
,,https://www.swox.org/township-services/careers,Contact Us,validation gate failed (0/2): no signals
,,https://www.swox.org/township-services/careers,Fire Services,validation gate failed (1/2): keywords_near_title
,,https://www.swox.org/township-services/careers,Building And Renovating,validation gate failed (1/2): keywords_near_title
,,https://www.swox.org/township-services/careers,Applications Licences And Permits,validation gate failed (1/2): keywords_near_title
,,https://www.swox.org/township-services/careers,Bids And Tenders,validation gate failed (1/2): keywords_near_title
,,https://www.swox.org/township-services/careers,Community Halls,validation gate failed (0/2): no signals
,,https://www.swox.org/township-services/careers,Property Taxes,validation gate failed (1/2): keywords_near_title
,,https://www.swox.org/township-services/careers,Agendas And Minutes,validation gate failed (0/2): no signals
,,https://www.swox.org/township-services/careers,By Laws And Policies,validation gate failed (1/2): keywords_near_title
,,https://www.swox.org/township-services/careers,Elections,validation gate failed (0/2): no signals
,,https://www.swox.org/township-services/careers,Garbage And Recycling,validation gate failed (0/2): no signals
,,https://cityofwaterloo.talentpoolbuilder.com/?_gl=1%2A1aqneie%2A_ga%2ANTY4NTY4NDAzLjE3NzE1NTIwMDc.%2A_ga_F03DWSJDKM%2AczE3NzE1NTIwMDYkbzEkZzAkdDE3NzE1NTIwMDYkajYwJGwwJGgw,Employment,short generic nav title
,,https://www.kincardine.ca/our-services/careers,Cemeteries,validation gate failed (1/2): listing_apply_pattern
,,https://www.kincardine.ca/our-services/careers,History Heritage And Genealogy,validation gate failed (1/2): listing_apply_pattern
,,https://www.kincardine.ca/our-services/careers,Inclusion Diversity Equity And Access Idea,validation gate failed (1/2): listing_apply_pattern
,,https://www.kincardine.ca/our-services/careers,New Resident,validation gate failed (1/2): listing_apply_pattern
,,https://www.kincardine.ca/our-services/careers,Arts And Culture,validation gate failed (1/2): listing_apply_pattern
,,https://www.kincardine.ca/our-services/careers,Beaches Parks Trails And Facilities,validation gate failed (1/2): listing_apply_pattern
,,https://www.kincardine.ca/our-services/careers,Host An Event,validation gate failed (1/2): listing_apply_pattern
,,https://www.kincardine.ca/our-services/careers,Lighthouse,validation gate failed (1/2): listing_apply_pattern
,,https://www.kincardine.ca/our-services/careers,Victoria Park Project,validation gate failed (1/2): listing_apply_pattern
,,https://www.kincardine.ca/our-services/careers,Invest And Grow,validation gate failed (1/2): listing_apply_pattern
,,https://www.kincardine.ca/our-services/careers,Applications Licences And Permits,validation gate failed (1/2): listing_apply_pattern
,,https://www.kincardine.ca/our-services/careers,Payment Options,validation gate failed (1/2): listing_apply_pattern
,,https://www.kincardine.ca/our-services/careers,Council And Meetings,validation gate failed (1/2): listing_apply_pattern
,,https://www.kincardine.ca/our-services/careers,Make A Service,validation gate failed (1/2): listing_apply_pattern
,,https://www.kincardine.ca/our-services/careers,News,title blocklist exact: news
,,https://www.kincardine.ca/our-services/careers,Water And Environmental,validation gate failed (1/2): listing_apply_pattern
,,https://www.visitmachin.com/p/-https-machin-municipalwebsites-ca-ckfinder-connector-command-proxy-lang-en-type-files-currentfolder-2f-hash-c245c263ce0eced480effe66bbede6b4d46c15ae-filename-grasscrewad-20--20copy-pdf-,Machin Council,non-job category context
,,https://www.visitmachin.com/p/-https-machin-municipalwebsites-ca-ckfinder-connector-command-proxy-lang-en-type-files-currentfolder-2f-hash-c245c263ce0eced480effe66bbede6b4d46c15ae-filename-grasscrewad-20--20copy-pdf-,Waste Disposal,non-job category context
,,https://www.visitmachin.com/p/-https-machin-municipalwebsites-ca-ckfinder-connector-command-proxy-lang-en-type-files-currentfolder-2f-hash-c245c263ce0eced480effe66bbede6b4d46c15ae-filename-grasscrewad-20--20copy-pdf-,By Laws,title blocklist exact: by laws
,,https://www.visitmachin.com/p/-https-machin-municipalwebsites-ca-ckfinder-connector-command-proxy-lang-en-type-files-currentfolder-2f-hash-c245c263ce0eced480effe66bbede6b4d46c15ae-filename-grasscrewad-20--20copy-pdf-,Emergency Plan,non-job category context
,,https://www.visitmachin.com/p/-https-machin-municipalwebsites-ca-ckfinder-connector-command-proxy-lang-en-type-files-currentfolder-2f-hash-c245c263ce0eced480effe66bbede6b4d46c15ae-filename-grasscrewad-20--20copy-pdf-,Connector,validation gate failed (0/2): no signals
,,https://www.visitmachin.com/p/-https-machin-municipalwebsites-ca-ckfinder-connector-command-proxy-lang-en-type-files-currentfolder-2f-hash-c245c263ce0eced480effe66bbede6b4d46c15ae-filename-grasscrewad-20--20copy-pdf-,Sexsmith,validation gate failed (0/2): no signals
,,https://www.wellesley.ca/council-and-administration/careers,Privacy Policy,validation gate failed (0/2): no signals
,,https://www.wellesley.ca/council-and-administration/careers,Subscription Messaging,validation gate failed (0/2): no signals
,,https://www.kapuskasing.ca/council-administration/employment-opportunities,Animal Services,validation gate failed (1/2): keywords_near_title
,,https://www.kapuskasing.ca/council-administration/employment-opportunities,Building And Renovating,validation gate failed (1/2): keywords_near_title
,,https://www.kapuskasing.ca/council-administration/employment-opportunities,Cemetery,validation gate failed (1/2): keywords_near_title
,,https://www.kapuskasing.ca/council-administration/employment-opportunities,Childcare And Daycare,validation gate failed (1/2): keywords_near_title
,,https://www.kapuskasing.ca/council-administration/employment-opportunities,Fire And Emergency Services,validation gate failed (1/2): keywords_near_title
,,https://www.kapuskasing.ca/council-administration/employment-opportunities,Waste And Recycling,validation gate failed (1/2): keywords_near_title
,,https://www.kapuskasing.ca/council-administration/employment-opportunities,Health Care Services,validation gate failed (1/2): keywords_near_title
,,https://www.kapuskasing.ca/council-administration/employment-opportunities,Housing,validation gate failed (1/2): keywords_near_title
,,https://www.kapuskasing.ca/council-administration/employment-opportunities,Moving To Kapuskasing,validation gate failed (1/2): keywords_near_title
,,https://www.kapuskasing.ca/council-administration/employment-opportunities,Property Taxes,validation gate failed (0/2): no signals
,,https://www.kapuskasing.ca/council-administration/employment-opportunities,Schools,validation gate failed (1/2): keywords_near_title
,,https://www.kapuskasing.ca/council-administration/employment-opportunities,Transportation,validation gate failed (1/2): keywords_near_title
,,https://www.kapuskasing.ca/council-administration/employment-opportunities,Utilities Water And Sewer,validation gate failed (1/2): keywords_near_title
,,https://www.kapuskasing.ca/council-administration/employment-opportunities,Arena And Skating,validation gate failed (0/2): no signals
,,https://www.kapuskasing.ca/council-administration/employment-opportunities,Arts Culture And Heritage,validation gate failed (0/2): no signals
,,https://www.kapuskasing.ca/council-administration/employment-opportunities,Camping Fishing And Hunting,validation gate failed (0/2): no signals
,,https://www.kapuskasing.ca/council-administration/employment-opportunities,Clubs And Organizations,validation gate failed (1/2): keywords_near_title
,,https://www.kapuskasing.ca/council-administration/employment-opportunities,Events And Festivals,validation gate failed (0/2): no signals
,,https://www.kapuskasing.ca/council-administration/employment-opportunities,Facilities And Hall Rentals,validation gate failed (0/2): no signals
,,https://www.kapuskasing.ca/council-administration/employment-opportunities,Golden Age Centre,validation gate failed (0/2): no signals
,,https://www.kapuskasing.ca/council-administration/employment-opportunities,Healthy Community,validation gate failed (0/2): no signals
,,https://www.kapuskasing.ca/council-administration/employment-opportunities,Kap Kids Summer Playground Programs,validation gate failed (0/2): no signals
,,https://www.kapuskasing.ca/council-administration/employment-opportunities,Library,validation gate failed (0/2): no signals
,,https://www.kapuskasing.ca/council-administration/employment-opportunities,Maps,validation gate failed (0/2): no signals
,,https://www.kapuskasing.ca/council-administration/employment-opportunities,Outdoor Ice Rink And Sliding Hill,validation gate failed (0/2): no signals
,,https://www.kapuskasing.ca/council-administration/employment-opportunities,Parks Rivers And Trails,validation gate failed (0/2): no signals
,,https://www.kapuskasing.ca/council-administration/employment-opportunities,Pool And Swimming,validation gate failed (0/2): no signals
,,https://www.kapuskasing.ca/council-administration/employment-opportunities,Sports Fields And Courts,validation gate failed (0/2): no signals
,,https://www.kapuskasing.ca/council-administration/employment-opportunities,Visit Kapuskasing,validation gate failed (0/2): no signals
,,https://www.kapuskasing.ca/council-administration/employment-opportunities,Airport,validation gate failed (0/2): no signals
,,https://www.kapuskasing.ca/council-administration/employment-opportunities,Available Lands And Buildings,validation gate failed (0/2): no signals
,,https://www.kapuskasing.ca/council-administration/employment-opportunities,Bids And Tenders,validation gate failed (1/2): keywords_near_title
,,https://www.kapuskasing.ca/council-administration/employment-opportunities,Building And Renovating,validation gate failed (1/2): keywords_near_title
,,https://www.kapuskasing.ca/council-administration/employment-opportunities,Business Directory,validation gate failed (1/2): role_like_title
,,https://www.kapuskasing.ca/council-administration/employment-opportunities,Business Incentives,validation gate failed (0/2): no signals
,,https://www.kapuskasing.ca/council-administration/employment-opportunities,Community Profile,validation gate failed (0/2): no signals
,,https://www.kapuskasing.ca/council-administration/employment-opportunities,Economic Development,validation gate failed (0/2): no signals
,,https://www.kapuskasing.ca/council-administration/employment-opportunities,Key Industries,validation gate failed (0/2): no signals
,,https://www.kapuskasing.ca/council-administration/employment-opportunities,Maps,validation gate failed (0/2): no signals
,,https://www.kapuskasing.ca/council-administration/employment-opportunities,Public Works,validation gate failed (1/2): keywords_near_title
,,https://www.kapuskasing.ca/council-administration/employment-opportunities,Sign Permits,validation gate failed (1/2): keywords_near_title
,,https://www.kapuskasing.ca/council-administration/employment-opportunities,Start Or Grow Your Business,validation gate failed (0/2): no signals
,,https://www.kapuskasing.ca/council-administration/employment-opportunities,Zoning,validation gate failed (1/2): keywords_near_title
,,https://www.kapuskasing.ca/council-administration/employment-opportunities,Accessibility | Town of Kapuskasing,validation gate failed (1/2): title_source_og_title
,,https://www.kapuskasing.ca/council-administration/employment-opportunities,Agendas And Minutes,validation gate failed (0/2): no signals
,,https://www.kapuskasing.ca/council-administration/employment-opportunities,"Applications , Licences and Permits",validation gate failed (1/2): title_source_og_title
,,https://www.kapuskasing.ca/council-administration/employment-opportunities,By - Laws | Town of Kapuskasing,validation gate failed (1/2): title_source_og_title
,,https://www.kapuskasing.ca/council-administration/employment-opportunities,Commissioner of Oaths,validation gate failed (1/2): title_source_og_title
,,https://www.kapuskasing.ca/council-administration/employment-opportunities,Mayor and Council,validation gate failed (1/2): title_source_og_title
,,https://www.kapuskasing.ca/council-administration/employment-opportunities,News and Notices,validation gate failed (1/2): title_source_og_title
,,https://www.kapuskasing.ca/council-administration/employment-opportunities,"Plans , Reports and Studies",validation gate failed (1/2): title_source_og_title
,,https://www.kapuskasing.ca/council-administration/employment-opportunities,va 6C 2,validation gate failed (0/2): no signals
,,https://www.kapuskasing.ca/council-administration/employment-opportunities,va 6C 2,validation gate failed (0/2): no signals
,,https://www.kapuskasing.ca/council-administration/employment-opportunities,be 734acf 211b 41ce Ac 60 3ed 09be 517bd,validation gate failed (0/2): no signals
,,https://www.kapuskasing.ca/council-administration/employment-opportunities,Job Application Form,validation gate failed (0/2): no signals
,,https://www.kapuskasing.ca/council-administration/employment-opportunities,97b 5553b Ad 19 450c B 78d E 53d 1f 296c 31,validation gate failed (0/2): no signals
,,https://www.kapuskasing.ca/council-administration/employment-opportunities,Job Application,validation gate failed (0/2): no signals
,,https://www.kapuskasing.ca/council-administration/employment-opportunities,ffc 5f 8c 6 0d 8f 4f 30 Be 9f D 872be 11f 3be,validation gate failed (0/2): no signals
,,https://www.wawa.cc/your-government/employment-opportunities,Privacy Policy,validation gate failed (0/2): no signals
,,https://www.wawa.cc/your-government/employment-opportunities,"Accessibility for Ontarians with Disabilities Act , 2005 , S.O. 2005 , c. 11",validation gate failed (1/2): title_source_og_title
,,https://www.wawa.cc/your-government/employment-opportunities,Rso 1990 C M 56,validation gate failed (0/2): no signals
,,https://www.wawa.cc/your-government/employment-opportunities,01m 25,validation gate failed (0/2): no signals
,,https://www.wawa.cc/your-government/employment-opportunities,Subscribe | Municipality of Wawa,validation gate failed (1/2): title_source_og_title
,,https://www.tecumseh.ca/employment,Dmaf Phase 1 Scully St Marks Pump Station And Riverside Drive East Reconstruction Project,validation gate failed (0/2): no signals
,,https://www.tecumseh.ca/employment,Report An Issue,validation gate failed (1/2): keywords_near_title
,,https://www.tecumseh.ca/employment,Subscription Messaging,validation gate failed (0/2): no signals
,,https://www.tecumseh.ca/employment,Police Services,validation gate failed (1/2): title_source_og_title
,,https://www.tecumseh.ca/employment,Burn Permits,validation gate failed (1/2): title_source_og_title
,,https://www.tecumseh.ca/employment,Employment Opportunities,generic title pattern
,,https://www.tecumseh.ca/employment,Recreation And Leisure Programs,validation gate failed (0/2): no signals
,,https://www.tecumseh.ca/employment,Animal Services Licensing,validation gate failed (1/2): keywords_near_title
,,https://www.tecumseh.ca/employment,Rent A Facility Or Sports Field,validation gate failed (1/2): keywords_near_title
,,https://york.hua.hrsmart.com/hr/ats/JobSearch/viewAll/jobSearchPaginationExternal_pageSize:100/jobSearchPaginationExternal_page:1,Cross Site Request Forgery (csrf),validation gate failed (0/2): no signals
,,https://recruiting.ultipro.ca/COR5109CTWO/JobBoard/b189ae55-adcb-417a-b7ce-318b7d198f81,About Woolwich,validation gate failed (0/2): no signals
,,https://recruiting.ultipro.ca/COR5109CTWO/JobBoard/b189ae55-adcb-417a-b7ce-318b7d198f81,New,validation gate failed (0/2): no signals
,,https://recruiting.ultipro.ca/COR5109CTWO/JobBoard/b189ae55-adcb-417a-b7ce-318b7d198f81,The Fast & Secure Web Browser Built to be Yours,validation gate failed (1/2): title_source_og_title
,,https://www.tiny.ca/township-hall/employment-opportunities,Public Beaches,validation gate failed (1/2): listing_apply_pattern
,,https://russell.ca/,Important Update On Embrun Water Restrictions June 11,non-job category context
,,https://russell.ca/,Virtual Russell,non-job category context
,,https://russell.ca/,Waste Recycling Organics,non-job category context
,,https://russell.ca/,Events Calendar,non-job category context
,,https://russell.ca/,Apply Or,non-job category context
,,https://russell.ca/,Taxes Utility Bills And Penalties,non-job category context
,,https://russell.ca/,Help Inquiries And Feedback,non-job category context
,,https://russell.ca/,Bids And Tenders,non-job category context
,,https://russell.ca/,Provincial Funding For Main Street Beautification Project,non-job category context
,,https://russell.ca/,"Join Us to Discover Your Local Resources! August 26 , 2026 Russell Township and the Seniors Advisory Committee are pleased to welcome seniors to the Seniors’…",non-job category context
,,https://russell.ca/,Road Closure Main And Castor Streets August 27,non-job category context
,,https://russell.ca/,News And Notices,non-job category context
,,https://russell.ca/,Regular Council Meeting 31 08 2026,non-job category context
,,https://russell.ca/,Waste Collection Delayed 07 09 2026,non-job category context
,,https://russell.ca/,Town Hall Closed 07 09 2026,non-job category context
,,https://russell.ca/,Municipalité de Russell Township,non-job category context
,,https://www.hastingshighlands.ca/living-here/careers-and-volunteering/careers-with-hastings-highlands,Privacy Statement,validation gate failed (1/2): listing_apply_pattern
,,https://www.hastingshighlands.ca/living-here/careers-and-volunteering/careers-with-hastings-highlands,Boat Launches And Fishing,validation gate failed (1/2): listing_apply_pattern
,,https://www.hastingshighlands.ca/living-here/careers-and-volunteering/careers-with-hastings-highlands,Churches,validation gate failed (1/2): listing_apply_pattern
,,https://www.hastingshighlands.ca/living-here/careers-and-volunteering/careers-with-hastings-highlands,Community And Cottage Associations,validation gate failed (1/2): listing_apply_pattern
,,https://www.hastingshighlands.ca/living-here/careers-and-volunteering/careers-with-hastings-highlands,Community Events Calendar,validation gate failed (1/2): listing_apply_pattern
,,https://www.hastingshighlands.ca/living-here/careers-and-volunteering/careers-with-hastings-highlands,Library,validation gate failed (1/2): listing_apply_pattern
,,https://www.hastingshighlands.ca/living-here/careers-and-volunteering/careers-with-hastings-highlands,Miscellaneous Grant Program,validation gate failed (1/2): listing_apply_pattern
,,https://www.hastingshighlands.ca/living-here/careers-and-volunteering/careers-with-hastings-highlands,Outdoor Skating Rinks,validation gate failed (1/2): listing_apply_pattern
,,https://www.hastingshighlands.ca/living-here/careers-and-volunteering/careers-with-hastings-highlands,Parks Playgrounds Trails Outdoor Activities And Places To Visit,validation gate failed (1/2): listing_apply_pattern
,,https://www.hastingshighlands.ca/living-here/careers-and-volunteering/careers-with-hastings-highlands,Public Beaches In The Area,validation gate failed (1/2): listing_apply_pattern
,,https://www.hastingshighlands.ca/living-here/careers-and-volunteering/careers-with-hastings-highlands,Sports Fields,validation gate failed (1/2): listing_apply_pattern
,,https://www.hastingshighlands.ca/living-here/careers-and-volunteering/careers-with-hastings-highlands,Hastings Highlands,validation gate failed (1/2): listing_apply_pattern
,,https://www.hastingshighlands.ca/living-here/careers-and-volunteering/careers-with-hastings-highlands,Commissioner Of Oaths,validation gate failed (1/2): listing_apply_pattern
,,https://www.hastingshighlands.ca/living-here/careers-and-volunteering/careers-with-hastings-highlands,Portal,validation gate failed (1/2): listing_apply_pattern
,,https://www.hastingshighlands.ca/living-here/careers-and-volunteering/careers-with-hastings-highlands,Email Protection,validation gate failed (1/2): listing_apply_pattern
,,https://www.hastingshighlands.ca/living-here/careers-and-volunteering/careers-with-hastings-highlands,What Is Land Use Planning,validation gate failed (1/2): listing_apply_pattern
,,https://www.sfns.on.ca/career.html,Job Bank,validation gate failed (1/2): url_hint
,,https://www.whitewaterregion.ca/careers,Notices,title blocklist exact: notices
,,https://www.whitewaterregion.ca/careers,Update On The Cobden Drinking Water System August 28 2026,validation gate failed (0/2): no signals
,,https://www.whitewaterregion.ca/careers,Update On Colored Water In Cobden August 21 2026 8475,validation gate failed (0/2): no signals
,,https://www.whitewaterregion.ca/careers,Tenders Rfps,validation gate failed (1/2): keywords_near_title
,,https://www.whitewaterregion.ca/careers,Beachburg Outdoor Watering Restrictions 1455,validation gate failed (0/2): no signals
,,https://www.wilmot.ca/township-office/jobs-and-volunteering/job-opportunities,Privacy Policy,validation gate failed (1/2): listing_apply_pattern
,,https://www.wilmot.ca/township-office/jobs-and-volunteering/job-opportunities,Subscription Messaging,validation gate failed (1/2): listing_apply_pattern
,,https://www.bracebridge.ca/town-services/employment-and-volunteer-opportunities,Accessibility,validation gate failed (1/2): keywords_near_title
,,https://www.bracebridge.ca/town-services/employment-and-volunteer-opportunities,Animal Services,validation gate failed (1/2): keywords_near_title
,,https://www.bracebridge.ca/town-services/employment-and-volunteer-opportunities,Applications Licences And Permits,validation gate failed (1/2): keywords_near_title
,,https://www.bracebridge.ca/town-services/employment-and-volunteer-opportunities,Bracebridge Transit,validation gate failed (0/2): no signals
,,https://www.bracebridge.ca/town-services/employment-and-volunteer-opportunities,Cemeteries,validation gate failed (1/2): keywords_near_title
,,https://www.bracebridge.ca/town-services/employment-and-volunteer-opportunities,Community Recognition,validation gate failed (0/2): no signals
,,https://www.bracebridge.ca/town-services/employment-and-volunteer-opportunities,Community Resources,validation gate failed (1/2): keywords_near_title
,,https://www.bracebridge.ca/town-services/employment-and-volunteer-opportunities,Downtown Master Plan,validation gate failed (0/2): no signals
,,https://www.bracebridge.ca/town-services/employment-and-volunteer-opportunities,Environment Trees And Yards,validation gate failed (1/2): keywords_near_title
,,https://www.bracebridge.ca/town-services/employment-and-volunteer-opportunities,Garbage And Recycling,validation gate failed (0/2): no signals
,,https://www.bracebridge.ca/town-services/employment-and-volunteer-opportunities,Getting Around,validation gate failed (1/2): keywords_near_title
,,https://www.bracebridge.ca/town-services/employment-and-volunteer-opportunities,Parks And Facilities,validation gate failed (0/2): no signals
,,https://www.bracebridge.ca/town-services/employment-and-volunteer-opportunities,Property Taxes,validation gate failed (1/2): keywords_near_title
,,https://www.bracebridge.ca/town-services/employment-and-volunteer-opportunities,Rzone,validation gate failed (1/2): keywords_near_title
,,https://www.bracebridge.ca/town-services/employment-and-volunteer-opportunities,Adult And Older Adult Programs,validation gate failed (0/2): no signals
,,https://www.bracebridge.ca/town-services/employment-and-volunteer-opportunities,Best Seat in the House,validation gate failed (1/2): title_source_og_title
,,https://www.bracebridge.ca/town-services/employment-and-volunteer-opportunities,Camp,validation gate failed (0/2): no signals
,,https://www.bracebridge.ca/town-services/employment-and-volunteer-opportunities,Children And Youth,validation gate failed (0/2): no signals
,,https://www.bracebridge.ca/town-services/employment-and-volunteer-opportunities,Fees Memberships And Passes,validation gate failed (1/2): keywords_near_title
,,https://www.bracebridge.ca/town-services/employment-and-volunteer-opportunities,Land and Aqua Fitness,validation gate failed (1/2): title_source_og_title
,,https://www.bracebridge.ca/town-services/employment-and-volunteer-opportunities,Outdoor Activity,validation gate failed (1/2): title_source_og_title
,,https://www.bracebridge.ca/town-services/employment-and-volunteer-opportunities,Programs Schedules And Registration,validation gate failed (1/2): keywords_near_title
,,https://www.bracebridge.ca/town-services/employment-and-volunteer-opportunities,Recreation Facilities And Rentals,validation gate failed (0/2): no signals
,,https://www.bracebridge.ca/town-services/employment-and-volunteer-opportunities,Community History,validation gate failed (0/2): no signals
,,https://www.bracebridge.ca/town-services/employment-and-volunteer-opportunities,Festivals And Events,validation gate failed (0/2): no signals
,,https://www.bracebridge.ca/town-services/employment-and-volunteer-opportunities,Getting Around,validation gate failed (1/2): keywords_near_title
,,https://www.bracebridge.ca/town-services/employment-and-volunteer-opportunities,Shop The Bridge,validation gate failed (0/2): no signals
,,https://www.bracebridge.ca/town-services/employment-and-volunteer-opportunities,Public Art,validation gate failed (0/2): no signals
,,https://www.bracebridge.ca/town-services/employment-and-volunteer-opportunities,Visitor Information Centre,validation gate failed (1/2): title_source_og_title
,,https://www.bracebridge.ca/town-services/employment-and-volunteer-opportunities,Woodchester,validation gate failed (0/2): no signals
,,https://www.bracebridge.ca/town-services/employment-and-volunteer-opportunities,Available Sites and Buildings,validation gate failed (1/2): title_source_og_title
,,https://www.bracebridge.ca/town-services/employment-and-volunteer-opportunities,Business Resources,validation gate failed (1/2): keywords_near_title
,,https://www.bracebridge.ca/town-services/employment-and-volunteer-opportunities,Community Profile,validation gate failed (1/2): title_source_og_title
,,https://www.bracebridge.ca/town-services/employment-and-volunteer-opportunities,Financial Incentives,validation gate failed (1/2): keywords_near_title
,,https://www.bracebridge.ca/town-services/employment-and-volunteer-opportunities,Muskoka Job Board,validation gate failed (1/2): url_hint
,,https://www.bracebridge.ca/town-services/employment-and-volunteer-opportunities,Council,validation gate failed (0/2): no signals
,,https://www.bracebridge.ca/town-services/employment-and-volunteer-opportunities,Building Services,validation gate failed (0/2): no signals
,,https://www.bracebridge.ca/town-services/employment-and-volunteer-opportunities,Municipal Accommodation Tax,validation gate failed (1/2): keywords_near_title
,,https://www.bracebridge.ca/town-services/employment-and-volunteer-opportunities,News,title blocklist exact: news
,,https://www.bracebridge.ca/town-services/employment-and-volunteer-opportunities,Planning Services,validation gate failed (0/2): no signals
,,https://www.bracebridge.ca/town-services/employment-and-volunteer-opportunities,Plans Reports And Publications,validation gate failed (1/2): keywords_near_title
,,https://www.bracebridge.ca/town-services/employment-and-volunteer-opportunities,Short Term Rental Accommodations Stra,validation gate failed (1/2): keywords_near_title
,,https://www.bracebridge.ca/town-services/employment-and-volunteer-opportunities,Subscription Messaging,validation gate failed (0/2): no signals
,,https://www.bracebridge.ca/town-services/employment-and-volunteer-opportunities,29135,validation gate failed (0/2): no signals
,,https://www.bracebridge.ca/town-services/employment-and-volunteer-opportunities,9be 34d 48 Def 7 4177 Aacd Fd 989ea 7f 8f 5,validation gate failed (1/2): url_hint
,,https://www.bracebridge.ca/town-services/employment-and-volunteer-opportunities,Careers,short generic nav title
,,https://www.bracebridge.ca/town-services/employment-and-volunteer-opportunities,Seasonal Flooding,validation gate failed (1/2): keywords_near_title
,,https://www.bracebridge.ca/town-services/employment-and-volunteer-opportunities,Sewage System Maintenance Inspection Program,validation gate failed (0/2): no signals
,,https://www.bracebridge.ca/town-services/employment-and-volunteer-opportunities,Maintaining Your Septic System,validation gate failed (0/2): no signals
,,https://www.bracebridge.ca/town-services/employment-and-volunteer-opportunities,Shopping Centres Plazas,validation gate failed (1/2): keywords_near_title
,,https://www.bracebridge.ca/town-services/employment-and-volunteer-opportunities,1875 To 1970,validation gate failed (0/2): no signals
,,https://www.northbrucepeninsula.ca/jobs,About Northern Bruce Peninsula,validation gate failed (1/2): listing_apply_pattern
,,https://www.northbrucepeninsula.ca/jobs,Community E Newsletter,validation gate failed (1/2): listing_apply_pattern
,,https://www.northbrucepeninsula.ca/jobs,Community Safety And Well Being Plan,validation gate failed (1/2): listing_apply_pattern
,,https://www.northbrucepeninsula.ca/jobs,Education Schools Daycares,validation gate failed (1/2): listing_apply_pattern
,,https://www.northbrucepeninsula.ca/jobs,Getting Involved,validation gate failed (1/2): listing_apply_pattern
,,https://www.northbrucepeninsula.ca/jobs,Harbour And Boat Launches,validation gate failed (1/2): listing_apply_pattern
,,https://www.northbrucepeninsula.ca/jobs,Parks And Facilities,validation gate failed (1/2): listing_apply_pattern
,,https://www.northbrucepeninsula.ca/jobs,New To Northern Bruce Peninsula,validation gate failed (1/2): listing_apply_pattern
,,https://www.northbrucepeninsula.ca/jobs,Parks Beaches Trails,validation gate failed (1/2): listing_apply_pattern
,,https://www.northbrucepeninsula.ca/jobs,Places Of Worship,validation gate failed (1/2): listing_apply_pattern
,,https://www.northbrucepeninsula.ca/jobs,Social Services,validation gate failed (1/2): listing_apply_pattern
,,https://www.northbrucepeninsula.ca/jobs,Transportation,validation gate failed (1/2): listing_apply_pattern
,,https://www.northbrucepeninsula.ca/jobs,Activities Attractions,validation gate failed (1/2): listing_apply_pattern
,,https://www.northbrucepeninsula.ca/jobs,Campground,validation gate failed (1/2): listing_apply_pattern
,,https://www.northbrucepeninsula.ca/jobs,Harbours Boat Launches,validation gate failed (1/2): listing_apply_pattern
,,https://www.northbrucepeninsula.ca/jobs,Museum,validation gate failed (1/2): listing_apply_pattern
,,https://www.northbrucepeninsula.ca/jobs,Community Strategies Plans,validation gate failed (1/2): listing_apply_pattern
,,https://www.northbrucepeninsula.ca/jobs,Municipal Accommodation Tax,validation gate failed (1/2): listing_apply_pattern
,,https://www.northbrucepeninsula.ca/jobs,Startingmoving Your Business,validation gate failed (1/2): listing_apply_pattern
,,https://www.northbrucepeninsula.ca/jobs,Volunteer Firefighter Application,validation gate failed (1/2): listing_apply_pattern
,,https://www.northbrucepeninsula.ca/jobs,Email,validation gate failed (1/2): listing_apply_pattern
,,https://www.haldimandcounty.ca/news/job-postings,Building And Construction,validation gate failed (1/2): keywords_near_title
,,https://www.haldimandcounty.ca/news/job-postings,Claims Insurance And Risk Management,validation gate failed (1/2): keywords_near_title
,,https://www.haldimandcounty.ca/news/job-postings,Grandview Lodge,validation gate failed (1/2): title_source_og_title
,,https://www.haldimandcounty.ca/news/job-postings,Haldimand County,validation gate failed (1/2): title_source_og_title
,,https://www.haldimandcounty.ca/news/job-postings,Property Standards and Clean Yards,validation gate failed (1/2): title_source_og_title
,,https://www.haldimandcounty.ca/news/job-postings,Property Taxes,validation gate failed (1/2): title_source_og_title
,,https://www.haldimandcounty.ca/news/job-postings,Roads and Sidewalks,validation gate failed (1/2): title_source_og_title
,,https://www.haldimandcounty.ca/news/job-postings,Trees and Forest Conservation,validation gate failed (1/2): title_source_og_title
,,https://www.haldimandcounty.ca/news/job-postings,Camps,validation gate failed (0/2): no signals
,,https://www.haldimandcounty.ca/news/job-postings,Cemeteries,validation gate failed (0/2): no signals
,,https://www.haldimandcounty.ca/news/job-postings,Community Partnerships,validation gate failed (0/2): no signals
,,https://www.haldimandcounty.ca/news/job-postings,Facility Rentals,validation gate failed (1/2): keywords_near_title
,,https://www.haldimandcounty.ca/news/job-postings,Festivals And Events,validation gate failed (1/2): keywords_near_title
,,https://www.haldimandcounty.ca/news/job-postings,Flags,validation gate failed (0/2): no signals
,,https://www.haldimandcounty.ca/news/job-postings,Halls And Meeting Spaces,validation gate failed (0/2): no signals
,,https://www.haldimandcounty.ca/news/job-postings,Heritage And Culture,validation gate failed (0/2): no signals
,,https://www.haldimandcounty.ca/news/job-postings,Parks and Pavilions,validation gate failed (1/2): title_source_og_title
,,https://www.haldimandcounty.ca/news/job-postings,Recreation,validation gate failed (1/2): keywords_near_title
,,https://www.haldimandcounty.ca/news/job-postings,Skate Parks,validation gate failed (0/2): no signals
,,https://www.haldimandcounty.ca/news/job-postings,Sports Fields And Courts,validation gate failed (0/2): no signals
,,https://www.haldimandcounty.ca/news/job-postings,"Swimming , Pools and Splash Pads",validation gate failed (1/2): title_source_og_title
,,https://www.haldimandcounty.ca/news/job-postings,Trails And Pathways,validation gate failed (0/2): no signals
,,https://www.haldimandcounty.ca/news/job-postings,Uniquely Haldimand Photo Contest,validation gate failed (0/2): no signals
,,https://www.haldimandcounty.ca/news/job-postings,Affordable Housing Strategy,validation gate failed (0/2): no signals
,,https://www.haldimandcounty.ca/news/job-postings,Business Licences,validation gate failed (1/2): keywords_near_title
,,https://www.haldimandcounty.ca/news/job-postings,Community Profile,validation gate failed (0/2): no signals
,,https://www.haldimandcounty.ca/news/job-postings,Haldimand County Construction Projects,validation gate failed (0/2): no signals
,,https://www.haldimandcounty.ca/news/job-postings,Filming In Haldimand,validation gate failed (1/2): keywords_near_title
,,https://www.haldimandcounty.ca/news/job-postings,Invest and Grow in Haldimand County,validation gate failed (1/2): title_source_og_title
,,https://www.haldimandcounty.ca/news/job-postings,Maps And Guides,validation gate failed (0/2): no signals
,,https://www.haldimandcounty.ca/news/job-postings,Planning And Development,validation gate failed (1/2): keywords_near_title
,,https://www.haldimandcounty.ca/news/job-postings,Access To Information,validation gate failed (1/2): keywords_near_title
,,https://www.haldimandcounty.ca/news/job-postings,Accessibility,validation gate failed (1/2): keywords_near_title
,,https://www.haldimandcounty.ca/news/job-postings,Boards And Committees,validation gate failed (1/2): keywords_near_title
,,https://www.haldimandcounty.ca/news/job-postings,Budget And Finances,validation gate failed (1/2): keywords_near_title
,,https://www.haldimandcounty.ca/news/job-postings,Contact Us,validation gate failed (1/2): title_source_og_title
,,https://www.haldimandcounty.ca/news/job-postings,Customer Service,validation gate failed (0/2): no signals
,,https://www.haldimandcounty.ca/news/job-postings,Elections,validation gate failed (0/2): no signals
,,https://www.haldimandcounty.ca/news/job-postings,Haldimand County Owned Property,validation gate failed (1/2): keywords_near_title
,,https://www.haldimandcounty.ca/news/job-postings,Provincial Offences,validation gate failed (1/2): keywords_near_title
,,https://www.haldimandcounty.ca/news/job-postings,Haldimand County,validation gate failed (1/2): title_source_og_title
,,https://www.haldimandcounty.ca/news/job-postings,Terms Of Use And Privacy,validation gate failed (0/2): no signals
,,https://www.haldimandcounty.ca/news/job-postings,Burn Permits,validation gate failed (1/2): keywords_near_title
,,https://www.haldimandcounty.ca/news/job-postings,Haldimand County,validation gate failed (1/2): title_source_og_title
,,https://www.haldimandcounty.ca/news/job-postings,Lottery Licences,validation gate failed (1/2): keywords_near_title
,,https://www.haldimandcounty.ca/news/job-postings,VCH,validation gate failed (1/2): keywords_near_title
,,https://www.haldimandcounty.ca/news/job-postings,Speaking At A Meeting,validation gate failed (1/2): keywords_near_title
,,https://www.haldimandcounty.ca/news/job-postings,Bulk Water Depots,validation gate failed (1/2): keywords_near_title
,,https://www.haldimandcounty.ca/news/job-postings,Pay a Parking Ticket,validation gate failed (1/2): title_source_og_title
,,https://www.haldimandcounty.ca/news/job-postings,Paying Your Property Taxes,validation gate failed (1/2): keywords_near_title
,,https://www.haldimandcounty.ca/news/job-postings,Paying Your Water Bill,validation gate failed (1/2): keywords_near_title
,,https://www.haldimandcounty.ca/news/job-postings,Accountability And Transparency,validation gate failed (1/2): keywords_near_title
,,https://www.haldimandcounty.ca/news/job-postings,Report Road Concern,validation gate failed (0/2): no signals
,,https://www.haldimandcounty.ca/news/job-postings,Report A Traffic Concern,validation gate failed (0/2): no signals
,,https://www.owensound.ca/city-government/careers,Privacy Policy,validation gate failed (0/2): no signals
,,https://www.owensound.ca/city-government/careers,Animal Services,validation gate failed (0/2): no signals
,,https://www.owensound.ca/city-government/careers,Building Permits Inspections,validation gate failed (0/2): no signals
,,https://www.owensound.ca/city-government/careers,Citizen Satisfaction Survey,validation gate failed (0/2): no signals
,,https://www.owensound.ca/city-government/careers,Community Profile,validation gate failed (1/2): title_source_og_title
,,https://www.owensound.ca/city-government/careers,Garbage Green Bins Recycling,validation gate failed (0/2): no signals
,,https://www.owensound.ca/city-government/careers,Marriages Licences And Civil Marriage Ceremonies,validation gate failed (1/2): keywords_near_title
,,https://www.owensound.ca/city-government/careers,News And Public Notices,validation gate failed (0/2): no signals
,,https://www.owensound.ca/city-government/careers,En,validation gate failed (0/2): no signals
,,https://www.owensound.ca/city-government/careers,En,validation gate failed (0/2): no signals
,,https://www.owensound.ca/city-government/careers,Water And Wastewater,validation gate failed (1/2): keywords_near_title
,,https://www.owensound.ca/city-government/careers,Arts And Culture,validation gate failed (0/2): no signals
,,https://www.owensound.ca/city-government/careers,Camping And Rv,validation gate failed (0/2): no signals
,,https://www.owensound.ca/city-government/careers,Events And Festivals,validation gate failed (1/2): keywords_near_title
,,https://www.owensound.ca/city-government/careers,Heritage Conservation,validation gate failed (1/2): keywords_near_title
,,https://www.owensound.ca/city-government/careers,Parks Trails And Facilities,validation gate failed (0/2): no signals
,,https://www.owensound.ca/city-government/careers,Recreation And Programs,validation gate failed (1/2): keywords_near_title
,,https://www.owensound.ca/city-government/careers,Sports Hall Of Fame,validation gate failed (1/2): keywords_near_title
,,https://www.owensound.ca/city-government/careers,Story Maps And Tours,validation gate failed (0/2): no signals
,,https://www.owensound.ca/city-government/careers,Tom Thomson Art Gallery,validation gate failed (0/2): no signals
,,https://www.owensound.ca/city-government/careers,Volunteer,validation gate failed (0/2): no signals
,,https://www.owensound.ca/city-government/careers,Waterfront Camera View,validation gate failed (0/2): no signals
,,https://www.owensound.ca/city-government/careers,Crossing Guards,validation gate failed (1/2): keywords_near_title
,,https://www.owensound.ca/city-government/careers,Getting Here,validation gate failed (0/2): no signals
,,https://www.owensound.ca/city-government/careers,Guelph Owen Sound Transportation,validation gate failed (0/2): no signals
,,https://www.owensound.ca/city-government/careers,F 3a 1262f 41be 4ce 78ca 5b 0db 09782b 38,validation gate failed (0/2): no signals
,,https://www.owensound.ca/city-government/careers,Parking,validation gate failed (0/2): no signals
,,https://www.owensound.ca/city-government/careers,Public Transit,validation gate failed (0/2): no signals
,,https://www.owensound.ca/city-government/careers,Road Construction Closures,validation gate failed (0/2): no signals
,,https://www.owensound.ca/city-government/careers,Temporary Encroachment Permits,validation gate failed (1/2): keywords_near_title
,,https://www.owensound.ca/city-government/careers,Snow Clearing Winter Maintenance,validation gate failed (0/2): no signals
,,https://www.owensound.ca/city-government/careers,En,validation gate failed (1/2): keywords_near_title
,,https://www.owensound.ca/city-government/careers,Building And Renovating Cloudpermit,validation gate failed (1/2): keywords_near_title
,,https://www.owensound.ca/city-government/careers,Business Licences,validation gate failed (1/2): keywords_near_title
,,https://www.owensound.ca/city-government/careers,Planning And Development,validation gate failed (1/2): keywords_near_title
,,https://www.owensound.ca/city-government/careers,Property Inquiry,validation gate failed (1/2): keywords_near_title
,,https://www.owensound.ca/city-government/careers,Property Taxes,validation gate failed (1/2): keywords_near_title
,,https://www.owensound.ca/city-government/careers,Report A Concern,validation gate failed (1/2): keywords_near_title
,,https://www.owensound.ca/city-government/careers,Short Term Rentals,validation gate failed (1/2): keywords_near_title
,,https://www.owensound.ca/city-government/careers,Accessibility | City of Owen Sound,validation gate failed (1/2): title_source_og_title
,,https://www.owensound.ca/city-government/careers,"Applications , Licences and Permits",validation gate failed (1/2): title_source_og_title
,,https://www.owensound.ca/city-government/careers,Budget and Finance,validation gate failed (1/2): title_source_og_title
,,https://www.owensound.ca/city-government/careers,Commissioner of Oaths,validation gate failed (1/2): title_source_og_title
,,https://www.owensound.ca/city-government/careers,Council And Mayor,validation gate failed (1/2): keywords_near_title
,,https://www.owensound.ca/city-government/careers,Elections | City of Owen Sound,validation gate failed (1/2): title_source_og_title
,,https://www.owensound.ca/city-government/careers,Freedom Of Information,validation gate failed (0/2): no signals
,,https://www.owensound.ca/city-government/careers,"Meetings of Council , Committees , and River District Board",validation gate failed (1/2): title_source_og_title
,,https://www.owensound.ca/city-government/careers,Purchasing Gis Risk And Asset Management,validation gate failed (1/2): keywords_near_title
,,https://www.owensound.ca/city-government/careers,"Reports , Studies and Plans",validation gate failed (1/2): title_source_og_title
,,https://www.owensound.ca/city-government/careers,Asset Management Plans 2025,validation gate failed (1/2): title_source_og_title
,,https://www.owensound.ca/city-government/careers,Service Review Actions,validation gate failed (1/2): keywords_near_title
,,https://www.owensound.ca/city-government/careers,Contacts Directory,validation gate failed (1/2): role_like_title
,,https://www.southhuron.ca/government/careers-and-volunteer-opportunities,Privacy Policy,validation gate failed (1/2): title_source_og_title
,,https://www.southhuron.ca/government/careers-and-volunteer-opportunities,Property Taxes,validation gate failed (1/2): keywords_near_title
,,https://www.southhuron.ca/government/careers-and-volunteer-opportunities,Utility Billing,validation gate failed (1/2): keywords_near_title
,,https://www.southhuron.ca/government/careers-and-volunteer-opportunities,Accessibility | Municipality of South Huron,validation gate failed (1/2): title_source_og_title
,,https://www.southhuron.ca/government/careers-and-volunteer-opportunities,Animal Control Wildlife Concerns,validation gate failed (0/2): no signals
,,https://www.southhuron.ca/government/careers-and-volunteer-opportunities,Building,validation gate failed (1/2): keywords_near_title
,,https://www.southhuron.ca/government/careers-and-volunteer-opportunities,Cemeteries,validation gate failed (1/2): keywords_near_title
,,https://www.southhuron.ca/government/careers-and-volunteer-opportunities,Drinking Water Wastewater Drainage,validation gate failed (0/2): no signals
,,https://www.southhuron.ca/government/careers-and-volunteer-opportunities,Fire Emergency Services,validation gate failed (1/2): keywords_near_title
,,https://www.southhuron.ca/government/careers-and-volunteer-opportunities,Garbage Recycling Yard Waste,validation gate failed (0/2): no signals
,,https://www.southhuron.ca/government/careers-and-volunteer-opportunities,Heritage Municipal Register,validation gate failed (0/2): no signals
,,https://www.southhuron.ca/government/careers-and-volunteer-opportunities,Licenses Certificates Permits,validation gate failed (1/2): keywords_near_title
,,https://www.southhuron.ca/government/careers-and-volunteer-opportunities,News,title blocklist exact: news
,,https://www.southhuron.ca/government/careers-and-volunteer-opportunities,Payment Options,validation gate failed (1/2): keywords_near_title
,,https://www.southhuron.ca/government/careers-and-volunteer-opportunities,Report a Problem,validation gate failed (1/2): title_source_og_title
,,https://www.southhuron.ca/government/careers-and-volunteer-opportunities,Roads Sidewalks Parking,validation gate failed (1/2): keywords_near_title
,,https://www.southhuron.ca/government/careers-and-volunteer-opportunities,Service Disruptions,validation gate failed (0/2): no signals
,,https://www.southhuron.ca/government/careers-and-volunteer-opportunities,Social Services Huron County,validation gate failed (0/2): no signals
,,https://www.southhuron.ca/government/careers-and-volunteer-opportunities,Arts Heritage And Culture,validation gate failed (0/2): no signals
,,https://www.southhuron.ca/government/careers-and-volunteer-opportunities,Community Facilities,validation gate failed (0/2): no signals
,,https://www.southhuron.ca/government/careers-and-volunteer-opportunities,New To South Huron,validation gate failed (1/2): keywords_near_title
,,https://www.southhuron.ca/government/careers-and-volunteer-opportunities,Parking In South Huron,validation gate failed (0/2): no signals
,,https://www.southhuron.ca/government/careers-and-volunteer-opportunities,Programs Recreational Opportunities,validation gate failed (1/2): keywords_near_title
,,https://www.southhuron.ca/government/careers-and-volunteer-opportunities,Special Events,validation gate failed (1/2): keywords_near_title
,,https://www.southhuron.ca/government/careers-and-volunteer-opportunities,Stewardship Volunteerism,validation gate failed (0/2): no signals
,,https://www.southhuron.ca/government/careers-and-volunteer-opportunities,Bids And Tenders,validation gate failed (1/2): keywords_near_title
,,https://www.southhuron.ca/government/careers-and-volunteer-opportunities,Community Improvement Plan,validation gate failed (0/2): no signals
,,https://www.southhuron.ca/government/careers-and-volunteer-opportunities,Community Profile,validation gate failed (0/2): no signals
,,https://www.southhuron.ca/government/careers-and-volunteer-opportunities,Learn About Your Property,validation gate failed (1/2): keywords_near_title
,,https://www.southhuron.ca/government/careers-and-volunteer-opportunities,Planning And Development,validation gate failed (1/2): keywords_near_title
,,https://www.southhuron.ca/government/careers-and-volunteer-opportunities,Vitality Fund,validation gate failed (1/2): keywords_near_title
,,https://www.southhuron.ca/government/careers-and-volunteer-opportunities,Agendas Minutes Meetings,validation gate failed (0/2): no signals
,,https://www.southhuron.ca/government/careers-and-volunteer-opportunities,Finance And Budget,validation gate failed (1/2): keywords_near_title
,,https://www.southhuron.ca/government/careers-and-volunteer-opportunities,Compliance Reporting,validation gate failed (1/2): title_source_og_title
,,https://www.southhuron.ca/government/careers-and-volunteer-opportunities,Municipal Election,validation gate failed (1/2): title_source_og_title
,,https://www.southhuron.ca/government/careers-and-volunteer-opportunities,Indigenous Acknowledgement,validation gate failed (1/2): title_source_og_title
,,https://www.southhuron.ca/government/careers-and-volunteer-opportunities,Public Injury or Property Damage Reporting,validation gate failed (1/2): title_source_og_title
,,https://www.southhuron.ca/government/careers-and-volunteer-opportunities,Public Registry of Conflict of Interest,validation gate failed (1/2): title_source_og_title
,,https://www.southhuron.ca/government/careers-and-volunteer-opportunities,South Huron Hub Newsletter,validation gate failed (1/2): title_source_og_title
,,https://www.southhuron.ca/government/careers-and-volunteer-opportunities,Strategic Plans Projects,validation gate failed (0/2): no signals
,,https://www.southhuron.ca/government/careers-and-volunteer-opportunities,Community Safety and Well,validation gate failed (1/2): title_source_og_title
,,https://www.southhuron.ca/government/careers-and-volunteer-opportunities,Subscription Messaging,validation gate failed (0/2): no signals
,,https://www.stirling-rawdon.com/township-government/careers,Privacy Policy,validation gate failed (0/2): no signals
,,https://www.stirling-rawdon.com/township-government/careers,Animal Control,validation gate failed (0/2): no signals
,,https://www.stirling-rawdon.com/township-government/careers,Building And Renovating Permits,validation gate failed (1/2): keywords_near_title
,,https://www.stirling-rawdon.com/township-government/careers,By Laws,title blocklist exact: by laws
,,https://www.stirling-rawdon.com/township-government/careers,Cemetery,validation gate failed (0/2): no signals
,,https://www.stirling-rawdon.com/township-government/careers,Event Calendar,validation gate failed (0/2): no signals
,,https://www.stirling-rawdon.com/township-government/careers,Fire And Emergency Services,validation gate failed (1/2): keywords_near_title
,,https://www.stirling-rawdon.com/township-government/careers,Garbage And Recycling,validation gate failed (0/2): no signals
,,https://www.stirling-rawdon.com/township-government/careers,Property Taxes,validation gate failed (1/2): keywords_near_title
,,https://www.stirling-rawdon.com/township-government/careers,Roads And Public Works,validation gate failed (0/2): no signals
,,https://www.stirling-rawdon.com/township-government/careers,Transit,validation gate failed (0/2): no signals
,,https://www.stirling-rawdon.com/township-government/careers,Trees,validation gate failed (0/2): no signals
,,https://www.stirling-rawdon.com/township-government/careers,Water And Sewer,validation gate failed (0/2): no signals
,,https://www.stirling-rawdon.com/township-government/careers,Arena,validation gate failed (0/2): no signals
,,https://www.stirling-rawdon.com/township-government/careers,Bench And Tree Donations,validation gate failed (0/2): no signals
,,https://www.stirling-rawdon.com/township-government/careers,Community Care For Central Hastings,validation gate failed (0/2): no signals
,,https://www.stirling-rawdon.com/township-government/careers,Event Calendar,validation gate failed (0/2): no signals
,,https://www.stirling-rawdon.com/township-government/careers,Farmtown Park,validation gate failed (0/2): no signals
,,https://www.stirling-rawdon.com/township-government/careers,Healthy Living,validation gate failed (1/2): title_source_og_title
,,https://www.stirling-rawdon.com/township-government/careers,Image Gallery,validation gate failed (0/2): no signals
,,https://www.stirling-rawdon.com/township-government/careers,Library,validation gate failed (0/2): no signals
,,https://www.stirling-rawdon.com/township-government/careers,Parks And Playgrounds,validation gate failed (0/2): no signals
,,https://www.stirling-rawdon.com/township-government/careers,Stirling Figure Skating Club,validation gate failed (0/2): no signals
,,https://www.stirling-rawdon.com/township-government/careers,Stirling District Minor Hockey Association,validation gate failed (0/2): no signals
,,https://www.stirling-rawdon.com/township-government/careers,Stirling Legion,validation gate failed (0/2): no signals
,,https://www.stirling-rawdon.com/township-government/careers,Stirling Lions,validation gate failed (0/2): no signals
,,https://www.stirling-rawdon.com/township-government/careers,Stirling Rotary,validation gate failed (0/2): no signals
,,https://www.stirling-rawdon.com/township-government/careers,Business Directory,validation gate failed (1/2): role_like_title
,,https://www.stirling-rawdon.com/township-government/careers,Economic Development & BIA,validation gate failed (1/2): title_source_og_title
,,https://www.stirling-rawdon.com/township-government/careers,Planning and Development,validation gate failed (1/2): title_source_og_title
,,https://www.stirling-rawdon.com/township-government/careers,Roads and Public Works,validation gate failed (1/2): title_source_og_title
,,https://www.stirling-rawdon.com/township-government/careers,"Tenders , RFQ and RFP’s",validation gate failed (1/2): title_source_og_title
,,https://www.stirling-rawdon.com/township-government/careers,Accessibility,validation gate failed (0/2): no signals
,,https://www.stirling-rawdon.com/township-government/careers,Portal,validation gate failed (0/2): no signals
,,https://www.stirling-rawdon.com/township-government/careers,Budget and Financial Statements,validation gate failed (1/2): title_source_og_title
,,https://www.stirling-rawdon.com/township-government/careers,28239,validation gate failed (1/2): keywords_near_title
,,https://www.stirling-rawdon.com/township-government/careers,Meeting Type List,validation gate failed (0/2): no signals
,,https://www.stirling-rawdon.com/township-government/careers,Members,validation gate failed (0/2): no signals
,,https://www.stirling-rawdon.com/township-government/careers,Elections,validation gate failed (1/2): keywords_near_title
,,https://www.stirling-rawdon.com/township-government/careers,News and Notices,validation gate failed (1/2): title_source_og_title
,,https://www.stirling-rawdon.com/township-government/careers,"Plans , Reports and Studies",validation gate failed (1/2): title_source_og_title
,,https://www.stirling-rawdon.com/township-government/careers,Privacy Policy,validation gate failed (0/2): no signals
,,https://www.stirling-rawdon.com/township-government/careers,"Tenders , RFQ and RFP’s",validation gate failed (1/2): title_source_og_title
,,https://www.stirling-rawdon.com/township-government/careers,Subscription Messaging,validation gate failed (0/2): no signals
,,https://villageofwestport.ca/employment-opportunities,2026 Municipal Election Unofficial List Of Candidates,validation gate failed (0/2): no signals
,,https://villageofwestport.ca/employment-opportunities,Town Hall Closed Aug 3rd,validation gate failed (0/2): no signals
,,https://villageofwestport.ca/employment-opportunities,Notice Of Public Meeting Proposed New Zoning By Law,validation gate failed (0/2): no signals
,,https://villageofwestport.ca/employment-opportunities,Notice Of Public Meeting Proposed Zoning By Law Amendment 48 Bedford Street,validation gate failed (0/2): no signals
,,https://villageofwestport.ca/employment-opportunities,Committee Of Adjustment Hearing July 14 2026 At 500 P M 8 Bedford Street Minor Variance Application,validation gate failed (0/2): no signals
,,https://villageofwestport.ca/employment-opportunities,08,validation gate failed (0/2): no signals
,,https://villageofwestport.ca/employment-opportunities,07,validation gate failed (0/2): no signals
,,https://villageofwestport.ca/employment-opportunities,06,validation gate failed (0/2): no signals
,,https://villageofwestport.ca/employment-opportunities,05,validation gate failed (0/2): no signals
,,https://villageofwestport.ca/employment-opportunities,04,validation gate failed (0/2): no signals
,,https://villageofwestport.ca/employment-opportunities,02,validation gate failed (0/2): no signals
,,https://villageofwestport.ca/employment-opportunities,01,validation gate failed (0/2): no signals
,,https://villageofwestport.ca/employment-opportunities,12,validation gate failed (0/2): no signals
,,https://villageofwestport.ca/employment-opportunities,11,validation gate failed (0/2): no signals
,,https://villageofwestport.ca/employment-opportunities,10,validation gate failed (0/2): no signals
,,https://villageofwestport.ca/employment-opportunities,08,validation gate failed (0/2): no signals
,,https://villageofwestport.ca/employment-opportunities,06,validation gate failed (0/2): no signals
,,https://villageofwestport.ca/employment-opportunities,04,validation gate failed (0/2): no signals
,,https://villageofwestport.ca/employment-opportunities,03,validation gate failed (0/2): no signals
,,https://villageofwestport.ca/employment-opportunities,02,validation gate failed (0/2): no signals
,,https://villageofwestport.ca/employment-opportunities,01,validation gate failed (0/2): no signals
,,https://villageofwestport.ca/employment-opportunities,12,validation gate failed (0/2): no signals
,,https://villageofwestport.ca/employment-opportunities,11,validation gate failed (0/2): no signals
,,https://villageofwestport.ca/employment-opportunities,10,validation gate failed (0/2): no signals
,,https://villageofwestport.ca/employment-opportunities,09,validation gate failed (0/2): no signals
,,https://villageofwestport.ca/employment-opportunities,08,validation gate failed (0/2): no signals
,,https://villageofwestport.ca/employment-opportunities,07,validation gate failed (0/2): no signals
,,https://villageofwestport.ca/employment-opportunities,06,validation gate failed (0/2): no signals
,,https://villageofwestport.ca/employment-opportunities,05,validation gate failed (0/2): no signals
,,https://villageofwestport.ca/employment-opportunities,04,validation gate failed (0/2): no signals
,,https://villageofwestport.ca/employment-opportunities,03,validation gate failed (0/2): no signals
,,https://villageofwestport.ca/employment-opportunities,02,validation gate failed (0/2): no signals
,,https://villageofwestport.ca/employment-opportunities,01,validation gate failed (0/2): no signals
,,https://villageofwestport.ca/employment-opportunities,12,validation gate failed (0/2): no signals
,,https://villageofwestport.ca/employment-opportunities,11,validation gate failed (0/2): no signals
,,https://villageofwestport.ca/employment-opportunities,10,validation gate failed (0/2): no signals
,,https://villageofwestport.ca/employment-opportunities,09,validation gate failed (0/2): no signals
,,https://villageofwestport.ca/employment-opportunities,08,validation gate failed (0/2): no signals
,,https://villageofwestport.ca/employment-opportunities,07,validation gate failed (0/2): no signals
,,https://villageofwestport.ca/employment-opportunities,06,validation gate failed (0/2): no signals
,,https://villageofwestport.ca/employment-opportunities,05,validation gate failed (0/2): no signals
,,https://villageofwestport.ca/employment-opportunities,04,validation gate failed (0/2): no signals
,,https://villageofwestport.ca/employment-opportunities,03,validation gate failed (0/2): no signals
,,https://villageofwestport.ca/employment-opportunities,02,validation gate failed (0/2): no signals
,,https://villageofwestport.ca/employment-opportunities,01,validation gate failed (0/2): no signals
,,https://villageofwestport.ca/employment-opportunities,12,validation gate failed (0/2): no signals
,,https://villageofwestport.ca/employment-opportunities,11,validation gate failed (0/2): no signals
,,https://villageofwestport.ca/employment-opportunities,10,validation gate failed (0/2): no signals
,,https://villageofwestport.ca/employment-opportunities,09,validation gate failed (0/2): no signals
,,https://villageofwestport.ca/employment-opportunities,08,validation gate failed (0/2): no signals
,,https://villageofwestport.ca/employment-opportunities,07,validation gate failed (0/2): no signals
,,https://villageofwestport.ca/employment-opportunities,06,validation gate failed (0/2): no signals
,,https://villageofwestport.ca/employment-opportunities,05,validation gate failed (0/2): no signals
,,https://villageofwestport.ca/employment-opportunities,04,validation gate failed (0/2): no signals
,,https://villageofwestport.ca/employment-opportunities,03,validation gate failed (0/2): no signals
,,https://villageofwestport.ca/employment-opportunities,02,validation gate failed (0/2): no signals
,,https://villageofwestport.ca/employment-opportunities,01,validation gate failed (0/2): no signals
,,https://villageofwestport.ca/employment-opportunities,12,validation gate failed (0/2): no signals
,,https://villageofwestport.ca/employment-opportunities,11,validation gate failed (0/2): no signals
,,https://villageofwestport.ca/employment-opportunities,10,validation gate failed (0/2): no signals
,,https://villageofwestport.ca/employment-opportunities,09,validation gate failed (0/2): no signals
,,https://villageofwestport.ca/employment-opportunities,08,validation gate failed (0/2): no signals
,,https://villageofwestport.ca/employment-opportunities,07,validation gate failed (0/2): no signals
,,https://villageofwestport.ca/employment-opportunities,06,validation gate failed (0/2): no signals
,,https://villageofwestport.ca/employment-opportunities,05,validation gate failed (0/2): no signals
,,https://villageofwestport.ca/employment-opportunities,04,validation gate failed (0/2): no signals
,,https://villageofwestport.ca/employment-opportunities,03,validation gate failed (0/2): no signals
,,https://villageofwestport.ca/employment-opportunities,02,validation gate failed (0/2): no signals
,,https://villageofwestport.ca/employment-opportunities,01,validation gate failed (0/2): no signals
,,https://villageofwestport.ca/employment-opportunities,12,validation gate failed (0/2): no signals
,,https://villageofwestport.ca/employment-opportunities,11,validation gate failed (0/2): no signals
,,https://villageofwestport.ca/employment-opportunities,10,validation gate failed (0/2): no signals
,,https://villageofwestport.ca/employment-opportunities,09,validation gate failed (0/2): no signals
,,https://villageofwestport.ca/employment-opportunities,07,validation gate failed (0/2): no signals
,,https://villageofwestport.ca/employment-opportunities,06,validation gate failed (0/2): no signals
,,https://villageofwestport.ca/employment-opportunities,05,validation gate failed (0/2): no signals
,,https://villageofwestport.ca/employment-opportunities,04,validation gate failed (0/2): no signals
,,https://villageofwestport.ca/employment-opportunities,03,validation gate failed (0/2): no signals
,,https://villageofwestport.ca/employment-opportunities,02,validation gate failed (0/2): no signals
,,https://villageofwestport.ca/employment-opportunities,01,validation gate failed (0/2): no signals
,,https://villageofwestport.ca/employment-opportunities,11,validation gate failed (0/2): no signals
,,https://villageofwestport.ca/employment-opportunities,10,validation gate failed (0/2): no signals
,,https://villageofwestport.ca/employment-opportunities,09,validation gate failed (0/2): no signals
,,https://villageofwestport.ca/employment-opportunities,07,validation gate failed (0/2): no signals
,,https://villageofwestport.ca/employment-opportunities,02,validation gate failed (0/2): no signals
,,https://villageofwestport.ca/employment-opportunities,01,validation gate failed (0/2): no signals
,,https://villageofwestport.ca/employment-opportunities,12,validation gate failed (0/2): no signals
,,https://villageofwestport.ca/employment-opportunities,11,validation gate failed (0/2): no signals
,,https://villageofwestport.ca/employment-opportunities,08,validation gate failed (0/2): no signals
,,https://villageofwestport.ca/employment-opportunities,04,validation gate failed (0/2): no signals
,,https://villageofwestport.ca/employment-opportunities,01,validation gate failed (0/2): no signals
,,https://villageofwestport.ca/employment-opportunities,06,validation gate failed (0/2): no signals
,,https://villageofwestport.ca/employment-opportunities,03,validation gate failed (0/2): no signals
,,https://www.muskoka.on.ca/en/careers-and-volunteering/careers-district-of-muskoka-municipal-operations.aspx,Accessibility,validation gate failed (1/2): listing_apply_pattern
,,https://www.municipalityofbluewater.ca/municipal-office/careers,E Billing Enrollment Form V 02,validation gate failed (0/2): no signals
,,https://www.municipalityofbluewater.ca/municipal-office/careers,Building Permits,validation gate failed (1/2): keywords_near_title
,,https://www.municipalityofbluewater.ca/municipal-office/careers,Controlled Burn Permit,validation gate failed (1/2): keywords_near_title
,,https://www.municipalityofbluewater.ca/municipal-office/careers,Dog Licences,validation gate failed (1/2): keywords_near_title
,,https://www.municipalityofbluewater.ca/municipal-office/careers,Entrance Permits,validation gate failed (1/2): keywords_near_title
,,https://www.municipalityofbluewater.ca/municipal-office/careers,Planning And Development,validation gate failed (1/2): keywords_near_title
,,https://www.municipalityofbluewater.ca/municipal-office/careers,Plumbing Permits,validation gate failed (1/2): keywords_near_title
,,https://www.municipalityofbluewater.ca/municipal-office/careers,Pre Authorized Payments,validation gate failed (1/2): keywords_near_title
,,https://www.municipalityofbluewater.ca/municipal-office/careers,Request For Vendor Eft Payment,validation gate failed (1/2): keywords_near_title
,,https://www.municipalityofbluewater.ca/municipal-office/careers,Road Occupancy Permits,validation gate failed (1/2): keywords_near_title
,,https://www.municipalityofbluewater.ca/municipal-office/careers,Road Signage,validation gate failed (1/2): keywords_near_title
,,https://www.municipalityofbluewater.ca/municipal-office/careers,Sewage System Permits,validation gate failed (1/2): keywords_near_title
,,https://www.municipalityofbluewater.ca/municipal-office/careers,Short Term Rentals,validation gate failed (1/2): keywords_near_title
,,https://www.municipalityofbluewater.ca/municipal-office/careers,Budget,validation gate failed (1/2): keywords_near_title
,,https://www.municipalityofbluewater.ca/municipal-office/careers,By Laws,title blocklist exact: by laws
,,https://www.municipalityofbluewater.ca/municipal-office/careers,Animal Control By Law,validation gate failed (1/2): keywords_near_title
,,https://www.municipalityofbluewater.ca/municipal-office/careers,Hawkers Peddlers And Buskers By Law,validation gate failed (1/2): keywords_near_title
,,https://www.municipalityofbluewater.ca/municipal-office/careers,Noise By Law,validation gate failed (1/2): keywords_near_title
,,https://www.municipalityofbluewater.ca/municipal-office/careers,Off Road Vehicles,validation gate failed (0/2): no signals
,,https://www.municipalityofbluewater.ca/municipal-office/careers,Property Standards By,validation gate failed (1/2): title_source_og_title
,,https://www.municipalityofbluewater.ca/municipal-office/careers,"Refunds , Transfers and Credits Policy",validation gate failed (1/2): title_source_og_title
,,https://www.municipalityofbluewater.ca/municipal-office/careers,Road Signage Policy,validation gate failed (1/2): keywords_near_title
,,https://www.municipalityofbluewater.ca/municipal-office/careers,Short Term Rentals,validation gate failed (1/2): keywords_near_title
,,https://www.municipalityofbluewater.ca/municipal-office/careers,Traffic And Parking By Law,validation gate failed (0/2): no signals
,,https://www.municipalityofbluewater.ca/municipal-office/careers,"Use of Beach , Marina and Water Area By",validation gate failed (1/2): title_source_og_title
,,https://www.municipalityofbluewater.ca/municipal-office/careers,Commissioner of Oaths Services,validation gate failed (1/2): title_source_og_title
,,https://www.municipalityofbluewater.ca/municipal-office/careers,Contact Us,validation gate failed (1/2): title_source_og_title
,,https://www.municipalityofbluewater.ca/municipal-office/careers,Council - Municipality of Bluewater,validation gate failed (1/2): title_source_og_title
,,https://www.municipalityofbluewater.ca/municipal-office/careers,Agendas And Minutes,validation gate failed (1/2): keywords_near_title
,,https://www.municipalityofbluewater.ca/municipal-office/careers,Declaration of Pecuniary Interest Registry,validation gate failed (1/2): title_source_og_title
,,https://www.municipalityofbluewater.ca/municipal-office/careers,Mayoral Decisions,validation gate failed (1/2): title_source_og_title
,,https://www.municipalityofbluewater.ca/municipal-office/careers,Freedom Of Information,validation gate failed (1/2): keywords_near_title
,,https://www.municipalityofbluewater.ca/municipal-office/careers,Grant Programs,validation gate failed (1/2): title_source_og_title
,,https://www.municipalityofbluewater.ca/municipal-office/careers,Municipal Drains,validation gate failed (1/2): keywords_near_title
,,https://www.municipalityofbluewater.ca/municipal-office/careers,News - Municipality of Bluewater,validation gate failed (1/2): title_source_og_title
,,https://www.municipalityofbluewater.ca/municipal-office/careers,Newsletter Signup,validation gate failed (0/2): no signals
,,https://www.municipalityofbluewater.ca/municipal-office/careers,Operating Hours,validation gate failed (1/2): title_source_og_title
,,https://www.municipalityofbluewater.ca/municipal-office/careers,"Plans , Reports and Projects",validation gate failed (1/2): title_source_og_title
,,https://www.municipalityofbluewater.ca/municipal-office/careers,Active Transportation Master Plan,validation gate failed (1/2): title_source_og_title
,,https://www.municipalityofbluewater.ca/municipal-office/careers,Asset Management Plan,validation gate failed (1/2): title_source_og_title
,,https://www.municipalityofbluewater.ca/municipal-office/careers,Bayfield Wastewater Treatment Facility Expansion,validation gate failed (1/2): title_source_og_title
,,https://www.municipalityofbluewater.ca/municipal-office/careers,Community Safety And Well Being Plan,validation gate failed (0/2): no signals
,,https://www.municipalityofbluewater.ca/municipal-office/careers,Development Charges,validation gate failed (1/2): keywords_near_title
,,https://www.municipalityofbluewater.ca/municipal-office/careers,Hensall Water Storage Facility Replacement,validation gate failed (1/2): title_source_og_title
,,https://www.municipalityofbluewater.ca/municipal-office/careers,Heritage Conservation District Plan Update,validation gate failed (1/2): title_source_og_title
,,https://www.municipalityofbluewater.ca/municipal-office/careers,Lakeshore Collection and Sewage Plant,validation gate failed (1/2): title_source_og_title
,,https://www.municipalityofbluewater.ca/municipal-office/careers,Official Plan Review,validation gate failed (1/2): title_source_og_title
,,https://www.municipalityofbluewater.ca/municipal-office/careers,Recreation Master Plan,validation gate failed (1/2): title_source_og_title
,,https://www.municipalityofbluewater.ca/municipal-office/careers,Water and Wastewater Reports,validation gate failed (1/2): title_source_og_title
,,https://www.municipalityofbluewater.ca/municipal-office/careers,Payment Options,validation gate failed (1/2): keywords_near_title
,,https://www.municipalityofbluewater.ca/municipal-office/careers,Privacy Statement,validation gate failed (1/2): title_source_og_title
,,https://www.municipalityofbluewater.ca/municipal-office/careers,Report A Concern,validation gate failed (1/2): keywords_near_title
,,https://www.municipalityofbluewater.ca/municipal-office/careers,Tenders and RFPs,validation gate failed (1/2): title_source_og_title
,,https://www.townshipofhornepayne.ca/our-government/job-opportunities,"Accessibility for Ontarians with Disabilities Act , 2005 , S.O. 2005 , c. 11",validation gate failed (1/2): title_source_og_title
,,https://www.townshipofhornepayne.ca/our-government/job-opportunities,Rso 1990 C M 56,validation gate failed (0/2): no signals
,,https://www.townshipofhornepayne.ca/our-government/job-opportunities,01m 25,validation gate failed (0/2): no signals
,,https://www.townshipofhornepayne.ca/our-government/job-opportunities,Accessibility - Township of Hornepayne,validation gate failed (1/2): title_source_og_title
,,https://www.townshipofhornepayne.ca/our-government/job-opportunities,Building Permits,validation gate failed (1/2): keywords_near_title
,,https://www.townshipofhornepayne.ca/our-government/job-opportunities,Dog And Cat Tags,validation gate failed (1/2): keywords_near_title
,,https://www.townshipofhornepayne.ca/our-government/job-opportunities,Fire Permits,validation gate failed (1/2): keywords_near_title
,,https://www.townshipofhornepayne.ca/our-government/job-opportunities,Budget - Township of Hornepayne,validation gate failed (1/2): title_source_og_title
,,https://www.townshipofhornepayne.ca/our-government/job-opportunities,Council Remuneration and Expenses,validation gate failed (1/2): title_source_og_title
,,https://www.townshipofhornepayne.ca/our-government/job-opportunities,Commissioner Oaths and Affidavits,validation gate failed (1/2): title_source_og_title
,,https://www.townshipofhornepayne.ca/our-government/job-opportunities,Hornepayne Housing Corporation Hhc Board,validation gate failed (1/2): keywords_near_title
,,https://www.townshipofhornepayne.ca/our-government/job-opportunities,Library Board,validation gate failed (1/2): title_source_og_title
,,https://www.townshipofhornepayne.ca/our-government/job-opportunities,Council - Township of Hornepayne,validation gate failed (1/2): title_source_og_title
,,https://www.townshipofhornepayne.ca/our-government/job-opportunities,Council Meetings,validation gate failed (1/2): title_source_og_title
,,https://www.townshipofhornepayne.ca/our-government/job-opportunities,Candidate Information,validation gate failed (1/2): title_source_og_title
,,https://www.townshipofhornepayne.ca/our-government/job-opportunities,Third Party Advertiser Information,validation gate failed (1/2): title_source_og_title
,,https://www.townshipofhornepayne.ca/our-government/job-opportunities,Integrity Commissioner,validation gate failed (1/2): title_source_og_title
,,https://www.townshipofhornepayne.ca/our-government/job-opportunities,"Plans , Reports and Studies",validation gate failed (1/2): title_source_og_title
,,https://www.townshipofhornepayne.ca/our-government/job-opportunities,Asset Management Plan,validation gate failed (1/2): title_source_og_title
,,https://www.townshipofhornepayne.ca/our-government/job-opportunities,Community Improvement Plan,validation gate failed (1/2): title_source_og_title
,,https://www.townshipofhornepayne.ca/our-government/job-opportunities,Community Safety and Well,validation gate failed (1/2): title_source_og_title
,,https://www.townshipofhornepayne.ca/our-government/job-opportunities,Energy Conservation and Demand Management Plan,validation gate failed (1/2): title_source_og_title
,,https://www.townshipofhornepayne.ca/our-government/job-opportunities,Integrity Commissioner,validation gate failed (1/2): title_source_og_title
,,https://www.townshipofhornepayne.ca/our-government/job-opportunities,Official Plan and Zoning,validation gate failed (1/2): title_source_og_title
,,https://www.townshipofhornepayne.ca/our-government/job-opportunities,Strategic Plan,validation gate failed (1/2): title_source_og_title
,,https://www.townshipofhornepayne.ca/our-government/job-opportunities,Water and Wastewater Reports,validation gate failed (1/2): title_source_og_title
,,https://www.townshipofhornepayne.ca/our-government/job-opportunities,Report a Problem Questions Comments Concerns,validation gate failed (1/2): title_source_og_title
,,https://www.townshipofhornepayne.ca/our-government/job-opportunities,Tax Sale Listing,validation gate failed (1/2): title_source_og_title
,,https://www.townshipofhornepayne.ca/our-government/job-opportunities,Tenders and Requests for Proposals,validation gate failed (1/2): title_source_og_title
,,https://www.peterborough.ca/careers,Terms Of Use,validation gate failed (1/2): listing_apply_pattern
,,https://www.peterborough.ca/careers,Adult Crossing Guard,validation gate failed (1/2): listing_apply_pattern
,,https://www.peterborough.ca/careers,Budget Transfers To Organizations For Provision Of Services,validation gate failed (1/2): listing_apply_pattern
,,https://www.peterborough.ca/careers,Community Services Annual Highlights,validation gate failed (1/2): listing_apply_pattern
,,https://www.peterborough.ca/careers,Municipal Operations Annual Highlights,validation gate failed (1/2): listing_apply_pattern
,,https://www.peterborough.ca/careers,Finance And Corporate Support Services Annual Highlights,validation gate failed (1/2): listing_apply_pattern
,,https://www.twpbrm.ca/your-township-government/employment-opportunities,Privacy Policy,validation gate failed (1/2): keywords_near_title
,,https://www.twpbrm.ca/your-township-government/employment-opportunities,Recreation,validation gate failed (0/2): no signals
,,https://www.twpbrm.ca/your-township-government/employment-opportunities,Community Centre And Rentals,validation gate failed (0/2): no signals
,,https://www.twpbrm.ca/your-township-government/employment-opportunities,Schools,validation gate failed (0/2): no signals
,,https://www.twpbrm.ca/your-township-government/employment-opportunities,Restaurants,validation gate failed (0/2): no signals
,,https://www.twpbrm.ca/your-township-government/employment-opportunities,Places Of Worship,validation gate failed (0/2): no signals
,,https://www.twpbrm.ca/your-township-government/employment-opportunities,Parks And Trails,validation gate failed (0/2): no signals
,,https://www.twpbrm.ca/your-township-government/employment-opportunities,Community Calendar,validation gate failed (0/2): no signals
,,https://www.twpbrm.ca/your-township-government/employment-opportunities,Visiting Black River Matheson,validation gate failed (0/2): no signals
,,https://www.twpbrm.ca/your-township-government/employment-opportunities,Photo Gallery,validation gate failed (0/2): no signals
,,https://www.twpbrm.ca/your-township-government/employment-opportunities,Bids Tenders And Rfpsrftsrfqs,validation gate failed (0/2): no signals
,,https://www.twpbrm.ca/your-township-government/employment-opportunities,Business Licenses,validation gate failed (0/2): no signals
,,https://www.twpbrm.ca/your-township-government/employment-opportunities,Economic Development,validation gate failed (0/2): no signals
,,https://www.twpbrm.ca/your-township-government/employment-opportunities,Why Black River Matheson,validation gate failed (0/2): no signals
,,https://www.twpbrm.ca/your-township-government/employment-opportunities,Animal Services,validation gate failed (0/2): no signals
,,https://www.twpbrm.ca/your-township-government/employment-opportunities,Building And Planning,validation gate failed (1/2): keywords_near_title
,,https://www.twpbrm.ca/your-township-government/employment-opportunities,Cemetery,validation gate failed (0/2): no signals
,,https://www.twpbrm.ca/your-township-government/employment-opportunities,Civil Services,validation gate failed (1/2): keywords_near_title
,,https://www.twpbrm.ca/your-township-government/employment-opportunities,Emergency Management Services,validation gate failed (0/2): no signals
,,https://www.twpbrm.ca/your-township-government/employment-opportunities,Fire Police And Ambulance,validation gate failed (0/2): no signals
,,https://www.twpbrm.ca/your-township-government/employment-opportunities,Fire Safety,validation gate failed (1/2): keywords_near_title
,,https://www.twpbrm.ca/your-township-government/employment-opportunities,Health Care And Medical,validation gate failed (1/2): keywords_near_title
,,https://www.twpbrm.ca/your-township-government/employment-opportunities,Library,validation gate failed (0/2): no signals
,,https://www.twpbrm.ca/your-township-government/employment-opportunities,Garbage And Recycling,validation gate failed (0/2): no signals
,,https://www.twpbrm.ca/your-township-government/employment-opportunities,Landfill,validation gate failed (0/2): no signals
,,https://www.twpbrm.ca/your-township-government/employment-opportunities,Budget And Financials,validation gate failed (0/2): no signals
,,https://www.twpbrm.ca/your-township-government/employment-opportunities,Committees of Council,validation gate failed (1/2): title_source_og_title
,,https://www.twpbrm.ca/your-township-government/employment-opportunities,Elections,validation gate failed (1/2): keywords_near_title
,,https://www.twpbrm.ca/your-township-government/employment-opportunities,Employment Opportunities,generic title pattern
,,https://www.twpbrm.ca/your-township-government/employment-opportunities,News,title blocklist exact: news
,,https://www.twpbrm.ca/your-township-government/employment-opportunities,Ocwa Reports,validation gate failed (0/2): no signals
,,https://www.twpbrm.ca/your-township-government/employment-opportunities,Plans Reports And Studies,validation gate failed (1/2): keywords_near_title
,,https://www.twpbrm.ca/your-township-government/employment-opportunities,Privacy Policy,validation gate failed (1/2): keywords_near_title
,,https://www.twpbrm.ca/your-township-government/employment-opportunities,Director of Public Works,validation gate failed (1/2): role_like_title
,,https://www.twpbrm.ca/your-township-government/employment-opportunities,Landfill Brm Jan 23 2026.jpg,validation gate failed (0/2): no signals
,,https://www.twpbrm.ca/your-township-government/employment-opportunities,Firefighter Ad.png,validation gate failed (0/2): no signals
,,https://www.twpbrm.ca/your-township-government/employment-opportunities,Subscription Messaging,validation gate failed (0/2): no signals
,,https://www.thecounty.ca/residents/employment,Services,title blocklist exact: services
,,https://www.thecounty.ca/residents/employment,Broadband Expansion,validation gate failed (0/2): no signals
,,https://www.thecounty.ca/residents/employment,Customer Service,validation gate failed (1/2): keywords_near_title
,,https://www.thecounty.ca/residents/employment,Council Committee Meetings,validation gate failed (0/2): no signals
,,https://www.thecounty.ca/residents/employment,Garbage Recycling,validation gate failed (0/2): no signals
,,https://www.thecounty.ca/residents/employment,Sustainability,validation gate failed (0/2): no signals
,,https://www.thecounty.ca/residents/employment,Emergency Services,validation gate failed (0/2): no signals
,,https://www.thecounty.ca/residents/employment,Civic Awards,validation gate failed (1/2): keywords_near_title
,,https://www.thecounty.ca/residents/employment,Prince Edward County Municipal Services,validation gate failed (1/2): title_source_og_title
,,https://www.thecounty.ca/residents/employment,Prince Edward County Municipal Services,validation gate failed (1/2): title_source_og_title
,,https://www.thecounty.ca/residents/employment,Accessibility,validation gate failed (0/2): no signals
,,https://www.thecounty.ca/residents/employment,Accountability Transparency,validation gate failed (0/2): no signals
,,https://www.thecounty.ca/residents/employment,Prince Edward County Municipal Services,validation gate failed (1/2): title_source_og_title
,,https://www.thecounty.ca/residents/employment,Caos Office,validation gate failed (1/2): keywords_near_title
,,https://www.thecounty.ca/residents/employment,Clerks Office,validation gate failed (1/2): role_like_title
,,https://www.thecounty.ca/residents/employment,Council,validation gate failed (0/2): no signals
,,https://www.thecounty.ca/residents/employment,Customer Service,validation gate failed (1/2): keywords_near_title
,,https://www.thecounty.ca/residents/employment,Prince Edward County Municipal Services,validation gate failed (1/2): title_source_og_title
,,https://www.thecounty.ca/residents/employment,Plans And Strategies,validation gate failed (0/2): no signals
,,https://www.thecounty.ca/residents/employment,Live Stream,validation gate failed (1/2): title_source_h1
,,https://www.thecounty.ca/residents/employment,Getting Here,validation gate failed (0/2): no signals
,,https://www.thecounty.ca/residents/employment,Events,title blocklist exact: events
,,https://www.thecounty.ca/residents/employment,Permits Licences Applications,validation gate failed (0/2): no signals
,,https://www.thecounty.ca/residents/employment,Prince Edward County Municipal Services,validation gate failed (1/2): title_source_og_title
,,https://www.thecounty.ca/residents/employment,Recreational Facilities Rentals,validation gate failed (0/2): no signals
,,https://www.thecounty.ca/residents/employment,Purchasing,validation gate failed (1/2): keywords_near_title
,,https://www.thecounty.ca/residents/employment,Building,validation gate failed (1/2): keywords_near_title
,,https://www.thecounty.ca/residents/employment,Customer Service,validation gate failed (1/2): keywords_near_title
,,https://www.thecounty.ca/residents/employment,Prince Edward County Municipal Services,validation gate failed (1/2): title_source_og_title
,,https://www.thecounty.ca/residents/employment,Government,validation gate failed (0/2): no signals
,,https://www.thecounty.ca/residents/employment,Explore,validation gate failed (0/2): no signals
,,https://www.thecounty.ca/residents/employment,Prince Edward County Municipal Services,validation gate failed (1/2): title_source_og_title
,,https://www.shibogama.on.ca/jobs,About,validation gate failed (1/2): keywords_near_title
,,https://www.shibogama.on.ca/jobs,Departments,validation gate failed (1/2): keywords_near_title
,,https://www.shibogama.on.ca/jobs,News,title blocklist exact: news
,,https://www.tay.ca/municipal-government/employment,Building Permits,validation gate failed (1/2): keywords_near_title
,,https://www.tay.ca/municipal-government/employment,Dog Licences,validation gate failed (1/2): keywords_near_title
,,https://www.tay.ca/municipal-government/employment,Driveways Entrances And Culverts,validation gate failed (1/2): keywords_near_title
,,https://www.tay.ca/municipal-government/employment,Fire Permits,validation gate failed (1/2): keywords_near_title
,,https://www.tay.ca/municipal-government/employment,Watering Permits,validation gate failed (0/2): no signals
,,https://www.tay.ca/municipal-government/employment,Heritage Committee,validation gate failed (1/2): keywords_near_title
,,https://www.tay.ca/municipal-government/employment,Elections,validation gate failed (1/2): keywords_near_title
,,https://www.tay.ca/municipal-government/employment,Council Calendar,validation gate failed (0/2): no signals
,,https://www.tay.ca/municipal-government/employment,Tay Township,validation gate failed (1/2): title_source_og_title
,,https://www.tay.ca/municipal-government/employment,Tay Township,validation gate failed (1/2): title_source_og_title
,,https://www.tay.ca/municipal-government/employment,Tay Township,validation gate failed (1/2): title_source_og_title
,,https://www.tay.ca/municipal-government/employment,Meeting Calendar,validation gate failed (0/2): no signals
,,https://www.tay.ca/municipal-government/employment,Tay Township,validation gate failed (1/2): title_source_og_title
,,https://www.tay.ca/municipal-government/employment,Tay Township,validation gate failed (1/2): title_source_og_title
,,https://www.tay.ca/municipal-government/employment,Tay Township,validation gate failed (1/2): title_source_og_title
,,https://www.tay.ca/municipal-government/employment,Strategic Plan,validation gate failed (1/2): keywords_near_title
,,https://www.tay.ca/municipal-government/employment,Water Plans And Reports,validation gate failed (1/2): keywords_near_title
,,https://www.tay.ca/municipal-government/employment,Property Taxes,validation gate failed (1/2): keywords_near_title
,,https://www.tay.ca/municipal-government/employment,Planning And Zoning,validation gate failed (1/2): keywords_near_title
,,https://www.town.minto.on.ca/government/careers,Move to Minto,validation gate failed (1/2): title_source_og_title
,,https://www.town.minto.on.ca/government/careers,New To Minto,validation gate failed (1/2): title_source_og_title
,,https://www.town.minto.on.ca/government/careers,Calendar,validation gate failed (0/2): no signals
,,https://www.town.minto.on.ca/government/careers,Fees Charges,validation gate failed (1/2): keywords_near_title
,,https://www.town.minto.on.ca/government/careers,Starting A Business,validation gate failed (0/2): no signals
,,https://www.town.minto.on.ca/government/careers,Business Grants,validation gate failed (1/2): title_source_og_title
,,https://www.town.minto.on.ca/government/careers,Business Loans,validation gate failed (0/2): no signals
,,https://www.town.minto.on.ca/government/careers,Development Opportunities,validation gate failed (0/2): no signals
,,https://www.town.minto.on.ca/government/careers,Community Profile,validation gate failed (0/2): no signals
,,https://www.town.minto.on.ca/government/careers,Launchit,validation gate failed (0/2): no signals
,,https://www.town.minto.on.ca/government/careers,Chamber Of Commerce,validation gate failed (0/2): no signals
,,https://www.town.minto.on.ca/government/careers,Wowsa,validation gate failed (0/2): no signals
,,https://www.town.minto.on.ca/government/careers,Tariff Support,validation gate failed (0/2): no signals
,,https://www.town.minto.on.ca/government/careers,Teeny Tiny Summit,validation gate failed (1/2): keywords_near_title
,,https://www.town.minto.on.ca/government/careers,Pitchit 2026,validation gate failed (1/2): keywords_near_title
,,https://www.town.minto.on.ca/government/careers,Palmerston Full Steam Ahead Building A Better Main Street,validation gate failed (0/2): no signals
,,https://www.town.minto.on.ca/government/careers,Departments,validation gate failed (1/2): keywords_near_title
,,https://www.town.minto.on.ca/government/careers,Tenders And Bids,validation gate failed (1/2): keywords_near_title
,,https://www.town.minto.on.ca/government/careers,Eat,validation gate failed (1/2): title_source_og_title
,,https://www.town.minto.on.ca/government/careers,Stay,validation gate failed (1/2): title_source_og_title
,,https://www.town.minto.on.ca/government/careers,Play,validation gate failed (0/2): no signals
,,https://www.town.minto.on.ca/government/careers,Culture Tourism Map,validation gate failed (0/2): no signals
,,https://www.town.minto.on.ca/government/careers,Minto Cultural Roundtable,validation gate failed (1/2): keywords_near_title
,,https://www.town.minto.on.ca/government/careers,Diversity Equity And Inclusion Committee 2,validation gate failed (0/2): no signals
,,https://www.town.minto.on.ca/government/careers,Information For Candidates,validation gate failed (1/2): keywords_near_title
