org_id,org_name,source_url,candidate_title,rejection_reason
,,https://martenfalls.com/wp-content/uploads/2025/05/Funded-Band-Job-posting-Brief-MFFN-Band-Members-3-4.pdf,Funded Band Job Posting Brief MFFN Band Members 3 4,validation gate failed (1/2): pdf_role_title
,,https://aylmer.ca/town-hall/employment-opportunities,Day Camp Volunteer,validation gate failed (1/2): keywords_near_title
,,https://aokfn.com/employment,Covid 19 Information,validation gate failed (0/2): no signals
,,https://aokfn.com/employment,Design De Plume,validation gate failed (0/2): no signals
,,https://aokfn.com/employment,Google Maps,validation gate failed (1/2): title_source_og_title
,,https://innisfil.hua.hrsmart.com/hr/ats/JobSearch/viewAll,Cross Site Request Forgery (csrf),validation gate failed (0/2): no signals
,,https://beckwith.ca/category/career-employment,Tel,validation gate failed (0/2): no signals
,,https://beckwith.ca/category/career-employment,Contact Us,validation gate failed (1/2): keywords_near_title
,,https://www.lacseulfn.org/vacant-jobs,Overview - Lac Seul First Nation,validation gate failed (1/2): title_source_og_title
,,https://www.lacseulfn.org/vacant-jobs,Overview - Lac Seul First Nation,validation gate failed (1/2): title_source_og_title
,,https://jocelyn.ca/township-office/employment-opportunities,Contact,validation gate failed (0/2): no signals
,,https://saultstemarie.ca/wp-content/uploads/2026/05/posting-Supervisor-Building-Services-2026.pdf,Posting Supervisor Building Services 2026,non-job category context
,,https://bancroft.civicweb.net/filepro/documents/47725,Temporary Operator Public Works,validation gate failed (1/2): role_like_title
,,https://bancroft.civicweb.net/filepro/documents/47725,Temporary Full Time Operator,validation gate failed (1/2): role_like_title
,,https://bancroft.civicweb.net/filepro/documents/47725,126827,validation gate failed (1/2): keywords_near_title
,,https://bancroft.civicweb.net/filepro/documents/47725,CLOSED AND NOT FILLED POSITIONS,validation gate failed (1/2): keywords_near_title
,,https://bancroft.civicweb.net/filepro/documents/47725,CLOSED AND FILLED POSITIONS,validation gate failed (1/2): keywords_near_title
,,https://bancroft.civicweb.net/filepro/documents/47725,Resetpassword,validation gate failed (0/2): no signals
,,https://jobs.kitchener.ca/,Search,validation gate failed (1/2): url_hint
,,https://chapleau.ca/business/resources/employment-volunteer-opportunities,www.jobsinchapleau.com,validation gate failed (0/2): no signals
,,https://chapleau.ca/business/resources/employment-volunteer-opportunities,Search,validation gate failed (0/2): no signals
,,https://chapleau.ca/business/resources/employment-volunteer-opportunities,Council Agenda & Minutes,validation gate failed (1/2): title_source_og_title
,,https://chapleau.ca/business/resources/employment-volunteer-opportunities,July 2026,validation gate failed (1/2): title_source_og_title
,,https://chapleau.ca/business/resources/employment-volunteer-opportunities,Accessibility,validation gate failed (0/2): no signals
,,https://chapleau.ca/business/resources/employment-volunteer-opportunities,Privacy Policy,validation gate failed (1/2): keywords_near_title
,,https://oliverpaipoonge.ca/municipal-office/employment,228,validation gate failed (0/2): no signals
,,https://oliverpaipoonge.ca/municipal-office/employment,228,validation gate failed (0/2): no signals
,,https://oliverpaipoonge.ca/municipal-office/employment,Jobs,short generic nav title
,,https://oliverpaipoonge.ca/municipal-office/employment,Lakehead University Job Bank,validation gate failed (0/2): no signals
,,https://oliverpaipoonge.ca/municipal-office/employment,Jobs In Thunder Bay Ontario,validation gate failed (1/2): url_hint
,,https://oliverpaipoonge.ca/municipal-office/employment,Browse Results,validation gate failed (0/2): no signals
,,https://www.nationmun.ca/fr/hotel-de-ville/carrieres,116,non-job category context
,,https://www.nationmun.ca/fr/hotel-de-ville/carrieres,Ressources Humaines,non-job category context
,,https://www.nationmun.ca/fr/hotel-de-ville/carrieres,Membre Du Comite Conjoint De Verification De Conformite,non-job category context
,,https://www.nationmun.ca/fr/hotel-de-ville/carrieres,Operateur De Machinerie Lourde Chauffeur De Camion Et Journalier 1,non-job category context
,,https://blrtownship.ca/article/employment,Council Meetings,validation gate failed (1/2): listing_apply_pattern
,,https://blrtownship.ca/article/employment,Payment Information,validation gate failed (1/2): listing_apply_pattern
,,https://nigigoonsiminikaaning.ca/category/employment,Graphic Artist,validation gate failed (1/2): title_source_h1
,,https://simcoe.hua.hrsmart.com/hr/ats/JobSearch/viewAll,Cross Site Request Forgery (csrf),validation gate failed (0/2): no signals
,,https://simcoe.hua.hrsmart.com/hr/ats/JobSearch/viewAll,Social,validation gate failed (0/2): no signals
,,https://plummertownship.ca/township-office/employment-opportunities,Contact,validation gate failed (1/2): title_source_h1
,,https://plummertownship.ca/township-office/employment-opportunities,Fire Permits,validation gate failed (1/2): title_source_h1
,,https://plummertownship.ca/township-office/employment-opportunities,Township Office,validation gate failed (1/2): title_source_h1
,,https://plummertownship.ca/township-office/employment-opportunities,Building and Planning,validation gate failed (1/2): title_source_h1
,,https://plummertownship.ca/township-office/employment-opportunities,Community Services,validation gate failed (1/2): title_source_h1
,,https://delawarenation.on.ca/category/employment,Carpenter’s Union,validation gate failed (1/2): title_source_h1
,,https://delawarenation.on.ca/category/employment,Dn Newsletters,validation gate failed (0/2): no signals
,,https://delawarenation.on.ca/category/employment,PS Policy Update,validation gate failed (1/2): title_source_h2
,,https://delawarenation.on.ca/category/employment,Community Bday Celebration and Trusted Source,validation gate failed (1/2): title_source_h2
,,https://delawarenation.on.ca/category/employment,Updates From the Chief,validation gate failed (1/2): role_like_title
,,https://northumberland.ca/county-government/careers,2y 2qv Ewrq IE,validation gate failed (1/2): listing_apply_pattern
,,https://northumberland.ca/county-government/careers,O 9p Jm X 9sso I,validation gate failed (1/2): listing_apply_pattern
,,https://northumberland.ca/county-government/careers,Qfmp Zyu 5g Ds,validation gate failed (1/2): listing_apply_pattern
,,https://northumberland.ca/county-government/careers,F 7au 2rty 4U,validation gate failed (1/2): listing_apply_pattern
,,https://northumberland.ca/county-government/careers,8g Xd 7fc Bvfw,validation gate failed (1/2): listing_apply_pattern
,,https://northumberland.ca/county-government/careers,2s Ai 7gzjq I,validation gate failed (1/2): listing_apply_pattern
,,https://northumberland.ca/county-government/careers,Subscribe,validation gate failed (1/2): listing_apply_pattern
,,https://northumberland.ca/county-government/careers,Privacy Policy,validation gate failed (1/2): listing_apply_pattern
,,https://northumberland.ca/county-government/careers,Maps,validation gate failed (1/2): listing_apply_pattern
,,https://northumberland.ca/county-government/careers,Main Login,validation gate failed (1/2): listing_apply_pattern
,,https://mcnabbraeside.com/careers,News and Notices,validation gate failed (1/2): title_source_h1
,,https://mcnabbraeside.com/careers,Contact,validation gate failed (0/2): no signals
,,https://mcnabbraeside.com/careers,Calendar,validation gate failed (0/2): no signals
,,https://mcnabbraeside.com/careers,Notices,title blocklist exact: notices
,,https://mcnabbraeside.com/careers,Council Meeting Summary,validation gate failed (1/2): title_source_h1
,,https://mcnabbraeside.com/careers,3497,validation gate failed (0/2): no signals
,,https://mcnabbraeside.com/careers,Ticks Are Active Know The Risks And Protect Yourself From Tick Bites 9091,validation gate failed (0/2): no signals
,,https://mcnabbraeside.com/careers,Public Notice Of Pesticide Use 9996,validation gate failed (0/2): no signals
,,https://mcnabbraeside.com/careers,Closure Of White Lake Road For Waba Creek Bridge Rehabilitation 2208,validation gate failed (0/2): no signals
,,https://welland.myavanti.ca/careers,The Fast & Secure Web Browser Built to be Yours,validation gate failed (1/2): title_source_og_title
,,https://welland.myavanti.ca/careers,"Manuals , Specs , and Downloads",validation gate failed (1/2): title_source_og_title
,,https://wabauskangfirstnation.com/careers,Google Maps,validation gate failed (1/2): title_source_og_title
,,https://wabauskangfirstnation.com/careers,Emergency Alerts,validation gate failed (0/2): no signals
,,https://www.mapleton.ca/administration-and-town-hall/employment,Privacy Policy,validation gate failed (0/2): no signals
,,https://www.mapleton.ca/administration-and-town-hall/employment,Water and Wastewater Master Plan,validation gate failed (1/2): title_source_og_title
,,https://alderville.ca/employment-opportunities,Profile - Alderville First Nation,validation gate failed (1/2): title_source_og_title
,,https://alderville.ca/employment-opportunities,Register - Alderville First Nation,validation gate failed (1/2): title_source_og_title
,,https://alderville.ca/employment-opportunities,A 6qp CQ 2J 0,validation gate failed (0/2): no signals
,,https://alderville.ca/employment-opportunities,Jobs,short generic nav title
,,https://alderville.ca/employment-opportunities,We apologize for the inconvenience...,validation gate failed (1/2): title_source_h1
,,https://alderville.ca/employment-opportunities,A 6qp CQ 2NI,validation gate failed (0/2): no signals
,,https://alderville.ca/employment-opportunities,Vy 15fkv Vf 4,validation gate failed (0/2): no signals
,,https://alderville.ca/employment-opportunities,Inspiro,validation gate failed (0/2): no signals
,,https://alderville.ca/employment-opportunities,Purposes,validation gate failed (0/2): no signals
,,https://wasauksing.ca/employment-opportunities,Social Navigator & Intake Worker (NS),validation gate failed (1/2): role_like_title
,,https://wasauksing.ca/employment-opportunities,Mental Wellness/Crisis Response Navigator,validation gate failed (1/2): role_like_title
,,https://wasauksing.ca/employment-opportunities,Indeed Jobs,validation gate failed (1/2): url_hint
,,https://wasauksing.ca/employment-opportunities,Employment Opportunities 2,generic title pattern
,,https://wasauksing.ca/employment-opportunities,Anishinabek News Job Board,validation gate failed (1/2): url_hint
,,https://wasauksing.ca/employment-opportunities,Careers,short generic nav title
,,https://town.petrolia.on.ca/wp-content/uploads/2026/06/H11-FD-26-Volunteer-Firefighter-Recruitment-Ad.pdf,H 11 FD 26 Volunteer Firefighter Recruitment Ad,validation gate failed (0/2): no signals
,,https://stjosephtownship.com/jobs,Email Protection,validation gate failed (0/2): no signals
,,https://stjosephtownship.com/jobs,Accessibility,validation gate failed (1/2): keywords_near_title
,,https://stjosephtownship.com/jobs,Covid 19 Notices And Updates,validation gate failed (1/2): keywords_near_title
,,https://stjosephtownship.com/jobs,Contact Us,validation gate failed (1/2): keywords_near_title
,,https://stjosephtownship.com/jobs,Newsletter,validation gate failed (0/2): no signals
,,https://recruiting.ultipro.ca/COR5004CLMB/JobBoard/6b014206-1003-40c3-98a0-b2340f1971da?q=&o=postedDateDesc,"Welcome , come on in!",validation gate failed (1/2): title_source_h1
,,https://www.alfred-plantagenet.com/en/government-administration/job-postings-volunteering,Bénévoles Prescott,validation gate failed (1/2): title_source_og_title
,,https://workforcenow.adp.com/mascsr/default/mdf/recruitment/recruitment.html?cid=2f8e846e-ba4e-4eb0-b528-bebc359be4c9&ccId=19000101_000001&lang=en_CA&selectedMenuKey=CurrentOpenings,Wfn Req,validation gate failed (0/2): no signals
,,https://recruiting.ultipro.ca/COR5104CCOH/JobBoard/3bc4a2fd-51ca-4ae2-a6c0-8aabfc0f6788?q=&o=postedDateDesc,"Welcome , come on in!",validation gate failed (1/2): title_source_h1
,,https://www.ahtwp.ca/careers,Contactus,validation gate failed (1/2): keywords_near_title
,,https://www.ahtwp.ca/careers,Complaints and Compliments,validation gate failed (1/2): title_source_og_title
,,https://www.ahtwp.ca/careers,Privacy Policy,validation gate failed (1/2): keywords_near_title
,,https://recruiting.ultipro.ca/COR5003CALED/JobBoard/55e2803a-385b-47b1-b911-51dd7ed81d1e?q=&o=postedDateDesc,"Welcome , come on in!",validation gate failed (1/2): title_source_h1
,,https://recruiting.ultipro.ca/COR5101COMCH/JobBoard/99e5515b-9ffb-4d3b-a84e-95f953a5c0f2?q=&o=postedDateDesc,Register,validation gate failed (1/2): url_hint
,,https://workforcenow.adp.com/mascsr/default/mdf/recruitment/recruitment.html?cid=9ba4d624-1cab-4482-861f-900704c3df0d&ccId=19000101_000001&type=JS&lang=en_CA&selectedMenuKey=CareerCenter,Wfn Req,validation gate failed (0/2): no signals
,,https://thessalon.ca/council-and-government/employment-opportunities,Events,title blocklist exact: events
,,https://recruiting.ultipro.ca/KEE5000NCC/JobBoard/0f7cbf31-f68f-4b9a-a175-34c1162ee91c,"Welcome , come on in!",validation gate failed (1/2): title_source_h1
,,https://www.cavanmonaghan.net/media/jyrc5pdx/posting-notice-director-of-planning-june-2026.pdf,Posting Notice Director Of Planning June 2026,non-job category context
,,https://www.blandfordblenheim.ca/business-and-employment/employment-opportunities,Mfippa,validation gate failed (0/2): no signals
,,https://www.blandfordblenheim.ca/business-and-employment/employment-opportunities,"Accessibility for Ontarians with Disabilities Act , 2005 , S.O. 2005 , c. 11",validation gate failed (1/2): title_source_og_title
,,https://www.blandfordblenheim.ca/business-and-employment/employment-opportunities,Contact Us,validation gate failed (0/2): no signals
,,https://www.blandfordblenheim.ca/business-and-employment/employment-opportunities,Google Maps,validation gate failed (1/2): title_source_og_title
,,https://www.blandfordblenheim.ca/business-and-employment/employment-opportunities,{base},validation gate failed (0/2): no signals
,,https://brucecounty.myavanti.ca/careers,The Fast & Secure Web Browser Built to be Yours,validation gate failed (1/2): title_source_og_title
,,https://brucecounty.myavanti.ca/careers,"Manuals , Specs , and Downloads",validation gate failed (1/2): title_source_og_title
,,https://workforcenow.adp.com/mascsr/default/mdf/recruitment/recruitment.html?cid=b1fead40-7a8c-4b14-87a0-dc031bab192d&ccId=19000101_000001&lang=en_CA,Wfn Req,validation gate failed (0/2): no signals
,,https://townshipofthenorthshore.ca/governing/employment,download Temp casual labourer 2026 posting,validation gate failed (1/2): role_like_title
,,https://townshipofthenorthshore.ca/governing/employment,download Municipal Clerk,validation gate failed (1/2): role_like_title
,,https://townshipofthenorthshore.ca/governing/employment,download Temp Casual labourer description 2026,validation gate failed (1/2): role_like_title
,,https://townshipofthenorthshore.ca/governing/employment,download Summer Student,validation gate failed (1/2): role_like_title
,,https://townshipofthenorthshore.ca/governing/employment,download SUMMER STUDENTS POSTER 2026,validation gate failed (1/2): role_like_title
,,https://townshipofthenorthshore.ca/governing/employment,Documents,validation gate failed (0/2): no signals
,,https://recruiting.ultipro.ca/KEE5000NCC/JobBoard/0f7cbf31-f68f-4b9a-a175-34c1162ee91c?q=&o=postedDateDesc,"Welcome , come on in!",validation gate failed (1/2): title_source_h1
,,https://www.casselman.ca/en/my-municipality/administration/careers-2,ClickUp Forms,validation gate failed (1/2): title_source_og_title
,,https://www.blindriver.ca/town-hall/careers,Privacy Policy,validation gate failed (0/2): no signals
,,https://www.blindriver.ca/town-hall/careers,Search,validation gate failed (0/2): no signals
,,https://www.blindriver.ca/town-hall/careers,Subscription Messaging,validation gate failed (0/2): no signals
,,https://wahnapitaefn.ca/notices/jobs/postings.html,C 7nup 0upp N,validation gate failed (0/2): no signals
,,https://wahnapitaefn.ca/notices/jobs/postings.html,Wfnnotices,validation gate failed (0/2): no signals
,,https://recruiting.ultipro.ca/ALA5000ALAG/JobBoard/63c26905-d7c5-4e50-933f-60cc2d69067f?q=&o=postedDateDesc&w=&wc=&we=&wpst=&f4=dnNxmjVt-1ySJe_Q4SwJ7Q,"Welcome , come on in!",validation gate failed (1/2): title_source_h1
,,https://www.cobourg.ca/media/qgxlmror/26-31-arena-attendant-job-posting-june-2026.pdf,26 31 Arena Attendant Job Posting June 2026,validation gate failed (1/2): pdf_role_title
,,https://www.assiginack.ca/administration/employment-opportunities,Heat Warning,validation gate failed (1/2): title_source_h1
,,https://www.assiginack.ca/administration/employment-opportunities,Clean Up Week June 8 to 13 2026,validation gate failed (1/2): title_source_h1
,,https://www.assiginack.ca/administration/employment-opportunities,Road Restrictions,validation gate failed (1/2): title_source_h1
,,https://workforcenow.adp.com/mascsr/default/mdf/recruitment/recruitment.html?cid=0ce8fb85-2d6b-4891-af18-08a0cb3841a2&ccId=19000101_000001&lang=en_CA&selectedMenuKey=CurrentOpenings,Wfn Req,validation gate failed (0/2): no signals
,,https://www.cramahe.ca/media/iyebdeup/fire-adminstrator-job-posting-full-time-2026.pdf,Fire Adminstrator Job Posting Full Time 2026,validation gate failed (1/2): pdf_role_title
,,https://cityofbelleville.applytojob.com/apply,Law Enforcement Officer,non-job category context
,,https://cityofbelleville.applytojob.com/apply,Facilities Attendants,non-job category context
,,https://cityofbelleville.applytojob.com/apply,Senior Camp Leader (PA Day/Holiday Camps/March Break),non-job category context
,,https://cityofbelleville.applytojob.com/apply,"Specialized Instructor , Music (Uncertified)",non-job category context
,,https://cityofbelleville.applytojob.com/apply,Transit Supervisor,non-job category context
,,https://www.citywindsor.ca/city-hall/employment-opportunities/current-job-postings,JavaScript is currently disabled in your browser and is required to download Adobe Acrobat Reader.,validation gate failed (1/2): title_source_h1
,,https://www.clarence-rockland.com/en/city-hall/careers,Heat Warning Reminder,validation gate failed (1/2): title_source_h1
,,https://www.clarence-rockland.com/en/city-hall/careers,Carrieres,validation gate failed (0/2): no signals
,,https://www.clarence-rockland.com/en/city-hall/careers,Human Resources,validation gate failed (1/2): title_source_h1
,,https://www.armstrongtownship.com/en/municipal-services/opportunities,Armstrong Township,non-job category context
,,https://www.armstrongtownship.com/en/municipal-services/opportunities,Public Notices,validation gate failed (0/2): no signals
,,https://www.armstrongtownship.com/en/municipal-services/opportunities,Recreation,non-job category context
,,https://www.armstrongtownship.com/en/municipal-services/opportunities,2026 Municipal Election,non-job category context
,,https://www.armstrongtownship.com/en/municipal-services/opportunities,Council Meetings,non-job category context
,,https://www.armstrongtownship.com/en/municipal-services/opportunities,Contact Us,non-job category context
,,https://www.armstrongtownship.com/en/municipal-services/opportunities,Markstay Warren,non-job category context
,,https://www.armstrongtownship.com/en/municipal-services/opportunities,Google Maps,non-job category context
,,https://www.armstrongtownship.com/en/municipal-services/opportunities,By Laws,title blocklist exact: by laws
,,https://www.armstrongtownship.com/en/municipal-services/opportunities,Meetings Agendas,non-job category context
,,https://www.armstrongtownship.com/en/municipal-services/opportunities,Service,validation gate failed (0/2): no signals
,,https://www.armstrongtownship.com/en/municipal-services/opportunities,Municipal Events,non-job category context
,,https://www.armstrongtownship.com/en/municipal-services/opportunities,Pay Online,non-job category context
,,https://workforcenow.adp.com/mascsr/default/mdf/recruitment/recruitment.html?cid=8aa53a99-a3f5-4260-aae3-17ca04fdef62&ccId=19000101_000001&source=LI&lang=en_CA&selectedMenuKey=CareerCenter,Wfn Req,validation gate failed (0/2): no signals
,,https://workforcenow.adp.com/mascsr/default/mdf/recruitment/recruitment.html?cid=09ed440f-e109-4f6f-ac03-075ea0a3a5e5&ccId=19000101_000001&lang=en_CA&ccId=19000101_000001&type=JS&lang=en_CA,Wfn Req,validation gate failed (0/2): no signals
,,https://www.collingwood.ca/governance-engagement/careers-employment,Subscribe now,validation gate failed (1/2): title_source_og_title
,,https://www.collingwood.ca/governance-engagement/careers-employment,Colling/It,validation gate failed (1/2): title_source_og_title
,,https://www.collingwood.ca/governance-engagement/careers-employment,S,validation gate failed (0/2): no signals
,,https://www.collingwood.ca/governance-engagement/careers-employment,Contact Us,validation gate failed (0/2): no signals
,,https://www.countyofessex.ca/county-government/careers-and-volunteering/career-opportunities,Privacy Policy,validation gate failed (0/2): no signals
,,https://www.countyofessex.ca/county-government/careers-and-volunteering/career-opportunities,Subscription Messaging,validation gate failed (0/2): no signals
,,https://www.dryden.ca/careers,Privacy Policy,validation gate failed (0/2): no signals
,,https://wabaseemoong.ca/news/job-opportunities,"wabaseemoong_x06bh8 , Author at Wabaseemoong Independent Nations",validation gate failed (1/2): title_source_og_title
,,https://wabaseemoong.ca/news/job-opportunities,Employment Opportunity.png,generic title pattern
,,https://wabaseemoong.ca/news/job-opportunities,News Archives » Wabaseemoong Independent Nations,validation gate failed (1/2): title_source_og_title
,,https://wabaseemoong.ca/news/job-opportunities,receptionist Archives » Wabaseemoong Independent Nations,validation gate failed (1/2): title_source_og_title
,,https://www.akrc.on.ca/category/employment,Google Maps,validation gate failed (1/2): title_source_og_title
,,https://www.chisholm.ca/en/your-government/employment-opportunity-1,Service,validation gate failed (1/2): keywords_near_title
,,https://www.chisholm.ca/en/your-government/employment-opportunity-1,Meetings & Agendas,validation gate failed (1/2): title_source_h1
,,https://www.chisholm.ca/en/your-government/employment-opportunity-1,Planning Department,validation gate failed (1/2): keywords_near_title
,,https://www.chisholm.ca/en/your-government/employment-opportunity-1,Astorville,validation gate failed (0/2): no signals
,,https://www.chisholm.ca/en/your-government/employment-opportunity-1,Cpal,validation gate failed (0/2): no signals
,,https://www.chisholm.ca/en/your-government/employment-opportunity-1,Employment Opportunity 1,generic title pattern
,,https://www.chisholm.ca/en/your-government/employment-opportunity-1,Service,validation gate failed (0/2): no signals
,,https://www.conmee.com/p/employment,Zoning Bylaw And Official Plan Review,validation gate failed (0/2): no signals
,,https://www.conmee.com/p/employment,Members of Council,validation gate failed (1/2): title_source_og_title
,,https://www.conmee.com/p/employment,Renting The Hall,validation gate failed (0/2): no signals
,,https://www.conmee.com/p/employment,Emergency Services,validation gate failed (1/2): keywords_near_title
,,https://www.conmee.com/p/employment,Index,validation gate failed (0/2): no signals
,,https://cochraneontario.com/living/employment-opportunities,Living | Town of Cochrane,validation gate failed (1/2): title_source_og_title
,,https://cochraneontario.com/living/employment-opportunities,Visiting | Town of Cochrane,validation gate failed (1/2): title_source_og_title
,,https://cochraneontario.com/living/employment-opportunities,Doing Business,validation gate failed (1/2): title_source_og_title
,,https://cochraneontario.com/living/employment-opportunities,Town Hall,validation gate failed (1/2): title_source_og_title
,,https://cochraneontario.com/living/employment-opportunities,Municipal Accommodation Tax,validation gate failed (1/2): title_source_og_title
,,https://cochraneontario.com/living/employment-opportunities,Jobs in Cochrane,validation gate failed (0/2): no signals
,,https://cochraneontario.com/living/employment-opportunities,10,validation gate failed (0/2): no signals
,,https://cochraneontario.com/living/employment-opportunities,16,validation gate failed (0/2): no signals
,,https://cochraneontario.com/living/employment-opportunities,26,validation gate failed (0/2): no signals
,,https://cochraneontario.com/living/employment-opportunities,04,validation gate failed (0/2): no signals
,,https://cochraneontario.com/living/employment-opportunities,Employment Opportunity Mechanic,generic title pattern
,,https://cochraneontario.com/living/employment-opportunities,08,validation gate failed (0/2): no signals
,,https://cochraneontario.com/living/employment-opportunities,07,validation gate failed (0/2): no signals
,,https://cochraneontario.com/living/employment-opportunities,Cochrane,validation gate failed (0/2): no signals
,,https://cochraneontario.com/living/employment-opportunities,Refer,validation gate failed (0/2): no signals
,,https://cochraneontario.com/living/employment-opportunities,Notice Of Temporary Road Closure 3,validation gate failed (0/2): no signals
,,https://cochraneontario.com/living/employment-opportunities,OFFICE OF THE MAYOR,validation gate failed (1/2): title_source_og_title
,,https://cochraneontario.com/living/employment-opportunities,Bike Rodeo,validation gate failed (1/2): title_source_og_title
,,https://cochraneontario.com/living/employment-opportunities,Garbage Collection,validation gate failed (1/2): title_source_og_title
,,https://cochraneontario.com/living/employment-opportunities,SEASONAL LOAD RESTRICTION,validation gate failed (1/2): title_source_og_title
,,https://cochraneontario.com/living/employment-opportunities,OFFICE OF THE MAYOR,validation gate failed (1/2): title_source_og_title
,,https://cochraneontario.com/living/employment-opportunities,OFFICE OF THE MAYOR,validation gate failed (1/2): title_source_og_title
,,https://cochraneontario.com/living/employment-opportunities,Bin Placement Notice,validation gate failed (1/2): title_source_og_title
,,https://cochraneontario.com/living/employment-opportunities,OFFICE OF THE MAYOR,validation gate failed (1/2): title_source_og_title
,,https://cochraneontario.com/living/employment-opportunities,OFFICE OF THE MAYOR,validation gate failed (1/2): title_source_og_title
,,https://www.espanola.ca/town-government/career-opportunities,Email Protection,validation gate failed (0/2): no signals
,,https://www.champlain.ca/job,New Website Under Construction,validation gate failed (1/2): keywords_near_title
,,https://www.champlain.ca/job,Carrière et bénévolat,validation gate failed (1/2): title_source_h1
,,https://www.dropbox.com/scl/fi/72374qo6ikt0c4jljjlc1/Job-Posting-Crossing-Guard-June-2026.pdf?rlkey=6s0ii65osmu5j5m1zpmgbgbq2&st=62q0a6fn&dl=0,Job Posting Crossing Guard June 2026,validation gate failed (1/2): url_hint
,,https://www.frontenacislands.ca/township-services/careers,Home,validation gate failed (0/2): no signals
,,https://townofmono.com/jobs,134608,validation gate failed (1/2): listing_apply_pattern
,,https://townofmono.com/jobs,Rental Rates,validation gate failed (1/2): listing_apply_pattern
,,https://www.bonnecherevalleytwp.com/careers,Municipal Staff Contact,validation gate failed (1/2): keywords_near_title
,,https://www.bonnecherevalleytwp.com/careers,News,title blocklist exact: news
,,https://www.bonnecherevalleytwp.com/careers,Events,title blocklist exact: events
,,https://www.bonnecherevalleytwp.com/careers,Business,validation gate failed (0/2): no signals
,,https://sixseeds.tv/about,Beli Samsung Galaxy Z Fold7,validation gate failed (1/2): title_source_og_title
,,https://sixseeds.tv/about,Beli Samsung Galaxy S25+,validation gate failed (1/2): title_source_og_title
,,https://sixseeds.tv/about,Beli Samsung Galaxy Tab S11 Ultra,validation gate failed (1/2): title_source_og_title
,,https://sixseeds.tv/about,Samsung Galaxy Watch Ultra,validation gate failed (1/2): title_source_og_title
,,https://sixseeds.tv/about,Fitur & Spesifikasi Samsung Galaxy Buds3 FE,validation gate failed (1/2): title_source_og_title
,,https://sixseeds.tv/about,"65"" QLED QEF1 4K Samsung Vision AI Smart TV QA65QEF1AKXXD",validation gate failed (1/2): title_source_og_title
,,https://sixseeds.tv/about,Samsung Indonesia,validation gate failed (1/2): title_source_og_title
,,https://sixseeds.tv/about,"75"" The Frame 4K Samsung Vision AI Smart TV Black",validation gate failed (1/2): title_source_og_title
,,https://sixseeds.tv/about,Cek Fitur dan Harga Samsung Soundbar Terbaru,validation gate failed (1/2): title_source_og_title
,,https://sixseeds.tv/about,"Monitor Gaming Samsung Odyssey OLED G5 27"" QHD 180Hz",validation gate failed (1/2): title_source_og_title
,,https://sixseeds.tv/about,641L Bespoke AI Refrigerator SBS Family Hub Black DOI Black Doi,validation gate failed (1/2): title_source_og_title
,,https://sixseeds.tv/about,Samsung Indonesia,validation gate failed (1/2): title_source_og_title
,,https://sixseeds.tv/about,Harga Samsung Robot Vacuum Cleaner Terbaru,validation gate failed (1/2): title_source_og_title
,,https://sixseeds.tv/about,"Daftar Harga AC Samsung Terbaru , Harga Promo",validation gate failed (1/2): title_source_og_title
,,https://sixseeds.tv/about,Cart,validation gate failed (0/2): no signals
,,https://sixseeds.tv/about,Privacy,non-job category context
,,https://sixseeds.tv/about,Mau Tahu Pola Rahasianya? Ini Daftar Link Slot777 Demo Gacor Terbaik,validation gate failed (1/2): title_source_og_title
,,https://sixseeds.tv/about,Delivery Service Tn C,non-job category context
,,https://www.grimsby.ca/media/r1fduglc/csr-parks-and-recreation_job-posting_20-april-2026.pdf,Csr Parks And Recreation Job Posting 20 April 2026,validation gate failed (1/2): pdf_role_title
,,https://workforcenow.adp.com/mascsr/default/mdf/recruitment/recruitment.html?cid=f5060f66-1f92-430e-b67b-c5e16cd9318f&ccId=19000101_000001&type=JS&lang=en_CA,Wfn Req,validation gate failed (0/2): no signals
,,https://workforcenow.adp.com/mascsr/default/mdf/recruitment/recruitment.html?cid=5d9aaa90-d2fa-4d27-afd3-61bb294d8dc9&ccId=19000101_000001&source=CC2&lang=en_CA&selectedMenuKey=CareerCenter,Wfn Req,validation gate failed (0/2): no signals
,,https://www.gordonbarrieisland.ca/jobs,Privacy,validation gate failed (0/2): no signals
,,https://recruiting.ultipro.ca/COR5107TCOG/JobBoard/256b8483-67a3-4ffb-8e82-4d76e6a94e05?q=&o=postedDateDesc,Register,validation gate failed (1/2): url_hint
,,https://elklake.ca/employment,Drinking Water,validation gate failed (0/2): no signals
,,https://elklake.ca/employment,Garbage,validation gate failed (0/2): no signals
,,https://elklake.ca/employment,Fire,validation gate failed (1/2): keywords_near_title
,,https://elklake.ca/employment,Facility,validation gate failed (0/2): no signals
,,https://elklake.ca/employment,Permit,validation gate failed (1/2): keywords_near_title
,,https://elklake.ca/employment,Index,validation gate failed (0/2): no signals
,,https://elklake.ca/employment,Index,validation gate failed (0/2): no signals
,,https://elklake.ca/employment,Index,validation gate failed (0/2): no signals
,,https://elklake.ca/employment,Heritage,validation gate failed (0/2): no signals
,,https://elklake.ca/employment,Clubs,validation gate failed (0/2): no signals
,,https://elklake.ca/employment,Library,validation gate failed (0/2): no signals
,,https://elklake.ca/employment,Playground,validation gate failed (0/2): no signals
,,https://elklake.ca/employment,Index,validation gate failed (0/2): no signals
,,https://elklake.ca/employment,Community Centre,validation gate failed (0/2): no signals
,,https://elklake.ca/employment,Jack Munroe,validation gate failed (0/2): no signals
,,https://elklake.ca/employment,Cemetery,validation gate failed (0/2): no signals
,,https://elklake.ca/employment,Worship,validation gate failed (0/2): no signals
,,https://elklake.ca/employment,Tent Trailer,validation gate failed (0/2): no signals
,,https://elklake.ca/employment,Dine,validation gate failed (0/2): no signals
,,https://elklake.ca/employment,Stay,validation gate failed (0/2): no signals
,,https://elklake.ca/employment,Reeve & Council,validation gate failed (1/2): title_source_og_title
,,https://elklake.ca/employment,Law to amend By,validation gate failed (1/2): title_source_h2
,,https://elklake.ca/employment,Agendas & Minutes,validation gate failed (1/2): title_source_og_title
,,https://elklake.ca/employment,Regular Council Meeting,validation gate failed (1/2): title_source_h2
,,https://elklake.ca/employment,Regular Council Meeting,validation gate failed (1/2): title_source_h2
,,https://elklake.ca/employment,2024 Meetings,validation gate failed (1/2): title_source_og_title
,,https://elklake.ca/employment,2023 Meeting Agendas & Minutes,validation gate failed (1/2): title_source_og_title
,,https://elklake.ca/employment,2022 Council Meeting Agendas & Minutes,validation gate failed (1/2): title_source_og_title
,,https://elklake.ca/employment,Plans & Reports,validation gate failed (1/2): title_source_og_title
,,https://elklake.ca/employment,Payments,validation gate failed (1/2): title_source_og_title
,,https://elklake.ca/employment,Contact Us,validation gate failed (1/2): title_source_og_title
,,https://elklake.ca/employment,Accessibility Statement,validation gate failed (1/2): title_source_og_title
,,https://elklake.ca/employment,Industrial,validation gate failed (0/2): no signals
,,https://elklake.ca/employment,Index,validation gate failed (0/2): no signals
,,https://elklake.ca/employment,Museum Summer Job,validation gate failed (0/2): no signals
,,https://www.hamiltontownship.ca/news/career-opportunities,Home,validation gate failed (0/2): no signals
,,https://www.hamiltontownship.ca/news/career-opportunities,Municipal Elections,validation gate failed (0/2): no signals
,,https://www.hamiltontownship.ca/news/career-opportunities,Privacy Policy,validation gate failed (1/2): title_source_og_title
,,https://www.duttondunwich.on.ca/municipal-services/employment-opportunities,Book Your Event,validation gate failed (1/2): listing_apply_pattern
,,https://www.hortontownship.ca/municipality/employment-opportunities,Calendar,validation gate failed (0/2): no signals
,,https://www.hortontownship.ca/municipality/employment-opportunities,Contact,validation gate failed (0/2): no signals
,,https://www.brighton.ca/council-government/careers-and-volunteering/current-job-opportunities,Garbage,validation gate failed (1/2): listing_apply_pattern
,,https://www.brighton.ca/council-government/careers-and-volunteering/current-job-opportunities,News,title blocklist exact: news
,,https://www.brighton.ca/council-government/careers-and-volunteering/current-job-opportunities,Recreation Culture,validation gate failed (1/2): listing_apply_pattern
,,https://www.brighton.ca/council-government/careers-and-volunteering/current-job-opportunities,Applefest,validation gate failed (1/2): listing_apply_pattern
,,https://www.deepriver.ca/careers,Contact,validation gate failed (1/2): title_source_h1
,,https://www.deepriver.ca/careers,Feedback,validation gate failed (1/2): title_source_h1
,,https://chapleaucree.ca/employment-opportunities,Employment Opportunity Gas Bar Attendant Cashier Full Time,generic title pattern
,,https://chapleaucree.ca/employment-opportunities,Employment Opportunity Gas Bar Attendant Part Time 3,generic title pattern
,,https://chapleaucree.ca/employment-opportunities,Full Time,validation gate failed (1/2): url_hint
,,https://chapleaucree.ca/employment-opportunities,Employment Opportunity Anticipatory Summer Student Employment Opportunities,generic title pattern
,,https://chapleaucree.ca/employment-opportunities,Full Time (until filled),validation gate failed (1/2): url_hint
,,https://chapleaucree.ca/employment-opportunities,FULL TIME,validation gate failed (1/2): url_hint
,,https://chapleaucree.ca/employment-opportunities,Employment Opportunity Financial Programmer Ccfn Health Centre Full Time,generic title pattern
,,https://chapleaucree.ca/employment-opportunities,Employment Opportunity Medical Drivers Casual Contract,generic title pattern
,,https://chapleaucree.ca/employment-opportunities,Weekly Pamphlet July 13 19 2026,validation gate failed (0/2): no signals
,,https://chapleaucree.ca/employment-opportunities,Weekly Pamphlet July 6 12 2026,validation gate failed (0/2): no signals
,,https://chapleaucree.ca/employment-opportunities,Weekly Pamphlet June 29 July 5 2026,validation gate failed (0/2): no signals
,,https://chapleaucree.ca/employment-opportunities,Weekly Pamphlet June 22 28 2026,validation gate failed (0/2): no signals
,,https://chapleaucree.ca/employment-opportunities,Weekly Pamphlet June 15 21 2026,validation gate failed (0/2): no signals
,,https://chapleaucree.ca/employment-opportunities,Weekly Pamphlet June 8 17 2026,validation gate failed (0/2): no signals
,,https://chapleaucree.ca/employment-opportunities,Weekly Pamphlet June 1 7 2026,validation gate failed (0/2): no signals
,,https://chapleaucree.ca/employment-opportunities,Weekly Pamphlet May 25 31 2026,validation gate failed (0/2): no signals
,,https://chapleaucree.ca/employment-opportunities,Weekly Pamphlet May 18 24 2026,validation gate failed (0/2): no signals
,,https://chapleaucree.ca/employment-opportunities,Weekly Pamphlet May 11 17 2026,validation gate failed (0/2): no signals
,,https://chapleaucree.ca/employment-opportunities,Weekly Pamphlet May 4 10 2026,validation gate failed (0/2): no signals
,,https://chapleaucree.ca/employment-opportunities,Weekly Pamphlet April 27 May 3 2026,validation gate failed (0/2): no signals
,,https://chapleaucree.ca/employment-opportunities,Weekly Pamphlet April 20 26 2026,validation gate failed (0/2): no signals
,,https://chapleaucree.ca/employment-opportunities,Weekly Pamphlet April 13 19 2026,validation gate failed (0/2): no signals
,,https://chapleaucree.ca/employment-opportunities,Weekly Pamphlet April 6 12 2026,validation gate failed (0/2): no signals
,,https://chapleaucree.ca/employment-opportunities,Weekly Pamphlet March 30 April 5 2026,validation gate failed (0/2): no signals
,,https://chapleaucree.ca/employment-opportunities,Weekly Pamphlet March 23 29 2026,validation gate failed (0/2): no signals
,,https://chapleaucree.ca/employment-opportunities,Weekly Pamphlet March 16 22 2026,validation gate failed (0/2): no signals
,,https://chapleaucree.ca/employment-opportunities,Weekly Pamphlet March 9 15 2026,validation gate failed (0/2): no signals
,,https://chapleaucree.ca/employment-opportunities,Weekly Pamphlet March 2 8 2026,validation gate failed (0/2): no signals
,,https://chapleaucree.ca/employment-opportunities,Catering Bid Trauma Griefnavigating The Storm Dinner July 23 2026 Deadline To Submit July 16 2026,validation gate failed (0/2): no signals
,,https://chapleaucree.ca/employment-opportunities,Catering Bid Family Youth Camp Grass Lake On July 18 2026 Deadline To Submit July 9 2026,validation gate failed (0/2): no signals
,,https://chapleaucree.ca/employment-opportunities,Catering Bid 11th Annual Cultural Harvest October 5 8 2026 Deadline To Submit July 24 2026,validation gate failed (0/2): no signals
,,https://chapleaucree.ca/employment-opportunities,Catering Bid Ccfn Pow Wow Feast August 9 2026 Deadline To Submit July 17 2026,validation gate failed (0/2): no signals
,,https://chapleaucree.ca/employment-opportunities,Catering Bid St Johns Indian Residential School Ceremony August 7 2026 Deadline To Submit July 16 2026,validation gate failed (0/2): no signals
,,https://chapleaucree.ca/employment-opportunities,Small Engine Repair Shop,validation gate failed (0/2): no signals
,,https://chapleaucree.ca/employment-opportunities,Chapleau Cree Autotruck,validation gate failed (0/2): no signals
,,https://www.latchford.ca/wp-content/uploads/2026/05/WTP-PW-Job-AD-May-26.pdf,WTP PW Job AD May 26,validation gate failed (1/2): pdf_role_title
,,https://www.greyhighlands.ca/news/career-opportunities,Municipality of Grey Highlands | Municipality of Grey Highlands,validation gate failed (1/2): title_source_og_title
,,https://www.greyhighlands.ca/news/career-opportunities,News | Municipality of Grey Highlands,validation gate failed (1/2): title_source_og_title
,,https://www.greyhighlands.ca/news/career-opportunities,Subscribe | Municipality of Grey Highlands,validation gate failed (1/2): title_source_og_title
,,https://www.greyhighlands.ca/news/career-opportunities,Privacy Policy,validation gate failed (1/2): title_source_og_title
,,https://www.huntsville.ca/news/careers,Accessibility,validation gate failed (1/2): keywords_near_title
,,https://www.huntsville.ca/news/careers,Privacy Policy,validation gate failed (1/2): title_source_og_title
,,https://workforcenow.adp.com/mascsr/default/mdf/recruitment/recruitment.html?cid=1b5a89ec-9b9d-4cfe-afa6-d9c2e3278d41&ccId=19000101_000001&lang=en_CA,Wfn Req,validation gate failed (0/2): no signals
,,https://www.hiltontownship.ca/job-postings,Notices,title blocklist exact: notices
,,https://recruiting.ultipro.ca/COR5100COMLB/JobBoard/6de500a3-d10c-48fb-9d33-b96b97d7d17b?q=&o=postedDateDesc,Register,validation gate failed (1/2): url_hint
,,https://www.cityofkingston.ca/careers-and-volunteering/career-opportunities/current-career-opportunities,Accountability And Transparency,validation gate failed (1/2): keywords_near_title
,,https://www.cityofkingston.ca/careers-and-volunteering/career-opportunities/current-career-opportunities,Indigenous Initiatives,validation gate failed (0/2): no signals
,,https://www.cityofkingston.ca/careers-and-volunteering/career-opportunities/current-career-opportunities,In Aquatic Programs,validation gate failed (1/2): title_source_og_title
,,https://www.cityofkingston.ca/careers-and-volunteering/career-opportunities/current-career-opportunities,Building Permits,validation gate failed (1/2): title_source_og_title
,,https://www.cityofkingston.ca/careers-and-volunteering/career-opportunities/current-career-opportunities,Business Licences,validation gate failed (1/2): title_source_og_title
,,https://www.cityofkingston.ca/careers-and-volunteering/career-opportunities/current-career-opportunities,Open Air Fire Permits,validation gate failed (1/2): title_source_og_title
,,https://www.cityofkingston.ca/careers-and-volunteering/career-opportunities/current-career-opportunities,Drop In Recreational Programs,validation gate failed (0/2): no signals
,,https://www.cityofkingston.ca/careers-and-volunteering/career-opportunities/current-career-opportunities,Garbage Bag Tags,validation gate failed (1/2): keywords_near_title
,,https://www.cityofkingston.ca/careers-and-volunteering/career-opportunities/current-career-opportunities,Pet Licences,validation gate failed (0/2): no signals
,,https://www.cityofkingston.ca/careers-and-volunteering/career-opportunities/current-career-opportunities,Property Taxes,validation gate failed (0/2): no signals
,,https://www.cityofkingston.ca/careers-and-volunteering/career-opportunities/current-career-opportunities,Pay A Parking Ticket,validation gate failed (0/2): no signals
,,https://www.cityofkingston.ca/careers-and-volunteering/career-opportunities/current-career-opportunities,Load Your Pass Online,validation gate failed (0/2): no signals
,,https://www.cityofkingston.ca/careers-and-volunteering/career-opportunities/current-career-opportunities,Month,validation gate failed (0/2): no signals
,,https://www.cityofkingston.ca/careers-and-volunteering/career-opportunities/current-career-opportunities,Collection Calendar,validation gate failed (1/2): title_source_og_title
,,https://www.cityofkingston.ca/careers-and-volunteering/career-opportunities/current-career-opportunities,Webcams | City of Kingston,validation gate failed (1/2): title_source_og_title
,,https://www.ignace.ca/town-hall/jobs-opportunities/jobs,Ignace Ojibway Nation Of New Saugeen Opp Detachment Board Meeting,validation gate failed (0/2): no signals
,,https://www.ignace.ca/town-hall/jobs-opportunities/jobs,Report An Issue,validation gate failed (1/2): keywords_near_title
,,https://www.ignace.ca/town-hall/jobs-opportunities/jobs,Events,title blocklist exact: events
,,https://www.ignace.ca/town-hall/jobs-opportunities/jobs,Documents,validation gate failed (1/2): keywords_near_title
,,https://www.ignace.ca/town-hall/jobs-opportunities/jobs,Township of Ignace - Videos,validation gate failed (1/2): title_source_og_title
,,https://www.ezt.ca/township-office/careers,Manage Subscriptions,validation gate failed (1/2): title_source_h1
,,https://www.ezt.ca/township-office/careers,Bids and Tenders,validation gate failed (1/2): title_source_h1
,,https://www.ezt.ca/township-office/careers,Building Permits,validation gate failed (1/2): keywords_near_title
,,https://www.ezt.ca/township-office/careers,Facilities And Rentals,validation gate failed (0/2): no signals
,,https://www.ezt.ca/township-office/careers,Agendas and Minutes,validation gate failed (1/2): title_source_h1
,,https://www.ezt.ca/township-office/careers,Committees and Boards,validation gate failed (1/2): title_source_h1
,,https://acwtownship.ca/government/careers,About the Community,validation gate failed (1/2): title_source_h1
,,https://acwtownship.ca/government/careers,Benmiller Ball,validation gate failed (0/2): no signals
,,https://acwtownship.ca/government/careers,Business Directory,validation gate failed (1/2): role_like_title
,,https://acwtownship.ca/government/careers,Events,title blocklist exact: events
,,https://acwtownship.ca/government/careers,Emergency Services Preparedness,validation gate failed (1/2): keywords_near_title
,,https://acwtownship.ca/government/careers,News,title blocklist exact: news
,,https://acwtownship.ca/government/careers,Recreation Facilities,validation gate failed (0/2): no signals
,,https://acwtownship.ca/government/careers,Road Closures,validation gate failed (0/2): no signals
,,https://acwtownship.ca/government/careers,Waste Recycling,validation gate failed (1/2): keywords_near_title
,,https://acwtownship.ca/government/careers,Accessibility,validation gate failed (0/2): no signals
,,https://acwtownship.ca/government/careers,Government,validation gate failed (1/2): title_source_h1
,,https://acwtownship.ca/government/careers,Government,validation gate failed (1/2): title_source_h1
,,https://acwtownship.ca/government/careers,Government,validation gate failed (1/2): title_source_h1
,,https://acwtownship.ca/government/careers,Government,validation gate failed (1/2): title_source_h1
,,https://acwtownship.ca/government/careers,Government,validation gate failed (1/2): title_source_h1
,,https://acwtownship.ca/government/careers,Government,validation gate failed (1/2): title_source_h1
,,https://acwtownship.ca/government/careers,Animal Control,validation gate failed (0/2): no signals
,,https://acwtownship.ca/government/careers,By Law Enforcement,validation gate failed (0/2): no signals
,,https://acwtownship.ca/government/careers,Civil Marriages,validation gate failed (0/2): no signals
,,https://acwtownship.ca/government/careers,Colborne Cemetery,validation gate failed (0/2): no signals
,,https://acwtownship.ca/government/careers,Commissioner Of Oaths,validation gate failed (0/2): no signals
,,https://acwtownship.ca/government/careers,Congratulatory Messages,validation gate failed (0/2): no signals
,,https://acwtownship.ca/government/careers,Contacts,validation gate failed (0/2): no signals
,,https://acwtownship.ca/government/careers,Newsletters,validation gate failed (0/2): no signals
,,https://acwtownship.ca/government/careers,Merchandise,validation gate failed (0/2): no signals
,,https://acwtownship.ca/government/careers,Public Works,validation gate failed (1/2): keywords_near_title
,,https://acwtownship.ca/government/careers,Building Construction,validation gate failed (0/2): no signals
,,https://acwtownship.ca/government/careers,Development Charges,validation gate failed (1/2): keywords_near_title
,,https://acwtownship.ca/government/careers,Guides And Resources,validation gate failed (0/2): no signals
,,https://acwtownship.ca/government/careers,Planning Development,validation gate failed (1/2): keywords_near_title
,,https://acwtownship.ca/government/careers,Septic,validation gate failed (0/2): no signals
,,https://acwtownship.ca/government/careers,Government,validation gate failed (1/2): title_source_h1
,,https://acwtownship.ca/government/careers,Government,validation gate failed (1/2): title_source_h1
,,https://acwtownship.ca/government/careers,Government,validation gate failed (1/2): title_source_h1
,,https://acwtownship.ca/government/careers,Government,validation gate failed (1/2): title_source_h1
,,https://acwtownship.ca/government/careers,Government,validation gate failed (1/2): title_source_h1
,,https://acwtownship.ca/government/careers,Government,validation gate failed (1/2): title_source_h1
,,https://acwtownship.ca/government/careers,Government,validation gate failed (1/2): title_source_h1
,,https://acwtownship.ca/government/careers,Residents,validation gate failed (0/2): no signals
,,https://acwtownship.ca/government/careers,Government,validation gate failed (1/2): title_source_h1
,,https://acwtownship.ca/government/careers,Municipal Services,validation gate failed (0/2): no signals
,,https://acwtownship.ca/government/careers,Privacy Policy,validation gate failed (0/2): no signals
,,https://www.mckellar.ca/your-township/employment-opportunities,Fire Rating,validation gate failed (1/2): title_source_h1
,,https://www.mckellar.ca/your-township/employment-opportunities,Karlee Britton,validation gate failed (1/2): title_source_h1
,,https://www.mckellar.ca/your-township/employment-opportunities,Municipal World Job Board,validation gate failed (1/2): url_hint
,,https://www.mckellar.ca/your-township/employment-opportunities,Parry Sound YMCA Job Board,validation gate failed (1/2): url_hint
,,https://recruiting.ultipro.ca/COR5002CULG/JobBoard/32c48e4b-90d1-4199-8e13-7849c2e3437c?q=&o=postedDateDesc,"Welcome , come on in!",validation gate failed (1/2): title_source_h1
,,https://www.mcmurrichmonteith.com/opportunities,McMurrich Monteith Township,validation gate failed (1/2): title_source_og_title
,,https://workforcenow.adp.com/mascsr/default/mdf/recruitment/recruitment.html?cid=04bf51f8-d2dd-4641-ba92-183522f6e8b3&ccId=19000101_000001&type=MP&lang=en_CA,Wfn Req,validation gate failed (0/2): no signals
,,https://www.huroncounty.ca/jobs,OLWN Logo 200.png,validation gate failed (0/2): no signals
,,https://www.huroncounty.ca/jobs,CCDI Employer Partner Logo Color En.png,validation gate failed (0/2): no signals
,,https://workforcenow.adp.com/mascsr/default/mdf/recruitment/recruitment.html?cid=b3dc7fb4-546d-4c57-a2f4-0ab75313ff85&ccId=19000101_000001&lang=en_CA&selectedMenuKey=CurrentOpenings,Wfn Req,validation gate failed (0/2): no signals
,,https://www.greatermadawaska.com/township/careers,Subscribe | Township of Greater Madawaska,validation gate failed (1/2): title_source_og_title
,,https://www.greatermadawaska.com/township/careers,Building Permits,validation gate failed (1/2): keywords_near_title
,,https://www.greatermadawaska.com/township/careers,Address Change,validation gate failed (0/2): no signals
,,https://www.greatermadawaska.com/township/careers,Tenders | Township of Greater Madawaska,validation gate failed (1/2): title_source_og_title
,,https://www.greatermadawaska.com/township/careers,Pay Your Parking Ticket,validation gate failed (0/2): no signals
,,https://www.greatermadawaska.com/township/careers,Agendas And Minutes,validation gate failed (1/2): keywords_near_title
,,https://www.greatermadawaska.com/township/careers,By - laws | Township of Greater Madawaska,validation gate failed (1/2): title_source_og_title
,,https://www.greatermadawaska.com/township/careers,Plans Reports And Studies,validation gate failed (0/2): no signals
,,http://biggrassy.ca/employment-opportunities,Business Development Fund,validation gate failed (1/2): title_source_h1
,,http://biggrassy.ca/employment-opportunities,Emergency Management,validation gate failed (1/2): title_source_h1
,,http://biggrassy.ca/employment-opportunities,Mishkosiminiziibiing Development Corporation (MDC),validation gate failed (1/2): title_source_h1
,,http://biggrassy.ca/employment-opportunities,Assabaska Park,validation gate failed (1/2): title_source_h1
,,http://biggrassy.ca/employment-opportunities,Band Representative Program,validation gate failed (1/2): keywords_near_title
,,http://biggrassy.ca/employment-opportunities,Jordans Principle,validation gate failed (1/2): keywords_near_title
,,http://biggrassy.ca/employment-opportunities,Prevention,validation gate failed (1/2): keywords_near_title
,,http://biggrassy.ca/employment-opportunities,Pegimigaabo School,validation gate failed (1/2): keywords_near_title
,,http://biggrassy.ca/employment-opportunities,Bulletins Notices,validation gate failed (1/2): keywords_near_title
,,http://biggrassy.ca/employment-opportunities,Library,validation gate failed (1/2): keywords_near_title
,,http://biggrassy.ca/employment-opportunities,Next Reads Book Newsletter Subscriptions,validation gate failed (1/2): keywords_near_title
,,http://biggrassy.ca/employment-opportunities,Health,validation gate failed (1/2): keywords_near_title
,,http://biggrassy.ca/employment-opportunities,Brighter Futures Healthy Lifestyles Program,validation gate failed (1/2): keywords_near_title
,,http://biggrassy.ca/employment-opportunities,Family Well Being Program,validation gate failed (1/2): keywords_near_title
,,http://biggrassy.ca/employment-opportunities,Healthy Babies Healthy Children Early Childhood,validation gate failed (1/2): keywords_near_title
,,http://biggrassy.ca/employment-opportunities,Medical Transportation Program,validation gate failed (1/2): keywords_near_title
,,http://biggrassy.ca/employment-opportunities,National Native Alcohol And Drug Abuse Program Nnadap,validation gate failed (1/2): keywords_near_title
,,http://biggrassy.ca/employment-opportunities,Events Calendar,validation gate failed (0/2): no signals
,,http://biggrassy.ca/employment-opportunities,Finance,validation gate failed (0/2): no signals
,,http://biggrassy.ca/employment-opportunities,Photos,validation gate failed (0/2): no signals
,,http://biggrassy.ca/employment-opportunities,We Are Hiring Flyer 06 03 2026.jpg,validation gate failed (0/2): no signals
,,https://www.mcdougall.ca/p/employment-opportunities,Garbage Recycling,validation gate failed (1/2): keywords_near_title
,,https://www.mcdougall.ca/p/employment-opportunities,Financial,validation gate failed (1/2): keywords_near_title
,,https://www.mcdougall.ca/p/employment-opportunities,Forms Permits Applications,validation gate failed (1/2): keywords_near_title
,,https://www.mcdougall.ca/p/employment-opportunities,Council Agendas and Minutes,validation gate failed (1/2): title_source_og_title
,,https://www.mcdougall.ca/p/employment-opportunities,Local Maps,validation gate failed (1/2): title_source_og_title
,,https://www.mcdougall.ca/p/employment-opportunities,E Service Requests And Complaints,validation gate failed (0/2): no signals
,,https://www.mcdougall.ca/p/employment-opportunities,Open Air Burning,validation gate failed (1/2): keywords_near_title
,,https://newmarket.hua.hrsmart.com/hr/ats/JobSearch/viewAll,Cross Site Request Forgery (csrf),validation gate failed (0/2): no signals
,,https://nawash.ca/employment,Casual Employment Request Form,validation gate failed (1/2): title_source_og_title
,,https://www.northkawartha.ca/media/4fcd2nmt/recruitment-package-updated-dec-2016-year-removed.pdf,Recruitment Package Updated Dec 2016 Year Removed,validation gate failed (1/2): url_hint
,,https://www.dourodummer.ca/news/employment-opportunities,Elections,validation gate failed (0/2): no signals
,,https://www.dourodummer.ca/news/employment-opportunities,Employment Opportunity Treasurer Closed,generic title pattern
,,https://www.northdumfries.ca/employment,Subscription Messaging,validation gate failed (1/2): listing_apply_pattern
,,https://www.billingstwp.ca/townhall/careers,Privacy Policy,validation gate failed (0/2): no signals
,,https://www.billingstwp.ca/townhall/careers,Cemetery,validation gate failed (0/2): no signals
,,https://www.billingstwp.ca/townhall/careers,Emergency Services,validation gate failed (1/2): keywords_near_title
,,https://www.billingstwp.ca/townhall/careers,Property Taxes,validation gate failed (0/2): no signals
,,https://www.billingstwp.ca/townhall/careers,Report A Problem,validation gate failed (1/2): keywords_near_title
,,https://www.billingstwp.ca/townhall/careers,Roads,validation gate failed (1/2): keywords_near_title
,,https://www.billingstwp.ca/townhall/careers,Seniors Active Living Program,validation gate failed (0/2): no signals
,,https://www.billingstwp.ca/townhall/careers,Waste And Recycling,validation gate failed (0/2): no signals
,,https://www.billingstwp.ca/townhall/careers,Water Services,validation gate failed (0/2): no signals
,,https://www.billingstwp.ca/townhall/careers,Art History And Culture,validation gate failed (0/2): no signals
,,https://www.billingstwp.ca/townhall/careers,Beaches Trails And Playgrounds,validation gate failed (0/2): no signals
,,https://www.billingstwp.ca/townhall/careers,Events Calendar,validation gate failed (0/2): no signals
,,https://www.billingstwp.ca/townhall/careers,Facilities And Rentals,validation gate failed (0/2): no signals
,,https://www.billingstwp.ca/townhall/careers,Library,validation gate failed (0/2): no signals
,,https://www.billingstwp.ca/townhall/careers,Marina,validation gate failed (0/2): no signals
,,https://www.billingstwp.ca/townhall/careers,Museum,validation gate failed (0/2): no signals
,,https://www.billingstwp.ca/townhall/careers,Bids And Tenders,validation gate failed (1/2): keywords_near_title
,,https://www.billingstwp.ca/townhall/careers,Building And Renovating,validation gate failed (1/2): keywords_near_title
,,https://www.billingstwp.ca/townhall/careers,Business Directory,validation gate failed (1/2): role_like_title
,,https://www.billingstwp.ca/townhall/careers,Emergency Management,validation gate failed (0/2): no signals
,,https://www.billingstwp.ca/townhall/careers,Planning And Development,validation gate failed (0/2): no signals
,,https://www.billingstwp.ca/townhall/careers,Short Term Accommodations,validation gate failed (0/2): no signals
,,https://www.billingstwp.ca/townhall/careers,Accessibility | Township of Billings,validation gate failed (1/2): title_source_og_title
,,https://www.billingstwp.ca/townhall/careers,Agendas and Minutes,validation gate failed (1/2): title_source_og_title
,,https://www.billingstwp.ca/townhall/careers,Laws and Policies,validation gate failed (1/2): title_source_og_title
,,https://www.billingstwp.ca/townhall/careers,Council,validation gate failed (0/2): no signals
,,https://www.billingstwp.ca/townhall/careers,Elections | Township of Billings,validation gate failed (1/2): title_source_og_title
,,https://www.billingstwp.ca/townhall/careers,Financial Reports,validation gate failed (1/2): title_source_og_title
,,https://www.billingstwp.ca/townhall/careers,Freedom of Information,validation gate failed (1/2): title_source_og_title
,,https://www.billingstwp.ca/townhall/careers,Monthly Newsletters,validation gate failed (1/2): title_source_og_title
,,https://www.billingstwp.ca/townhall/careers,News and Notices,validation gate failed (1/2): title_source_og_title
,,https://www.billingstwp.ca/townhall/careers,Permits and Forms,validation gate failed (1/2): title_source_og_title
,,https://www.mindenhills.ca/your-municipal-government/careers,Privacy Policy,validation gate failed (1/2): listing_apply_pattern
,,https://www.merrickville-wolford.ca/governance/career-opportunities,Agendas Minutes,validation gate failed (0/2): no signals
,,https://www.merrickville-wolford.ca/governance/career-opportunities,Community Calendar,validation gate failed (1/2): title_source_h2
,,https://www.merrickville-wolford.ca/governance/career-opportunities,Garbage And Recycling,validation gate failed (1/2): keywords_near_title
,,https://www.merrickville-wolford.ca/governance/career-opportunities,Privacy,validation gate failed (1/2): keywords_near_title
,,https://www.merrickville-wolford.ca/governance/career-opportunities,Terms,validation gate failed (1/2): keywords_near_title
,,https://workforcenow.adp.com/mascsr/default/mdf/recruitment/recruitment.html?cid=0939b7ee-dace-4f4a-8077-8b915b316ffc&ccId=19000101_000001&lang=en_CA&selectedMenuKey=CurrentOpenings,Wfn Req,validation gate failed (0/2): no signals
,,https://www.highlandseast.ca/news-and-notices?CategoryNames=Career+Opportunities&TagWhiteList=,Notices And Alerts,non-job category context
,,https://www.highlandseast.ca/news-and-notices?CategoryNames=Career+Opportunities&TagWhiteList=,Water and Sewage,validation gate failed (1/2): title_source_og_title
,,https://www.highlandseast.ca/news-and-notices?CategoryNames=Career+Opportunities&TagWhiteList=,Notice of Filming,validation gate failed (1/2): title_source_og_title
,,https://www.highlandseast.ca/news-and-notices?CategoryNames=Career+Opportunities&TagWhiteList=,Help us celebrate 25 years of Highlands East,validation gate failed (1/2): title_source_og_title
,,https://www.highlandseast.ca/news-and-notices?CategoryNames=Career+Opportunities&TagWhiteList=,General,non-job category context
,,https://www.highlandseast.ca/news-and-notices?CategoryNames=Career+Opportunities&TagWhiteList=,Are you on the voter's list? Register to vote now!,validation gate failed (1/2): title_source_og_title
,,https://www.highlandseast.ca/news-and-notices?CategoryNames=Career+Opportunities&TagWhiteList=,Election,non-job category context
,,https://www.highlandseast.ca/news-and-notices?CategoryNames=Career+Opportunities&TagWhiteList=,Celebrate Canada Day in Highlands East,validation gate failed (1/2): title_source_og_title
,,https://www.highlandseast.ca/news-and-notices?CategoryNames=Career+Opportunities&TagWhiteList=,Events And Activities,non-job category context
,,https://www.highlandseast.ca/news-and-notices?CategoryNames=Career+Opportunities&TagWhiteList=,Notice of Construction on Highway 118,validation gate failed (1/2): title_source_og_title
,,https://www.highlandseast.ca/news-and-notices?CategoryNames=Career+Opportunities&TagWhiteList=,Road Construction and Closures,validation gate failed (1/2): title_source_og_title
,,https://www.highlandseast.ca/news-and-notices?CategoryNames=Career+Opportunities&TagWhiteList=,Swimming Lessons and Pool Memberships now available,validation gate failed (1/2): title_source_og_title
,,https://www.highlandseast.ca/news-and-notices?CategoryNames=Career+Opportunities&TagWhiteList=,New Waste Disposal Site hours now in effect,validation gate failed (1/2): title_source_og_title
,,https://www.highlandseast.ca/news-and-notices?CategoryNames=Career+Opportunities&TagWhiteList=,Be Bear Wise,validation gate failed (1/2): title_source_og_title
,,https://www.highlandseast.ca/news-and-notices?CategoryNames=Career+Opportunities&TagWhiteList=,Subscribe | Municipality of Highlands East,validation gate failed (1/2): title_source_og_title
,,https://www.highlandseast.ca/news-and-notices?CategoryNames=Career+Opportunities&TagWhiteList=,Privacy Policy,non-job category context
,,https://workforcenow.adp.com/mascsr/default/mdf/recruitment/recruitment.html?cid=9f2305d4-136e-4d59-8ca5-961997f27eb5&ccId=19000101_000001&lang=en_CA&selectedMenuKey=CurrentOpenings,Wfn Req,validation gate failed (0/2): no signals
,,https://www.pickering.ca/media/s3opndsg/20260710-job-posting-museum-interpreter-fluent-in-french.pdf,20260710 Job Posting Museum Interpreter Fluent In French,validation gate failed (1/2): pdf_role_title
,,https://www.montaguetownship.ca/government/media-centre/employment-opportunities,"Council Profiles , Committees &amp ; Policies",validation gate failed (1/2): title_source_og_title
,,https://www.montaguetownship.ca/government/media-centre/employment-opportunities,Township of Montague - About,validation gate failed (1/2): title_source_og_title
,,https://www.montaguetownship.ca/government/media-centre/employment-opportunities,Garbage &amp ; Recycling,validation gate failed (1/2): title_source_og_title
,,https://www.montaguetownship.ca/government/media-centre/employment-opportunities,Public Works,validation gate failed (1/2): title_source_og_title
,,https://www.montaguetownship.ca/government/media-centre/employment-opportunities,Township of Montague - Library,validation gate failed (1/2): title_source_og_title
,,https://www.montaguetownship.ca/government/media-centre/employment-opportunities,Rosedale Hall,validation gate failed (1/2): title_source_og_title
,,https://www.kingsville.ca/local-government/work-here,Privacy Policy,non-job category context
,,https://www.kingsville.ca/local-government/work-here,Subscribe,non-job category context
,,https://www.kingsville.ca/local-government/work-here,Bids And Tenders,non-job category context
,,https://www.kingsville.ca/local-government/work-here,Entrance Encroachment Permit,non-job category context
,,https://www.kingsville.ca/local-government/work-here,Planning Application Process,non-job category context
,,https://www.kingsville.ca/local-government/work-here,Short Term Rentals,non-job category context
,,https://www.kingsville.ca/local-government/work-here,Speak At Council,non-job category context
,,https://www.kingsville.ca/local-government/work-here,Facility Rentals,non-job category context
,,https://www.kingsville.ca/local-government/work-here,Bulk Water Filling Station,non-job category context
,,https://www.kingsville.ca/local-government/work-here,Recreational Programs,non-job category context
,,https://www.kingsville.ca/local-government/work-here,Parking,non-job category context
,,https://www.kingsville.ca/local-government/work-here,Water Billing Information,non-job category context
,,https://www.kingsville.ca/local-government/work-here,Applications Licences And Permits,non-job category context
,,https://www.kingsville.ca/local-government/work-here,Tax Billing Information,non-job category context
,,https://www.kingsville.ca/local-government/work-here,By Law Enforcement,non-job category context
,,https://www.kingsville.ca/local-government/work-here,Garbage And Recycling,non-job category context
,,https://www.kingsville.ca/local-government/work-here,Request Service,non-job category context
,,https://www.kingsville.ca/local-government/work-here,Request A Flag Raising,validation gate failed (1/2): listing_apply_pattern
,,https://www.kingsville.ca/local-government/work-here,Request A Ribbon Cutting,validation gate failed (1/2): listing_apply_pattern
,,https://www.plympton-wyoming.com/media/j3youjfe/2022-2026-committee-application-special-events-committee-vacancies-fillable.pdf,2022 2026 Committee Application Special Events Committee Vacancies Fillable,validation gate failed (0/2): no signals
,,https://workforcenow.adp.com/mascsr/default/mdf/recruitment/recruitment.html?cid=58364102-bf29-4c81-ba6b-3f929ecc8fb7&ccId=9201111269085_2&lang=en_CA,Wfn Req,validation gate failed (0/2): no signals
,,https://www.perthcounty.ca/county-government/employment-opportunities,Terms Of Use Privacy And Accessibility Policy,validation gate failed (0/2): no signals
,,https://www.perthcounty.ca/county-government/employment-opportunities,Subscribe | County of Perth,validation gate failed (1/2): title_source_og_title
,,https://www.perthcounty.ca/county-government/employment-opportunities,Coalition of Inclusive Municipalities,validation gate failed (1/2): title_source_og_title
,,https://www.northstormont.ca/work-with-us,85,validation gate failed (1/2): listing_apply_pattern
,,https://www.colemantownship.ca/township_hall/employment_opportunities,Accessibility,validation gate failed (1/2): title_source_og_title
,,https://www.colemantownship.ca/township_hall/employment_opportunities,Bids and Tenders,validation gate failed (1/2): title_source_og_title
,,https://www.colemantownship.ca/township_hall/employment_opportunities,Budgets,validation gate failed (1/2): title_source_og_title
,,https://www.colemantownship.ca/township_hall/employment_opportunities,Property Taxes,validation gate failed (1/2): title_source_og_title
,,https://www.colemantownship.ca/township_hall/employment_opportunities,By Laws,title blocklist exact: by laws
,,https://www.colemantownship.ca/township_hall/employment_opportunities,Committees,validation gate failed (1/2): title_source_og_title
,,https://www.colemantownship.ca/township_hall/employment_opportunities,Contact Us,validation gate failed (1/2): title_source_og_title
,,https://www.colemantownship.ca/township_hall/employment_opportunities,Council,validation gate failed (1/2): title_source_og_title
,,https://www.colemantownship.ca/township_hall/employment_opportunities,Agendas and Minutes,validation gate failed (1/2): title_source_og_title
,,https://www.colemantownship.ca/township_hall/employment_opportunities,Council Declaration of Conflict of Interest,validation gate failed (1/2): title_source_og_title
,,https://www.colemantownship.ca/township_hall/employment_opportunities,Election,validation gate failed (1/2): title_source_og_title
,,https://www.colemantownship.ca/township_hall/employment_opportunities,Freedom of Information,validation gate failed (1/2): title_source_og_title
,,https://www.colemantownship.ca/township_hall/employment_opportunities,"Plans , Reports and Studies",validation gate failed (1/2): title_source_og_title
,,https://www.colemantownship.ca/township_hall/employment_opportunities,Emergency Services,validation gate failed (1/2): title_source_og_title
,,https://www.colemantownship.ca/township_hall/employment_opportunities,Fire Permits,validation gate failed (1/2): title_source_og_title
,,https://www.colemantownship.ca/township_hall/employment_opportunities,Garbage and Recycling,validation gate failed (1/2): title_source_og_title
,,https://www.colemantownship.ca/township_hall/employment_opportunities,Paul Penna Library,validation gate failed (0/2): no signals
,,https://www.colemantownship.ca/township_hall/employment_opportunities,Water and Sewer Services,validation gate failed (1/2): title_source_og_title
,,https://www.colemantownship.ca/township_hall/employment_opportunities,Preventing the Spread of Aquatic Invasive Species,validation gate failed (1/2): title_source_og_title
,,https://www.colemantownship.ca/township_hall/employment_opportunities,Northeastern Public Health,validation gate failed (1/2): title_source_og_title
,,https://www.colemantownship.ca/township_hall/employment_opportunities,Building and Renovating,validation gate failed (1/2): title_source_og_title
,,https://www.colemantownship.ca/township_hall/employment_opportunities,Business,validation gate failed (1/2): title_source_og_title
,,https://www.colemantownship.ca/township_hall/employment_opportunities,Municipal Properties for Sale,validation gate failed (1/2): title_source_og_title
,,https://www.colemantownship.ca/township_hall/employment_opportunities,A New Official Plan for Coleman Township,validation gate failed (1/2): title_source_og_title
,,https://www.colemantownship.ca/township_hall/employment_opportunities,Bass Lake Campground,validation gate failed (1/2): title_source_og_title
,,https://www.colemantownship.ca/township_hall/employment_opportunities,Facility Rental,validation gate failed (1/2): title_source_og_title
,,https://www.colemantownship.ca/township_hall/employment_opportunities,Facility Rental,validation gate failed (1/2): title_source_og_title
,,https://www.colemantownship.ca/township_hall/employment_opportunities,Heritage Silver Trail,validation gate failed (0/2): no signals
,,https://www.colemantownship.ca/township_hall/employment_opportunities,Nastawgan Trails Inc,validation gate failed (0/2): no signals
,,https://www.colemantownship.ca/township_hall/employment_opportunities,Temiskaming Nordic,validation gate failed (0/2): no signals
,,https://www.colemantownship.ca/township_hall/employment_opportunities,Tri Town Sno Travellers,validation gate failed (0/2): no signals
,,https://www.colemantownship.ca/township_hall/employment_opportunities,Upcoming Events,validation gate failed (1/2): title_source_og_title
,,https://www.oconnortownship.ca/municipal-office/careers,Fire Department,validation gate failed (1/2): keywords_near_title
,,https://www.oconnortownship.ca/municipal-office/careers,Be Prepared Emergency,validation gate failed (1/2): keywords_near_title
,,https://www.oconnortownship.ca/municipal-office/careers,Eventscalendar,validation gate failed (0/2): no signals
,,https://www.oconnortownship.ca/municipal-office/careers,NorWest Community Health Centres,validation gate failed (1/2): title_source_og_title
,,https://www.oconnortownship.ca/municipal-office/careers,Oconnor Township History Book,validation gate failed (1/2): keywords_near_title
,,https://www.oconnortownship.ca/municipal-office/careers,The Cornerstone,validation gate failed (1/2): keywords_near_title
,,https://www.oconnortownship.ca/municipal-office/careers,Property Taxes,validation gate failed (1/2): keywords_near_title
,,https://www.oconnortownship.ca/municipal-office/careers,Roads Department,validation gate failed (1/2): keywords_near_title
,,https://www.oconnortownship.ca/municipal-office/careers,Smoke Alarms,validation gate failed (1/2): keywords_near_title
,,https://recruiting.ultipro.ca/TOW5103TORL/JobBoard/bdfdfd4d-71a2-4d16-b666-de17f169c72b,Register,validation gate failed (1/2): url_hint
,,http://www.niagararegion.ca/government/hr/careers/jobs.aspx,"Garbage , Recycling and Organics",validation gate failed (1/2): title_source_h1
,,http://www.niagararegion.ca/government/hr/careers/jobs.aspx,Public Health,validation gate failed (1/2): title_source_h1
,,http://www.niagararegion.ca/government/hr/careers/jobs.aspx,Bid Opportunities,validation gate failed (1/2): title_source_h1
,,http://www.niagararegion.ca/government/hr/careers/jobs.aspx,Search niagararegion.ca,validation gate failed (1/2): title_source_h1
,,http://www.niagararegion.ca/government/hr/careers/jobs.aspx,Doing Business with Niagara Region,validation gate failed (1/2): title_source_h1
,,http://www.niagararegion.ca/government/hr/careers/jobs.aspx,"Garbage , Recycling and Organics",validation gate failed (1/2): title_source_h1
,,http://www.niagararegion.ca/government/hr/careers/jobs.aspx,Public Health,validation gate failed (1/2): title_source_h1
,,http://www.niagararegion.ca/government/hr/careers/jobs.aspx,Default,validation gate failed (1/2): keywords_near_title
,,http://www.niagararegion.ca/government/hr/careers/jobs.aspx,Provincial Offences Court,validation gate failed (1/2): title_source_h1
,,http://www.niagararegion.ca/government/hr/careers/jobs.aspx,Seniors Services,validation gate failed (1/2): title_source_h1
,,http://www.niagararegion.ca/government/hr/careers/jobs.aspx,"Transit , Roads , Maps and Trails",validation gate failed (1/2): title_source_h1
,,http://www.niagararegion.ca/government/hr/careers/jobs.aspx,Water and Wastewater,validation gate failed (1/2): title_source_h1
,,https://www.severn.ca/media/yhsh1t5n/firefighter-recruitment-application-2024.pdf,Firefighter Recruitment Application 2024,validation gate failed (0/2): no signals
,,https://www.nipigon.net/invest-grow/business-development/employment-opportunities,Index,validation gate failed (0/2): no signals
,,https://www.nipigon.net/invest-grow/business-development/employment-opportunities,3219,validation gate failed (0/2): no signals
,,https://www.nipigon.net/invest-grow/business-development/employment-opportunities,Meeting Schedule,validation gate failed (1/2): title_source_og_title
,,https://www.nipigon.net/invest-grow/business-development/employment-opportunities,251327611787057,validation gate failed (1/2): keywords_near_title
,,https://www.nipigon.net/invest-grow/business-development/employment-opportunities,Be Bear Wise and prevent bear encounters,validation gate failed (1/2): title_source_og_title
,,https://www.rideaulakes.ca/town-hall/services/employment-opportunities,4ef 55d 9a 0ce 84833bd 698f 5c 3226dd 42,validation gate failed (1/2): listing_apply_pattern
,,https://www.snnf.ca/living-in-snnf/career-opportunities,Living In Snnf,validation gate failed (0/2): no signals
,,https://www.smithsfalls.ca/careers,Privacy Policy,validation gate failed (0/2): no signals
,,https://saugeenfirstnation.com/employment-opportunities,Finance Department,validation gate failed (1/2): keywords_near_title
,,https://saugeenfirstnation.com/employment-opportunities,Governance & Strategic Initiatives,validation gate failed (1/2): title_source_og_title
,,https://saugeenfirstnation.com/employment-opportunities,Lands Management And Leasing,validation gate failed (1/2): keywords_near_title
,,https://saugeenfirstnation.com/employment-opportunities,Mino Bimadsawin Health Centre Aboriginal Healthy Babies Healthy Children A H B H C,validation gate failed (0/2): no signals
,,https://saugeenfirstnation.com/employment-opportunities,Mino Bimadsawin Health Centre Building Healthy Communities,validation gate failed (1/2): keywords_near_title
,,https://saugeenfirstnation.com/employment-opportunities,Community Health Nurse (CHN),validation gate failed (1/2): title_source_og_title
,,https://saugeenfirstnation.com/employment-opportunities,Community Health Representative (CHR),validation gate failed (1/2): title_source_og_title
,,https://saugeenfirstnation.com/employment-opportunities,Counsellor & Youth Life Promotions,validation gate failed (1/2): role_like_title
,,https://saugeenfirstnation.com/employment-opportunities,Family Support Worker,validation gate failed (1/2): role_like_title
,,https://saugeenfirstnation.com/employment-opportunities,Mino Bimadsawin Health Centre Family Wellness Program,validation gate failed (0/2): no signals
,,https://saugeenfirstnation.com/employment-opportunities,Mino Bimadsawin Health Centre Home And Community Care,validation gate failed (1/2): keywords_near_title
,,https://saugeenfirstnation.com/employment-opportunities,Interprofessional Care Team,validation gate failed (0/2): no signals
,,https://saugeenfirstnation.com/employment-opportunities,Mino Bimadsawin Health Centre Maternal Child Health Nurse Mchn,validation gate failed (0/2): no signals
,,https://saugeenfirstnation.com/employment-opportunities,Medical Transportation,validation gate failed (1/2): title_source_og_title
,,https://saugeenfirstnation.com/employment-opportunities,Mino Bimadsawin Health Centre National Native Alcohol And Drug Abuse Program Nnadap,validation gate failed (0/2): no signals
,,https://saugeenfirstnation.com/employment-opportunities,Daycares Binoojiinh Gamig,validation gate failed (0/2): no signals
,,https://saugeenfirstnation.com/employment-opportunities,G’Shawdagawin,validation gate failed (1/2): title_source_og_title
,,https://saugeenfirstnation.com/employment-opportunities,Public Library,validation gate failed (0/2): no signals
,,https://saugeenfirstnation.com/employment-opportunities,Wastemanagement,validation gate failed (1/2): keywords_near_title
,,https://saugeenfirstnation.com/employment-opportunities,Water Works Department,validation gate failed (1/2): keywords_near_title
,,https://saugeenfirstnation.com/employment-opportunities,2026 August Election Notice,validation gate failed (1/2): title_source_og_title
,,https://saugeenfirstnation.com/employment-opportunities,Committee Members Needed!,validation gate failed (1/2): title_source_og_title
,,https://saugeenfirstnation.com/employment-opportunities,Community Engagement Survey Results,validation gate failed (1/2): title_source_og_title
,,https://saugeenfirstnation.com/employment-opportunities,Events Calendar,validation gate failed (0/2): no signals
,,https://saugeenfirstnation.com/employment-opportunities,Daycare Consolidation of Operations & Enrolment Pause,validation gate failed (1/2): title_source_og_title
,,https://saugeenfirstnation.com/employment-opportunities,Dog Safety and Control Measures,validation gate failed (1/2): title_source_og_title
,,https://www.sdgcounties.ca/work-with-us,Transportation,non-job category context
,,https://www.sdgcounties.ca/work-with-us,Court Services,non-job category context
,,https://www.sdgcounties.ca/work-with-us,23,validation gate failed (0/2): no signals
,,https://www.sdgcounties.ca/work-with-us,Our Council & Committees,validation gate failed (1/2): title_source_h1
,,https://www.mycallander.ca/en/local-government/careers,Building,validation gate failed (0/2): no signals
,,https://www.mycallander.ca/en/local-government/careers,Fire Police Emergency Services,validation gate failed (0/2): no signals
,,https://www.mycallander.ca/en/local-government/careers,Planning Zoning,validation gate failed (0/2): no signals
,,https://www.mycallander.ca/en/local-government/careers,Events,title blocklist exact: events
,,https://www.mycallander.ca/en/local-government/careers,Parks Facilities,validation gate failed (0/2): no signals
,,https://www.mycallander.ca/en/local-government/careers,Policies By Laws,validation gate failed (0/2): no signals
,,https://www.mycallander.ca/en/local-government/careers,Tenders Procurement,validation gate failed (0/2): no signals
,,https://www.mycallander.ca/en/local-government/careers,Garbage Recycling,validation gate failed (0/2): no signals
,,https://www.mycallander.ca/en/local-government/careers,Property Taxes,validation gate failed (0/2): no signals
,,https://www.mycallander.ca/en/local-government/careers,Water Sewage,validation gate failed (0/2): no signals
,,https://www.mycallander.ca/en/local-government/careers,Animal Control,validation gate failed (0/2): no signals
,,https://www.mycallander.ca/en/local-government/careers,Contact Us,validation gate failed (0/2): no signals
,,https://www.mycallander.ca/en/local-government/careers,Recreation,validation gate failed (0/2): no signals
,,https://www.mycallander.ca/en/local-government/careers,Facility Rentals,validation gate failed (0/2): no signals
,,https://www.mycallander.ca/en/local-government/careers,Service,validation gate failed (0/2): no signals
,,https://www.mycallander.ca/en/local-government/careers,Forms Permits Applications,validation gate failed (0/2): no signals
,,https://www.mycallander.ca/en/local-government/careers,Fire Rating,validation gate failed (0/2): no signals
,,https://www.mycallander.ca/en/local-government/careers,Default,validation gate failed (0/2): no signals
,,https://www.mycallander.ca/en/local-government/careers,Beach Lake And Pool Water,validation gate failed (0/2): no signals
,,https://www.mycallander.ca/en/local-government/careers,Accessibility,validation gate failed (0/2): no signals
,,https://www.mycallander.ca/en/local-government/careers,News Alerts,validation gate failed (0/2): no signals
,,https://www.mycallander.ca/en/local-government/careers,Search,validation gate failed (0/2): no signals
,,https://mcgarry.ca/employment-opportunities,Index,validation gate failed (1/2): keywords_near_title
,,https://mcgarry.ca/employment-opportunities,Index,validation gate failed (1/2): keywords_near_title
,,https://mcgarry.ca/employment-opportunities,Index,validation gate failed (1/2): keywords_near_title
,,https://mcgarry.ca/employment-opportunities,Community Calendar,validation gate failed (1/2): title_source_og_title
,,https://mcgarry.ca/employment-opportunities,Animal Control,validation gate failed (1/2): keywords_near_title
,,https://mcgarry.ca/employment-opportunities,Index,validation gate failed (1/2): keywords_near_title
,,https://mcgarry.ca/employment-opportunities,Residents Visitorsemergency Planning,validation gate failed (0/2): no signals
,,https://mcgarry.ca/employment-opportunities,Residents Visitorsfacilities And Rentals,validation gate failed (1/2): keywords_near_title
,,https://mcgarry.ca/employment-opportunities,Fire Department,validation gate failed (1/2): keywords_near_title
,,https://mcgarry.ca/employment-opportunities,Residents Visitorsgarbage And Recycling,validation gate failed (1/2): keywords_near_title
,,https://mcgarry.ca/employment-opportunities,Residents Visitorshealth And Wellness,validation gate failed (1/2): keywords_near_title
,,https://mcgarry.ca/employment-opportunities,Residents Visitorsintegrity Commissioner,validation gate failed (1/2): keywords_near_title
,,https://mcgarry.ca/employment-opportunities,Residents Visitorslibrary,validation gate failed (1/2): keywords_near_title
,,https://mcgarry.ca/employment-opportunities,Residents Visitorsmarina,validation gate failed (1/2): keywords_near_title
,,https://mcgarry.ca/employment-opportunities,Residents Visitorswater And Sewer,validation gate failed (1/2): keywords_near_title
,,https://mcgarry.ca/employment-opportunities,Residents Visitorsreal Estate,validation gate failed (1/2): keywords_near_title
,,https://mcgarry.ca/employment-opportunities,Residents Visitorsreport An Issue,validation gate failed (1/2): keywords_near_title
,,https://mcgarry.ca/employment-opportunities,Public Notices,validation gate failed (1/2): title_source_og_title
,,https://mcgarry.ca/employment-opportunities,Road Closures,validation gate failed (1/2): title_source_og_title
,,https://mcgarry.ca/employment-opportunities,Newsletters,validation gate failed (1/2): title_source_og_title
,,https://mcgarry.ca/employment-opportunities,Index,validation gate failed (1/2): keywords_near_title
,,https://mcgarry.ca/employment-opportunities,Council,validation gate failed (0/2): no signals
,,https://mcgarry.ca/employment-opportunities,Council Members and Mayor,validation gate failed (1/2): title_source_og_title
,,https://mcgarry.ca/employment-opportunities,Council Committeesspeaking Before Council,validation gate failed (0/2): no signals
,,https://mcgarry.ca/employment-opportunities,Council Committees Regular Council Meetings Mid,validation gate failed (0/2): no signals
,,https://mcgarry.ca/employment-opportunities,Regular Council Meeting Database,validation gate failed (1/2): title_source_og_title
,,https://mcgarry.ca/employment-opportunities,Council Committees Special Council Meetings Mid,validation gate failed (0/2): no signals
,,https://mcgarry.ca/employment-opportunities,Special Committee Database,validation gate failed (1/2): title_source_og_title
,,https://mcgarry.ca/employment-opportunities,Council Committeesappeals Committee,validation gate failed (0/2): no signals
,,https://mcgarry.ca/employment-opportunities,Communication Committee,validation gate failed (1/2): title_source_og_title
,,https://mcgarry.ca/employment-opportunities,Communication Committee Meeting Database,validation gate failed (1/2): title_source_og_title
,,https://mcgarry.ca/employment-opportunities,Community Policing Committee,validation gate failed (1/2): title_source_og_title
,,https://mcgarry.ca/employment-opportunities,Community Policing Database,validation gate failed (1/2): title_source_og_title
,,https://mcgarry.ca/employment-opportunities,Council Committeesemergency Management Program Committee,validation gate failed (1/2): keywords_near_title
,,https://mcgarry.ca/employment-opportunities,Emergency Management Program Committee Database,validation gate failed (1/2): title_source_og_title
,,https://mcgarry.ca/employment-opportunities,Council Committeesproperty Standards Committee,validation gate failed (0/2): no signals
,,https://mcgarry.ca/employment-opportunities,Property Standards Committee Database,validation gate failed (1/2): title_source_og_title
,,https://mcgarry.ca/employment-opportunities,Council Committeesrecreation Committee,validation gate failed (0/2): no signals
,,https://mcgarry.ca/employment-opportunities,Recreation Committee Database,validation gate failed (1/2): title_source_og_title
,,https://mcgarry.ca/employment-opportunities,Strategic Planning Committee,validation gate failed (1/2): title_source_og_title
,,https://mcgarry.ca/employment-opportunities,Strategic Planning Database,validation gate failed (1/2): title_source_og_title
,,https://mcgarry.ca/employment-opportunities,Tourist Committee,validation gate failed (1/2): title_source_og_title
,,https://mcgarry.ca/employment-opportunities,Tourist Committee Database,validation gate failed (1/2): title_source_og_title
,,https://mcgarry.ca/employment-opportunities,Contact Us,validation gate failed (1/2): title_source_og_title
,,https://mcgarry.ca/employment-opportunities,Defaultmonth,validation gate failed (0/2): no signals
,,https://mcgarry.ca/employment-opportunities,Accessibility,validation gate failed (1/2): title_source_og_title
,,https://mcgarry.ca/employment-opportunities,Asset Management,validation gate failed (1/2): title_source_og_title
,,https://mcgarry.ca/employment-opportunities,Council,validation gate failed (1/2): title_source_og_title
,,https://mcgarry.ca/employment-opportunities,Index,validation gate failed (1/2): keywords_near_title
,,https://mcgarry.ca/employment-opportunities,Freedom of Information,validation gate failed (1/2): title_source_og_title
,,https://mcgarry.ca/employment-opportunities,Budget and Finances,validation gate failed (1/2): title_source_og_title
,,https://mcgarry.ca/employment-opportunities,Property Assessment,validation gate failed (1/2): title_source_og_title
,,https://mcgarry.ca/employment-opportunities,Property Assessment,validation gate failed (1/2): title_source_og_title
,,https://mcgarry.ca/employment-opportunities,Tax Rates,validation gate failed (1/2): title_source_og_title
,,https://mcgarry.ca/employment-opportunities,Log in or register as a new user,validation gate failed (1/2): title_source_h2
,,https://mcgarry.ca/employment-opportunities,Minor Variances,validation gate failed (1/2): title_source_og_title
,,https://mcgarry.ca/employment-opportunities,Zoning,validation gate failed (1/2): title_source_og_title
,,https://mcgarry.ca/employment-opportunities,Laws and Policies,validation gate failed (1/2): title_source_og_title
,,https://mcgarry.ca/employment-opportunities,"Permits , Forms and Licences",validation gate failed (1/2): title_source_og_title
,,https://mcgarry.ca/employment-opportunities,"Plans , Reports and Studies",validation gate failed (1/2): title_source_og_title
,,https://mcgarry.ca/employment-opportunities,Contact Us,validation gate failed (1/2): title_source_og_title
,,https://mcgarry.ca/employment-opportunities,Emergency Contact,validation gate failed (1/2): title_source_og_title
,,https://mcgarry.ca/employment-opportunities,Freedom Information And Protection Privacy Manual,validation gate failed (1/2): keywords_near_title
,,https://www.centrehastings.com/our-municipality/careers,For Candidates,validation gate failed (1/2): keywords_near_title
,,https://www.centrehastings.com/our-municipality/careers,News And Notices,validation gate failed (0/2): no signals
,,https://www.centrehastings.com/our-municipality/careers,Transportation Department,validation gate failed (1/2): keywords_near_title
,,https://www.centrehastings.com/our-municipality/careers,Improving Pedestrian Safety On Durham Street South Working Together For A Safer Walkable Downtown,validation gate failed (0/2): no signals
,,https://www.centrehastings.com/our-municipality/careers,Madoc Water Wastewater And Stormwater Master Plan,validation gate failed (0/2): no signals
,,https://www.centrehastings.com/our-municipality/careers,Cemetery,validation gate failed (1/2): keywords_near_title
,,https://www.picriver.com/,Biigtigong Nishnaabeg,validation gate failed (1/2): title_source_og_title
,,https://www.picriver.com/,Consultations,non-job category context
,,https://www.picriver.com/,Departments,non-job category context
,,https://www.picriver.com/,Biigtigong Nishnaabeg,validation gate failed (1/2): title_source_og_title
,,https://www.picriver.com/,Atv Safety Aps,non-job category context
,,https://www.picriver.com/,Biigtigong Nishnaabeg Statement On Appeal Of Annuities Decision,non-job category context
,,https://www.picriver.com/,Press Release Landore Resources Reconciliation In Action With Local First Nation,non-job category context
,,https://www.picriver.com/,Whats New,non-job category context
,,https://www.picriver.com/,Calendar,non-job category context
,,https://www.picriver.com/,Register,non-job category context
,,https://www.southdundas.com/municipal-centre/job-opportunities,Garbage Recycling,validation gate failed (0/2): no signals
,,https://www.southdundas.com/municipal-centre/job-opportunities,Contact Us,validation gate failed (0/2): no signals
,,https://www.southdundas.com/municipal-centre/job-opportunities,Parkuse,validation gate failed (0/2): no signals
,,https://www.siouxlookout.ca/join-our-team,Email Protection,validation gate failed (1/2): listing_apply_pattern
,,https://www.strongtownship.com/local-government/employment-opportunities,Privacy Policy,validation gate failed (1/2): title_source_og_title
,,https://www.strongtownship.com/local-government/employment-opportunities,90m 56,validation gate failed (1/2): keywords_near_title
,,https://www.temiskamingshores.ca/media/sq1liz4c/recruitment_selection_and_hiring_policy.pdf,Recruitment Selection And Hiring Policy,validation gate failed (1/2): url_hint
,,https://recruiting.ultipro.ca/MID5003MIRO/JobBoard/f7856d33-0f8f-4e61-813d-475b72891935?q=&o=postedDateDesc,Register,validation gate failed (1/2): url_hint
,,https://www.oxfordcounty.ca/careers,Contact Us,validation gate failed (1/2): listing_apply_pattern
,,https://www.oxfordcounty.ca/careers,Report Waste Management Service Issues,validation gate failed (1/2): listing_apply_pattern
,,https://www.oxfordcounty.ca/careers,Report Potholes To Help Keep Oxford County Roads Safe,validation gate failed (1/2): listing_apply_pattern
,,https://www.oxfordcounty.ca/careers,Water Wastewater,validation gate failed (1/2): listing_apply_pattern
,,https://www.oxfordcounty.ca/careers,Customer Feedback,validation gate failed (1/2): listing_apply_pattern
,,https://www.oxfordcounty.ca/careers,Child Care Fee Subsidy,validation gate failed (1/2): listing_apply_pattern
,,https://www.oxfordcounty.ca/careers,Bids And Tenders,validation gate failed (1/2): listing_apply_pattern
,,https://www.oxfordcounty.ca/careers,Fines Provincial Offences,validation gate failed (1/2): listing_apply_pattern
,,https://www.oxfordcounty.ca/careers,Ios,validation gate failed (1/2): listing_apply_pattern
,,https://www.oxfordcounty.ca/careers,Android,validation gate failed (1/2): listing_apply_pattern
,,https://www.sundridge.ca/jobs,Accessibility,validation gate failed (0/2): no signals
,,https://www.sundridge.ca/jobs,Phone Directory,validation gate failed (1/2): role_like_title
,,https://www.sundridge.ca/jobs,90m 56,validation gate failed (1/2): keywords_near_title
,,https://www.sundridge.ca/jobs,Privacy,validation gate failed (0/2): no signals
,,https://recruiting.ultipro.ca/COR5005CTOS/JobBoard/0978b5bd-56c3-4da2-b794-f846e3f339a3,"Welcome , come on in!",validation gate failed (1/2): title_source_h1
,,https://www.oilsprings.ca/municipal-office/employment-opportunities,The Village of Oil Springs,validation gate failed (1/2): title_source_og_title
,,https://www.oilsprings.ca/municipal-office/employment-opportunities,The Village of Oil Springs,validation gate failed (1/2): title_source_og_title
,,https://www.oilsprings.ca/municipal-office/employment-opportunities,The Village of Oil Springs,validation gate failed (1/2): title_source_og_title
,,https://www.oilsprings.ca/municipal-office/employment-opportunities,Oil Springs Cemetery Committee,validation gate failed (1/2): title_source_og_title
,,https://www.oilsprings.ca/municipal-office/employment-opportunities,Parks and Recreation Committee,validation gate failed (1/2): title_source_og_title
,,https://www.oilsprings.ca/municipal-office/employment-opportunities,The Village of Oil Springs,validation gate failed (1/2): title_source_og_title
,,https://www.oilsprings.ca/municipal-office/employment-opportunities,The Village of Oil Springs,validation gate failed (1/2): title_source_og_title
,,https://www.oilsprings.ca/municipal-office/employment-opportunities,The Village of Oil Springs,validation gate failed (1/2): title_source_og_title
,,https://www.oilsprings.ca/municipal-office/employment-opportunities,The Village of Oil Springs,validation gate failed (1/2): title_source_og_title
,,https://www.oilsprings.ca/municipal-office/employment-opportunities,Energy Consumption and Greenhouse Gas Emissions (BPS Reporting),validation gate failed (1/2): title_source_og_title
,,https://www.oilsprings.ca/municipal-office/employment-opportunities,The Village of Oil Springs,validation gate failed (1/2): title_source_og_title
,,https://www.oilsprings.ca/municipal-office/employment-opportunities,The Village of Oil Springs,validation gate failed (1/2): title_source_og_title
,,https://www.oilsprings.ca/municipal-office/employment-opportunities,The Village of Oil Springs,validation gate failed (1/2): title_source_og_title
,,https://www.oilsprings.ca/municipal-office/employment-opportunities,Water Sewer,validation gate failed (0/2): no signals
,,https://www.oilsprings.ca/municipal-office/employment-opportunities,The Village of Oil Springs,validation gate failed (1/2): title_source_og_title
,,https://www.oilsprings.ca/municipal-office/employment-opportunities,The Village of Oil Springs,validation gate failed (1/2): title_source_og_title
,,https://www.oilsprings.ca/municipal-office/employment-opportunities,The Village of Oil Springs,validation gate failed (1/2): title_source_og_title
,,https://www.oilsprings.ca/municipal-office/employment-opportunities,The Village of Oil Springs,validation gate failed (1/2): title_source_og_title
,,https://www.oilsprings.ca/municipal-office/employment-opportunities,Integrity Commissioner,validation gate failed (0/2): no signals
,,https://www.oilsprings.ca/municipal-office/employment-opportunities,The Village of Oil Springs,validation gate failed (1/2): title_source_og_title
,,https://www.oilsprings.ca/municipal-office/employment-opportunities,The Village of Oil Springs,validation gate failed (1/2): title_source_og_title
,,https://www.oilsprings.ca/municipal-office/employment-opportunities,The Village of Oil Springs,validation gate failed (1/2): title_source_og_title
,,https://www.oilsprings.ca/municipal-office/employment-opportunities,Contact Us,validation gate failed (0/2): no signals
,,https://www.jobillico.com/en/employers/prescott-russell.mVraTu/view-all-jobs,The most extensive job network,validation gate failed (1/2): title_source_og_title
,,https://www.jobillico.com/en/employers/prescott-russell.mVraTu/view-all-jobs,Search by province,validation gate failed (1/2): title_source_h1
,,https://www.jobillico.com/en/employers/prescott-russell.mVraTu/view-all-jobs,Search by profession,validation gate failed (1/2): title_source_h1
,,https://www.jobillico.com/en/employers/prescott-russell.mVraTu/view-all-jobs,Search by industry,validation gate failed (1/2): title_source_h1
,,https://www.jobillico.com/en/employers/prescott-russell.mVraTu/view-all-jobs,Sign in at Jobillico,validation gate failed (1/2): title_source_h1
,,https://www.jobillico.com/en/employers/prescott-russell.mVraTu/view-all-jobs,Google Maps,validation gate failed (1/2): title_source_og_title
,,https://www.jobillico.com/en/employers/prescott-russell.mVraTu/view-all-jobs,Sign in at Jobillico,validation gate failed (1/2): title_source_h1
,,https://www.jobillico.com/en/employers/prescott-russell.mVraTu/view-all-jobs,Cookies and Tracking Technologies,validation gate failed (1/2): title_source_h1
,,https://www.jobillico.com/en/employers/prescott-russell.mVraTu/view-all-jobs,Forgot your password?,validation gate failed (1/2): title_source_h1
,,https://www.jobillico.com/en/employers/prescott-russell.mVraTu/view-all-jobs,Companies in Canada,validation gate failed (1/2): title_source_h1
,,https://www.jobillico.com/en/employers/prescott-russell.mVraTu/view-all-jobs,Partners,validation gate failed (1/2): title_source_h1
,,https://www.tillsonburg.ca/town-hall/jobs,"Accessibility for Ontarians with Disabilities Act , 2005 , S.O. 2005 , c. 11",validation gate failed (1/2): title_source_og_title
,,https://www.tillsonburg.ca/town-hall/jobs,Contact Us Form,validation gate failed (1/2): title_source_og_title
,,https://www.thorold.ca/council-administration/jobs,Privacy Policy,validation gate failed (0/2): no signals
,,https://www.thorold.ca/council-administration/jobs,Subscribe,validation gate failed (0/2): no signals
,,https://mulmur.ca/work/employment,Animal Services,validation gate failed (0/2): no signals
,,https://mulmur.ca/work/employment,Better Homes In Dufferin,validation gate failed (0/2): no signals
,,https://mulmur.ca/work/employment,Cemeteries,validation gate failed (0/2): no signals
,,https://mulmur.ca/work/employment,Common Questions,validation gate failed (1/2): keywords_near_title
,,https://mulmur.ca/work/employment,Community Safety And Well Being,validation gate failed (0/2): no signals
,,https://mulmur.ca/work/employment,Fire,validation gate failed (1/2): keywords_near_title
,,https://mulmur.ca/work/employment,Emergency Preparedness,validation gate failed (0/2): no signals
,,https://mulmur.ca/work/employment,Fireworks,validation gate failed (0/2): no signals
,,https://mulmur.ca/work/employment,News,title blocklist exact: news
,,https://mulmur.ca/work/employment,Livestock Valuers Fence Viewers,validation gate failed (1/2): keywords_near_title
,,https://mulmur.ca/work/employment,Mansfield Water,validation gate failed (0/2): no signals
,,https://mulmur.ca/work/employment,Property Taxes,validation gate failed (1/2): keywords_near_title
,,https://mulmur.ca/work/employment,Seniors Services,validation gate failed (0/2): no signals
,,https://mulmur.ca/work/employment,Tree Program,validation gate failed (0/2): no signals
,,https://mulmur.ca/work/employment,User Fees And Charges,validation gate failed (0/2): no signals
,,https://mulmur.ca/work/employment,Waste Management,validation gate failed (0/2): no signals
,,https://mulmur.ca/work/employment,Wildlife,validation gate failed (1/2): keywords_near_title
,,https://mulmur.ca/work/employment,Recreation,validation gate failed (1/2): title_source_h1
,,https://mulmur.ca/work/employment,Honeywood Arena,validation gate failed (0/2): no signals
,,https://mulmur.ca/work/employment,Mansfield Outdoor Centre,validation gate failed (0/2): no signals
,,https://mulmur.ca/work/employment,Recreation,validation gate failed (1/2): title_source_h1
,,https://mulmur.ca/work/employment,Pickleball,validation gate failed (0/2): no signals
,,https://mulmur.ca/work/employment,Recreation,validation gate failed (1/2): title_source_h1
,,https://mulmur.ca/work/employment,Recreation,validation gate failed (1/2): title_source_h1
,,https://mulmur.ca/work/employment,Arts And Culture,validation gate failed (0/2): no signals
,,https://mulmur.ca/work/employment,Events,title blocklist exact: events
,,https://mulmur.ca/work/employment,Heritage,validation gate failed (0/2): no signals
,,https://mulmur.ca/work/employment,Library Locations,validation gate failed (0/2): no signals
,,https://mulmur.ca/work/employment,Maps,validation gate failed (0/2): no signals
,,https://mulmur.ca/work/employment,Mulmur 175,validation gate failed (0/2): no signals
,,https://mulmur.ca/work/employment,Fore Honeywood,validation gate failed (0/2): no signals
,,https://mulmur.ca/work/employment,Jim Cuddy Jamboree 2026,validation gate failed (0/2): no signals
,,https://mulmur.ca/work/employment,Current Proposals,validation gate failed (0/2): no signals
,,https://mulmur.ca/work/employment,Development Charges,validation gate failed (1/2): keywords_near_title
,,https://mulmur.ca/work/employment,Official Plan,validation gate failed (0/2): no signals
,,https://mulmur.ca/work/employment,Niagara Escarpment Plan Area,validation gate failed (0/2): no signals
,,https://mulmur.ca/work/employment,Nottawasaga Valley Conservation Authority,validation gate failed (0/2): no signals
,,https://mulmur.ca/work/employment,Planning,validation gate failed (0/2): no signals
,,https://mulmur.ca/work/employment,Site Plan Control,validation gate failed (0/2): no signals
,,https://mulmur.ca/work/employment,Zoning By Law,validation gate failed (1/2): keywords_near_title
,,https://mulmur.ca/work/employment,Work,validation gate failed (1/2): title_source_h1
,,https://mulmur.ca/work/employment,Work,validation gate failed (1/2): title_source_h1
,,https://mulmur.ca/work/employment,Work,validation gate failed (1/2): title_source_h1
,,https://mulmur.ca/work/employment,Work,validation gate failed (1/2): title_source_h1
,,https://mulmur.ca/work/employment,Work,validation gate failed (1/2): title_source_h1
,,https://mulmur.ca/work/employment,Work,validation gate failed (1/2): title_source_h1
,,https://mulmur.ca/work/employment,Accessibility,validation gate failed (0/2): no signals
,,https://mulmur.ca/work/employment,Agendas Minutes,validation gate failed (0/2): no signals
,,https://mulmur.ca/work/employment,Asset Management Plan,validation gate failed (1/2): keywords_near_title
,,https://mulmur.ca/work/employment,Attending Council,validation gate failed (0/2): no signals
,,https://mulmur.ca/work/employment,Budget,validation gate failed (0/2): no signals
,,https://mulmur.ca/work/employment,Civic Recognition,validation gate failed (0/2): no signals
,,https://mulmur.ca/work/employment,Bylaws,title blocklist exact: bylaws
,,https://mulmur.ca/work/employment,Community Grants,validation gate failed (0/2): no signals
,,https://mulmur.ca/work/employment,Contacts,validation gate failed (0/2): no signals
,,https://mulmur.ca/work/employment,Council Remuneration,validation gate failed (0/2): no signals
,,https://mulmur.ca/work/employment,Financial Statements,validation gate failed (1/2): keywords_near_title
,,https://mulmur.ca/work/employment,Integrity Commissioner,validation gate failed (0/2): no signals
,,https://mulmur.ca/work/employment,Report A Problem,validation gate failed (0/2): no signals
,,https://mulmur.ca/work/employment,Town Hall,validation gate failed (1/2): title_source_h1
,,https://mulmur.ca/work/employment,Work,validation gate failed (1/2): title_source_h1
,,https://mulmur.ca/work/employment,Work,validation gate failed (1/2): title_source_h1
,,https://mulmur.ca/work/employment,Work,validation gate failed (1/2): title_source_h1
,,https://mulmur.ca/work/employment,Work,validation gate failed (1/2): title_source_h1
,,https://mulmur.ca/work/employment,Work,validation gate failed (1/2): title_source_h1
,,https://mulmur.ca/work/employment,Work,validation gate failed (1/2): title_source_h1
,,https://mulmur.ca/work/employment,Work,validation gate failed (1/2): title_source_h1
,,https://mulmur.ca/work/employment,Work,validation gate failed (1/2): title_source_h1
,,https://mulmur.ca/work/employment,Work,validation gate failed (1/2): title_source_h1
,,https://mulmur.ca/work/employment,Work,validation gate failed (1/2): title_source_h1
,,https://mulmur.ca/work/employment,Work,validation gate failed (1/2): title_source_h1
,,https://mulmur.ca/work/employment,Work,validation gate failed (1/2): title_source_h1
,,https://mulmur.ca/work/employment,Build,validation gate failed (0/2): no signals
,,https://mulmur.ca/work/employment,Discover,validation gate failed (0/2): no signals
,,https://mulmur.ca/work/employment,Index,validation gate failed (0/2): no signals
,,https://mulmur.ca/work/employment,Live,validation gate failed (0/2): no signals
,,https://mulmur.ca/work/employment,Privacy Policy,validation gate failed (0/2): no signals
,,https://mulmur.ca/work/employment,Town Hall,validation gate failed (0/2): no signals
,,https://mulmur.ca/work/employment,Home,validation gate failed (0/2): no signals
,,https://www.lakeofbays.on.ca/municipal-services/employment,98188,validation gate failed (1/2): listing_apply_pattern
,,https://www.lakeofbays.on.ca/municipal-services/employment,Month,validation gate failed (1/2): listing_apply_pattern
,,https://www.lakeofbays.on.ca/municipal-services/employment,Heritage Register,validation gate failed (1/2): listing_apply_pattern
,,https://www.lakeofbays.on.ca/municipal-services/employment,Mayor,validation gate failed (1/2): listing_apply_pattern
,,https://www.lakeofbays.on.ca/municipal-services/employment,District Councillor Franklinsinclair Ward,validation gate failed (1/2): listing_apply_pattern
,,https://www.lakeofbays.on.ca/municipal-services/employment,District Councillor Rideoutmclean Ward,validation gate failed (1/2): listing_apply_pattern
,,https://www.lakeofbays.on.ca/municipal-services/employment,Councillor Franklin Ward,validation gate failed (1/2): listing_apply_pattern
,,https://www.lakeofbays.on.ca/municipal-services/employment,Councillor Sinclairfinlayson Ward,validation gate failed (1/2): listing_apply_pattern
,,https://www.lakeofbays.on.ca/municipal-services/employment,Councillor Ridout Ward,validation gate failed (1/2): listing_apply_pattern
,,https://www.lakeofbays.on.ca/municipal-services/employment,Councillor Mclean Ward,validation gate failed (1/2): listing_apply_pattern
,,https://www.lakeofbays.on.ca/municipal-services/employment,En,validation gate failed (1/2): listing_apply_pattern
,,https://www.lakeofbays.on.ca/municipal-services/employment,LED Community Sign Message Request Form,validation gate failed (1/2): listing_apply_pattern
,,https://www.lakeofbays.on.ca/municipal-services/employment,Weddings,validation gate failed (1/2): listing_apply_pattern
,,https://www.lakeofbays.on.ca/municipal-services/employment,Administrative Monetary Penalty System Amps,validation gate failed (1/2): listing_apply_pattern
,,https://www.lakeofbays.on.ca/municipal-services/employment,Clubs And Organizations,validation gate failed (1/2): listing_apply_pattern
,,https://www.lakeofbays.on.ca/municipal-services/employment,Council,validation gate failed (1/2): listing_apply_pattern
,,https://www.lakeofbays.on.ca/municipal-services/employment,Report IT,validation gate failed (1/2): listing_apply_pattern
,,https://www.lakeofbays.on.ca/municipal-services/employment,Type,validation gate failed (1/2): listing_apply_pattern
,,https://townofstmarys.myavanti.ca/careers,The Fast & Secure Web Browser Built to be Yours,validation gate failed (1/2): title_source_og_title
,,https://townofstmarys.myavanti.ca/careers,"Manuals , Specs , and Downloads",validation gate failed (1/2): title_source_og_title
,,https://www.temagami.ca/municipal-government/employment-opportunities,Garbage Recycling 2,validation gate failed (1/2): keywords_near_title
,,https://www.temagami.ca/municipal-government/employment-opportunities,Council Proceedings,validation gate failed (1/2): title_source_og_title
,,https://www.temagami.ca/municipal-government/employment-opportunities,Complaint Form,validation gate failed (1/2): keywords_near_title
,,https://www.temagami.ca/municipal-government/employment-opportunities,Events Calendar,validation gate failed (1/2): title_source_og_title
,,https://www.temagami.ca/municipal-government/employment-opportunities,Sports Recreation And Facility Rentals,validation gate failed (0/2): no signals
,,https://www.bracebridge.ca/town-services/employment-and-volunteer-opportunities,Accessibility,validation gate failed (1/2): keywords_near_title
,,https://www.bracebridge.ca/town-services/employment-and-volunteer-opportunities,Animal Services,validation gate failed (1/2): keywords_near_title
,,https://www.bracebridge.ca/town-services/employment-and-volunteer-opportunities,Applications Licences And Permits,validation gate failed (1/2): keywords_near_title
,,https://www.bracebridge.ca/town-services/employment-and-volunteer-opportunities,Bracebridge Transit,validation gate failed (0/2): no signals
,,https://www.bracebridge.ca/town-services/employment-and-volunteer-opportunities,Cemeteries,validation gate failed (1/2): keywords_near_title
,,https://www.bracebridge.ca/town-services/employment-and-volunteer-opportunities,Community Recognition,validation gate failed (0/2): no signals
,,https://www.bracebridge.ca/town-services/employment-and-volunteer-opportunities,Community Resources,validation gate failed (1/2): keywords_near_title
,,https://www.bracebridge.ca/town-services/employment-and-volunteer-opportunities,Downtown Master Plan,validation gate failed (0/2): no signals
,,https://www.bracebridge.ca/town-services/employment-and-volunteer-opportunities,Environment Trees And Yards,validation gate failed (1/2): keywords_near_title
,,https://www.bracebridge.ca/town-services/employment-and-volunteer-opportunities,Garbage And Recycling,validation gate failed (0/2): no signals
,,https://www.bracebridge.ca/town-services/employment-and-volunteer-opportunities,Getting Around,validation gate failed (1/2): keywords_near_title
,,https://www.bracebridge.ca/town-services/employment-and-volunteer-opportunities,Parks And Facilities,validation gate failed (0/2): no signals
,,https://www.bracebridge.ca/town-services/employment-and-volunteer-opportunities,Property Taxes,validation gate failed (1/2): keywords_near_title
,,https://www.bracebridge.ca/town-services/employment-and-volunteer-opportunities,Rzone,validation gate failed (1/2): keywords_near_title
,,https://www.bracebridge.ca/town-services/employment-and-volunteer-opportunities,Adult And Older Adult Programs,validation gate failed (0/2): no signals
,,https://www.bracebridge.ca/town-services/employment-and-volunteer-opportunities,Best Seat in the House,validation gate failed (1/2): title_source_og_title
,,https://www.bracebridge.ca/town-services/employment-and-volunteer-opportunities,Camp,validation gate failed (0/2): no signals
,,https://www.bracebridge.ca/town-services/employment-and-volunteer-opportunities,Children And Youth,validation gate failed (0/2): no signals
,,https://www.bracebridge.ca/town-services/employment-and-volunteer-opportunities,Fees Memberships And Passes,validation gate failed (1/2): keywords_near_title
,,https://www.bracebridge.ca/town-services/employment-and-volunteer-opportunities,Land and Aqua Fitness,validation gate failed (1/2): title_source_og_title
,,https://www.bracebridge.ca/town-services/employment-and-volunteer-opportunities,Outdoor Activity,validation gate failed (1/2): title_source_og_title
,,https://www.bracebridge.ca/town-services/employment-and-volunteer-opportunities,Programs Schedules And Registration,validation gate failed (1/2): keywords_near_title
,,https://www.bracebridge.ca/town-services/employment-and-volunteer-opportunities,Recreation Facilities And Rentals,validation gate failed (0/2): no signals
,,https://www.bracebridge.ca/town-services/employment-and-volunteer-opportunities,Community History,validation gate failed (0/2): no signals
,,https://www.bracebridge.ca/town-services/employment-and-volunteer-opportunities,Festivals And Events,validation gate failed (0/2): no signals
,,https://www.bracebridge.ca/town-services/employment-and-volunteer-opportunities,Getting Around,validation gate failed (1/2): keywords_near_title
,,https://www.bracebridge.ca/town-services/employment-and-volunteer-opportunities,Shop The Bridge,validation gate failed (0/2): no signals
,,https://www.bracebridge.ca/town-services/employment-and-volunteer-opportunities,Public Art,validation gate failed (0/2): no signals
,,https://www.bracebridge.ca/town-services/employment-and-volunteer-opportunities,Visitor Information Centre,validation gate failed (1/2): title_source_og_title
,,https://www.bracebridge.ca/town-services/employment-and-volunteer-opportunities,Woodchester,validation gate failed (0/2): no signals
,,https://www.bracebridge.ca/town-services/employment-and-volunteer-opportunities,Available Sites and Buildings,validation gate failed (1/2): title_source_og_title
,,https://www.bracebridge.ca/town-services/employment-and-volunteer-opportunities,Business Resources,validation gate failed (1/2): keywords_near_title
,,https://www.bracebridge.ca/town-services/employment-and-volunteer-opportunities,Community Profile,validation gate failed (1/2): title_source_og_title
,,https://www.bracebridge.ca/town-services/employment-and-volunteer-opportunities,Financial Incentives,validation gate failed (1/2): keywords_near_title
,,https://www.bracebridge.ca/town-services/employment-and-volunteer-opportunities,Muskoka Job Board,validation gate failed (1/2): url_hint
,,https://www.bracebridge.ca/town-services/employment-and-volunteer-opportunities,Council,validation gate failed (0/2): no signals
,,https://www.bracebridge.ca/town-services/employment-and-volunteer-opportunities,Building Services,validation gate failed (0/2): no signals
,,https://www.bracebridge.ca/town-services/employment-and-volunteer-opportunities,Municipal Accommodation Tax,validation gate failed (1/2): keywords_near_title
,,https://www.bracebridge.ca/town-services/employment-and-volunteer-opportunities,News | Town of Bracebridge,validation gate failed (1/2): title_source_og_title
,,https://www.bracebridge.ca/town-services/employment-and-volunteer-opportunities,Planning Services,validation gate failed (0/2): no signals
,,https://www.bracebridge.ca/town-services/employment-and-volunteer-opportunities,Plans Reports And Publications,validation gate failed (1/2): keywords_near_title
,,https://www.bracebridge.ca/town-services/employment-and-volunteer-opportunities,Short Term Rental Accommodations Stra,validation gate failed (1/2): keywords_near_title
,,https://www.bracebridge.ca/town-services/employment-and-volunteer-opportunities,Subscribe | Town of Bracebridge,validation gate failed (1/2): title_source_og_title
,,https://www.bracebridge.ca/town-services/employment-and-volunteer-opportunities,29135,validation gate failed (0/2): no signals
,,https://www.southgate.ca/careers,Wellbeing.png,validation gate failed (0/2): no signals
,,https://www.southgate.ca/careers,Work Culture.png,validation gate failed (0/2): no signals
,,https://www.southgate.ca/careers,Building Department,validation gate failed (1/2): keywords_near_title
,,https://www.southgate.ca/careers,Fire Department,validation gate failed (1/2): keywords_near_title
,,https://www.southgate.ca/careers,Canine Control,validation gate failed (1/2): keywords_near_title
,,https://www.southgate.ca/careers,Employment Opportunities,generic title pattern
,,https://www.southgate.ca/careers,Tenders and RFPs,validation gate failed (1/2): title_source_og_title
,,https://www.southgate.ca/careers,Finance And Taxes,validation gate failed (1/2): keywords_near_title
,,https://www.southgate.ca/careers,Make A Payment,validation gate failed (1/2): keywords_near_title
,,https://www.southgate.ca/careers,Water And Wastewater,validation gate failed (1/2): keywords_near_title
,,https://www.southgate.ca/careers,Items Open for Public Comment,validation gate failed (1/2): title_source_og_title
,,https://www.southgate.ca/careers,Report A Concern,validation gate failed (1/2): keywords_near_title
,,https://www.southgate.ca/careers,Delegations Presentations And Open Forum,validation gate failed (1/2): keywords_near_title
,,https://www.townshipofjoly.com/en/contacts/job-opportunities,Latest News Public Notices,validation gate failed (0/2): no signals
,,https://www.townshipofjoly.com/en/contacts/job-opportunities,Almaguin Highlands Community Guide,validation gate failed (0/2): no signals
,,https://www.townshipofjoly.com/en/contacts/job-opportunities,Recreation Visitors,validation gate failed (0/2): no signals
,,https://www.southstormont.ca/careers,Privacy Policy,validation gate failed (1/2): listing_apply_pattern
,,https://www.southstormont.ca/careers,Subscribe,validation gate failed (1/2): listing_apply_pattern
,,https://www.southstormont.ca/careers,Bids And Tenders,validation gate failed (1/2): listing_apply_pattern
,,https://www.southstormont.ca/careers,Dog Tags,validation gate failed (1/2): listing_apply_pattern
,,https://www.southstormont.ca/careers,Live,validation gate failed (1/2): listing_apply_pattern
,,https://www.southstormont.ca/careers,Garbage Tags,validation gate failed (1/2): listing_apply_pattern
,,https://southbrucepeninsula.com/about-south-bruce-peninsula/town-information/careers,Contact Us,validation gate failed (0/2): no signals
,,https://southbrucepeninsula.com/about-south-bruce-peninsula/town-information/careers,Contact Form,validation gate failed (0/2): no signals
,,https://southbrucepeninsula.com/about-south-bruce-peninsula/town-information/careers,"Accessibility for Ontarians with Disabilities Act , 2005 , S.O. 2005 , c. 11",validation gate failed (1/2): title_source_og_title
,,https://southbrucepeninsula.com/about-south-bruce-peninsula/town-information/careers,Accessibility - Town of South Bruce Peninsula,validation gate failed (1/2): title_source_og_title
,,https://southbrucepeninsula.com/about-south-bruce-peninsula/town-information/careers,Employer Resources,validation gate failed (1/2): title_source_og_title
,,https://southbrucepeninsula.com/about-south-bruce-peninsula/town-information/careers,Resources,validation gate failed (0/2): no signals
,,https://southbrucepeninsula.com/about-south-bruce-peninsula/town-information/careers,YMCA Programs & Services,validation gate failed (1/2): title_source_og_title
,,https://southbrucepeninsula.com/about-south-bruce-peninsula/town-information/careers,Jobs in Bruce County,validation gate failed (1/2): url_hint
,,https://southbrucepeninsula.com/about-south-bruce-peninsula/town-information/careers,Accessibility - Town of South Bruce Peninsula,validation gate failed (1/2): title_source_og_title
,,https://southbrucepeninsula.com/about-south-bruce-peninsula/town-information/careers,Privacy Policy / Terms of Use,validation gate failed (1/2): title_source_og_title
,,https://southbrucepeninsula.com/about-south-bruce-peninsula/town-information/careers,Email Protection,validation gate failed (0/2): no signals
,,https://southbrucepeninsula.com/about-south-bruce-peninsula/town-information/careers,Report A Concern,validation gate failed (1/2): keywords_near_title
,,https://www.swox.org/township-services/careers,Volunteer Opportunities,validation gate failed (0/2): no signals
,,https://www.swox.org/township-services/careers,Contact Us,validation gate failed (1/2): title_source_h1
,,https://www.swox.org/township-services/careers,Fire Services,validation gate failed (1/2): keywords_near_title
,,https://www.swox.org/township-services/careers,Building And Renovating,validation gate failed (1/2): keywords_near_title
,,https://www.swox.org/township-services/careers,Applications Licences And Permits,validation gate failed (1/2): keywords_near_title
,,https://www.swox.org/township-services/careers,Bids And Tenders,validation gate failed (1/2): keywords_near_title
,,https://www.swox.org/township-services/careers,Community Halls,validation gate failed (0/2): no signals
,,https://www.swox.org/township-services/careers,Property Taxes,validation gate failed (1/2): keywords_near_title
,,https://www.swox.org/township-services/careers,Agendas And Minutes,validation gate failed (0/2): no signals
,,https://www.swox.org/township-services/careers,By Laws And Policies,validation gate failed (1/2): keywords_near_title
,,https://www.swox.org/township-services/careers,Elections,validation gate failed (0/2): no signals
,,https://www.swox.org/township-services/careers,Garbage And Recycling,validation gate failed (0/2): no signals
,,https://careers.regionofwaterloo.ca/RoW/search?createNewAlert=false&q=,Cookies,non-job category context
,,https://careers.regionofwaterloo.ca/RoW/search?createNewAlert=false&q=,Privacy,non-job category context
,,https://careers.regionofwaterloo.ca/RoW/search?createNewAlert=false&q=,Terms,non-job category context
,,https://www.sfns.on.ca/career.html,Job Bank,validation gate failed (1/2): url_hint
,,https://www.warwicktownship.ca/our-government/careers?_mid_=8233,Home,validation gate failed (0/2): no signals
,,https://www.tiny.ca/township-hall/employment-opportunities,Public Beaches,validation gate failed (1/2): listing_apply_pattern
,,https://www.tiny.ca/township-hall/employment-opportunities,Job Description.pdf,validation gate failed (1/2): listing_apply_pattern
,,https://www.tiny.ca/township-hall/employment-opportunities,Job Posting.pdf,validation gate failed (1/2): listing_apply_pattern
,,https://www.tayvalleytwp.ca/not-found-404,Anniversary And Birthday Certificates,non-job category context
,,https://www.tayvalleytwp.ca/not-found-404,Severances,non-job category context
,,https://www.tayvalleytwp.ca/not-found-404,Fire Permits,non-job category context
,,https://www.tayvalleytwp.ca/not-found-404,Owning A Pet,non-job category context
,,https://www.tayvalleytwp.ca/not-found-404,Household Garbage,non-job category context
,,https://www.tayvalleytwp.ca/not-found-404,Property Taxes,non-job category context
,,https://www.tayvalleytwp.ca/not-found-404,Meetings,validation gate failed (1/2): listing_apply_pattern
,,https://www.tayvalleytwp.ca/not-found-404,Festivals And Events,non-job category context
,,https://www.tayvalleytwp.ca/not-found-404,Contact Us,validation gate failed (1/2): listing_apply_pattern
,,https://www.tayvalleytwp.ca/not-found-404,Garbage And Recycling,non-job category context
,,https://www.tayvalleytwp.ca/not-found-404,Recreation Programs,non-job category context
,,https://www.visitmachin.com/p/-https-machin-municipalwebsites-ca-ckfinder-connector-command-proxy-lang-en-type-files-currentfolder-2f-hash-c245c263ce0eced480effe66bbede6b4d46c15ae-filename-grasscrewad-20--20copy-pdf-,Machin Council,non-job category context
,,https://www.visitmachin.com/p/-https-machin-municipalwebsites-ca-ckfinder-connector-command-proxy-lang-en-type-files-currentfolder-2f-hash-c245c263ce0eced480effe66bbede6b4d46c15ae-filename-grasscrewad-20--20copy-pdf-,Waste Disposal,non-job category context
,,https://www.visitmachin.com/p/-https-machin-municipalwebsites-ca-ckfinder-connector-command-proxy-lang-en-type-files-currentfolder-2f-hash-c245c263ce0eced480effe66bbede6b4d46c15ae-filename-grasscrewad-20--20copy-pdf-,By Laws,title blocklist exact: by laws
,,https://www.visitmachin.com/p/-https-machin-municipalwebsites-ca-ckfinder-connector-command-proxy-lang-en-type-files-currentfolder-2f-hash-c245c263ce0eced480effe66bbede6b4d46c15ae-filename-grasscrewad-20--20copy-pdf-,Emergency Plan,non-job category context
,,https://www.visitmachin.com/p/-https-machin-municipalwebsites-ca-ckfinder-connector-command-proxy-lang-en-type-files-currentfolder-2f-hash-c245c263ce0eced480effe66bbede6b4d46c15ae-filename-grasscrewad-20--20copy-pdf-,Connector,validation gate failed (0/2): no signals
,,https://www.visitmachin.com/p/-https-machin-municipalwebsites-ca-ckfinder-connector-command-proxy-lang-en-type-files-currentfolder-2f-hash-c245c263ce0eced480effe66bbede6b4d46c15ae-filename-grasscrewad-20--20copy-pdf-,Sexsmith,validation gate failed (0/2): no signals
,,https://www.twpec.ca/careers,Privacy Policy,validation gate failed (0/2): no signals
,,https://www.twpec.ca/careers,Contact Fire,validation gate failed (0/2): no signals
,,https://www.twpec.ca/careers,INTEGRATED ACCESSIBILITY STANDARDS,validation gate failed (1/2): title_source_og_title
,,https://www.twpec.ca/careers,Subscription Messaging,validation gate failed (0/2): no signals
,,https://www.wawa.cc/your-government/employment-opportunities,Privacy Policy,validation gate failed (0/2): no signals
,,https://www.wawa.cc/your-government/employment-opportunities,"Accessibility for Ontarians with Disabilities Act , 2005 , S.O. 2005 , c. 11",validation gate failed (1/2): title_source_og_title
,,https://www.wawa.cc/your-government/employment-opportunities,Rso 1990 C M 56,validation gate failed (0/2): no signals
,,https://www.wawa.cc/your-government/employment-opportunities,01m 25,validation gate failed (0/2): no signals
,,https://www.wawa.cc/your-government/employment-opportunities,Subscribe | Municipality of Wawa,validation gate failed (1/2): title_source_og_title
,,https://www.kincardine.ca/our-services/careers,History Heritage And Genealogy,validation gate failed (1/2): listing_apply_pattern
,,https://www.kincardine.ca/our-services/careers,Inclusion Diversity Equity And Access Idea,validation gate failed (1/2): listing_apply_pattern
,,https://www.kincardine.ca/our-services/careers,New Resident,validation gate failed (1/2): listing_apply_pattern
,,https://www.kincardine.ca/our-services/careers,Arts And Culture,validation gate failed (1/2): listing_apply_pattern
,,https://www.kincardine.ca/our-services/careers,Beaches Parks Trails And Facilities,validation gate failed (1/2): listing_apply_pattern
,,https://www.kincardine.ca/our-services/careers,Host An Event,validation gate failed (1/2): listing_apply_pattern
,,https://www.kincardine.ca/our-services/careers,Lighthouse,validation gate failed (1/2): listing_apply_pattern
,,https://www.kincardine.ca/our-services/careers,Victoria Park Project,validation gate failed (1/2): listing_apply_pattern
,,https://www.kincardine.ca/our-services/careers,Invest And Grow,validation gate failed (1/2): listing_apply_pattern
,,https://www.kincardine.ca/our-services/careers,Applications Licences And Permits,validation gate failed (1/2): listing_apply_pattern
,,https://www.kincardine.ca/our-services/careers,Payment Options,validation gate failed (1/2): listing_apply_pattern
,,https://www.kincardine.ca/our-services/careers,Council And Meetings,validation gate failed (1/2): listing_apply_pattern
,,https://www.kincardine.ca/our-services/careers,Make A Service,validation gate failed (1/2): listing_apply_pattern
,,https://www.kincardine.ca/our-services/careers,News,title blocklist exact: news
,,https://www.kincardine.ca/our-services/careers,Water And Environmental,validation gate failed (1/2): listing_apply_pattern
,,https://www.wellesley.ca/council-and-administration/careers,Privacy Policy,validation gate failed (0/2): no signals
,,https://www.wellesley.ca/council-and-administration/careers,Subscription Messaging,validation gate failed (0/2): no signals
,,https://york.hua.hrsmart.com/hr/ats/JobSearch/viewAll/jobSearchPaginationExternal_pageSize:100/jobSearchPaginationExternal_page:1,Cross Site Request Forgery (csrf),validation gate failed (0/2): no signals
,,https://www.municipalityofkillarney.ca/municipal-services/job-opportunities,Mok Pw Foreman Deadline May 15 2026,validation gate failed (1/2): url_hint
,,https://www.kapuskasing.ca/council-administration/employment-opportunities,Animal Services,validation gate failed (1/2): keywords_near_title
,,https://www.kapuskasing.ca/council-administration/employment-opportunities,Building And Renovating,validation gate failed (1/2): keywords_near_title
,,https://www.kapuskasing.ca/council-administration/employment-opportunities,Cemetery,validation gate failed (1/2): keywords_near_title
,,https://www.kapuskasing.ca/council-administration/employment-opportunities,Childcare And Daycare,validation gate failed (1/2): keywords_near_title
,,https://www.kapuskasing.ca/council-administration/employment-opportunities,Fire And Emergency Services,validation gate failed (1/2): keywords_near_title
,,https://www.kapuskasing.ca/council-administration/employment-opportunities,Waste And Recycling,validation gate failed (1/2): keywords_near_title
,,https://www.kapuskasing.ca/council-administration/employment-opportunities,Health Care Services,validation gate failed (1/2): keywords_near_title
,,https://www.kapuskasing.ca/council-administration/employment-opportunities,Housing,validation gate failed (1/2): keywords_near_title
,,https://www.kapuskasing.ca/council-administration/employment-opportunities,Moving To Kapuskasing,validation gate failed (1/2): keywords_near_title
,,https://www.kapuskasing.ca/council-administration/employment-opportunities,Property Taxes,validation gate failed (0/2): no signals
,,https://www.kapuskasing.ca/council-administration/employment-opportunities,Schools,validation gate failed (1/2): keywords_near_title
,,https://www.kapuskasing.ca/council-administration/employment-opportunities,Transportation,validation gate failed (1/2): keywords_near_title
,,https://www.kapuskasing.ca/council-administration/employment-opportunities,Utilities Water And Sewer,validation gate failed (1/2): keywords_near_title
,,https://www.kapuskasing.ca/council-administration/employment-opportunities,Arena And Skating,validation gate failed (0/2): no signals
,,https://www.kapuskasing.ca/council-administration/employment-opportunities,Arts Culture And Heritage,validation gate failed (0/2): no signals
,,https://www.kapuskasing.ca/council-administration/employment-opportunities,Camping Fishing And Hunting,validation gate failed (0/2): no signals
,,https://www.kapuskasing.ca/council-administration/employment-opportunities,Clubs And Organizations,validation gate failed (1/2): keywords_near_title
,,https://www.kapuskasing.ca/council-administration/employment-opportunities,Events And Festivals,validation gate failed (0/2): no signals
,,https://www.kapuskasing.ca/council-administration/employment-opportunities,Facilities And Hall Rentals,validation gate failed (0/2): no signals
,,https://www.kapuskasing.ca/council-administration/employment-opportunities,Golden Age Centre,validation gate failed (0/2): no signals
,,https://www.kapuskasing.ca/council-administration/employment-opportunities,Healthy Community,validation gate failed (0/2): no signals
,,https://www.kapuskasing.ca/council-administration/employment-opportunities,Kap Kids Summer Playground Programs,validation gate failed (0/2): no signals
,,https://www.kapuskasing.ca/council-administration/employment-opportunities,Library,validation gate failed (0/2): no signals
,,https://www.kapuskasing.ca/council-administration/employment-opportunities,Maps,validation gate failed (0/2): no signals
,,https://www.kapuskasing.ca/council-administration/employment-opportunities,Outdoor Ice Rink And Sliding Hill,validation gate failed (0/2): no signals
,,https://www.kapuskasing.ca/council-administration/employment-opportunities,Parks Rivers And Trails,validation gate failed (0/2): no signals
,,https://www.kapuskasing.ca/council-administration/employment-opportunities,Pool And Swimming,validation gate failed (0/2): no signals
,,https://www.kapuskasing.ca/council-administration/employment-opportunities,Sports Fields And Courts,validation gate failed (0/2): no signals
,,https://www.kapuskasing.ca/council-administration/employment-opportunities,Visit Kapuskasing,validation gate failed (0/2): no signals
,,https://www.kapuskasing.ca/council-administration/employment-opportunities,Airport,validation gate failed (0/2): no signals
,,https://www.kapuskasing.ca/council-administration/employment-opportunities,Available Lands And Buildings,validation gate failed (0/2): no signals
,,https://www.kapuskasing.ca/council-administration/employment-opportunities,Bids And Tenders,validation gate failed (1/2): keywords_near_title
,,https://www.kapuskasing.ca/council-administration/employment-opportunities,Building And Renovating,validation gate failed (1/2): keywords_near_title
,,https://www.kapuskasing.ca/council-administration/employment-opportunities,Business Directory,validation gate failed (1/2): role_like_title
,,https://www.kapuskasing.ca/council-administration/employment-opportunities,Business Incentives,validation gate failed (0/2): no signals
,,https://www.kapuskasing.ca/council-administration/employment-opportunities,Community Profile,validation gate failed (0/2): no signals
,,https://www.kapuskasing.ca/council-administration/employment-opportunities,Economic Development,validation gate failed (0/2): no signals
,,https://www.kapuskasing.ca/council-administration/employment-opportunities,Key Industries,validation gate failed (0/2): no signals
,,https://www.kapuskasing.ca/council-administration/employment-opportunities,Maps,validation gate failed (0/2): no signals
,,https://www.kapuskasing.ca/council-administration/employment-opportunities,Public Works,validation gate failed (1/2): keywords_near_title
,,https://www.kapuskasing.ca/council-administration/employment-opportunities,Sign Permits,validation gate failed (1/2): keywords_near_title
,,https://www.kapuskasing.ca/council-administration/employment-opportunities,Start Or Grow Your Business,validation gate failed (0/2): no signals
,,https://www.kapuskasing.ca/council-administration/employment-opportunities,Zoning,validation gate failed (1/2): keywords_near_title
,,https://www.kapuskasing.ca/council-administration/employment-opportunities,Accessibility | Town of Kapuskasing,validation gate failed (1/2): title_source_og_title
,,https://www.kapuskasing.ca/council-administration/employment-opportunities,Agendas And Minutes,validation gate failed (0/2): no signals
,,https://www.kapuskasing.ca/council-administration/employment-opportunities,"Applications , Licences and Permits",validation gate failed (1/2): title_source_og_title
,,https://www.kapuskasing.ca/council-administration/employment-opportunities,By - Laws | Town of Kapuskasing,validation gate failed (1/2): title_source_og_title
,,https://www.kapuskasing.ca/council-administration/employment-opportunities,Commissioner of Oaths,validation gate failed (1/2): title_source_og_title
,,https://www.kapuskasing.ca/council-administration/employment-opportunities,Elections,validation gate failed (1/2): keywords_near_title
,,https://www.kapuskasing.ca/council-administration/employment-opportunities,Mayor and Council,validation gate failed (1/2): title_source_og_title
,,https://www.kapuskasing.ca/council-administration/employment-opportunities,News and Notices,validation gate failed (1/2): title_source_og_title
,,https://www.kapuskasing.ca/council-administration/employment-opportunities,"Plans , Reports and Studies",validation gate failed (1/2): title_source_og_title
,,https://www.kapuskasing.ca/council-administration/employment-opportunities,va 6C 2,validation gate failed (0/2): no signals
,,https://www.kapuskasing.ca/council-administration/employment-opportunities,Job Application Form,validation gate failed (0/2): no signals
,,https://www.kapuskasing.ca/council-administration/employment-opportunities,Public Works Labourer,validation gate failed (1/2): role_like_title
,,https://www.kapuskasing.ca/council-administration/employment-opportunities,Public Works Labourer,validation gate failed (1/2): role_like_title
,,https://www.kapuskasing.ca/council-administration/employment-opportunities,Airport Maintenance and Equipment Operator,validation gate failed (1/2): role_like_title
,,https://www.kapuskasing.ca/council-administration/employment-opportunities,Airport Maintenance and Equipment Operator,validation gate failed (1/2): role_like_title
,,https://www.kapuskasing.ca/council-administration/employment-opportunities,General Manager of Public Works,validation gate failed (1/2): role_like_title
,,https://www.kapuskasing.ca/council-administration/employment-opportunities,General Manager of Public Works,validation gate failed (1/2): role_like_title
,,https://www.kapuskasing.ca/council-administration/employment-opportunities,ffc 5f 8c 6 0d 8f 4f 30 Be 9f D 872be 11f 3be,validation gate failed (0/2): no signals
,,https://recruiting.ultipro.ca/COR5109CTWO/JobBoard/b189ae55-adcb-417a-b7ce-318b7d198f81,About Woolwich,validation gate failed (0/2): no signals
,,https://recruiting.ultipro.ca/COR5109CTWO/JobBoard/b189ae55-adcb-417a-b7ce-318b7d198f81,New,validation gate failed (0/2): no signals
,,https://recruiting.ultipro.ca/COR5109CTWO/JobBoard/b189ae55-adcb-417a-b7ce-318b7d198f81,The Fast & Secure Web Browser Built to be Yours,validation gate failed (1/2): title_source_og_title
,,https://www.tecumseh.ca/employment,Information For Candidates,validation gate failed (0/2): no signals
,,https://www.tecumseh.ca/employment,Dmaf Phase 1 Scully St Marks Pump Station And Riverside Drive East Reconstruction Project,validation gate failed (0/2): no signals
,,https://www.tecumseh.ca/employment,Report An Issue,validation gate failed (1/2): keywords_near_title
,,https://www.tecumseh.ca/employment,Subscription Messaging,validation gate failed (0/2): no signals
,,https://www.tecumseh.ca/employment,Police Services,validation gate failed (1/2): title_source_og_title
,,https://www.tecumseh.ca/employment,Burn Permits,validation gate failed (1/2): title_source_og_title
,,https://www.tecumseh.ca/employment,Employment Opportunities,generic title pattern
,,https://www.tecumseh.ca/employment,Recreation And Leisure Programs,validation gate failed (0/2): no signals
,,https://www.tecumseh.ca/employment,Animal Services Licensing,validation gate failed (1/2): keywords_near_title
,,https://www.tecumseh.ca/employment,Rent A Facility Or Sports Field,validation gate failed (1/2): keywords_near_title
,,https://www.whitewaterregion.ca/careers,Notices,title blocklist exact: notices
,,https://www.whitewaterregion.ca/careers,Tenders Rfps,validation gate failed (1/2): keywords_near_title
,,https://www.whitewaterregion.ca/careers,Beachburg Outdoor Watering Restrictions 1455,validation gate failed (0/2): no signals
,,https://www.whitewaterregion.ca/careers,Looking For Library Board Members,validation gate failed (0/2): no signals
,,https://www.whitewaterregion.ca/careers,News Release Wastewater Treatment Plant 4307,validation gate failed (0/2): no signals
,,https://www.whitewaterregion.ca/careers,Boil Water Advisory Frequently Asked Questions (FAQ),validation gate failed (1/2): role_like_title
,,https://www.wilmot.ca/township-office/jobs-and-volunteering/job-opportunities,Privacy Policy,validation gate failed (1/2): listing_apply_pattern
,,https://www.wilmot.ca/township-office/jobs-and-volunteering/job-opportunities,Subscription Messaging,validation gate failed (1/2): listing_apply_pattern
,,https://www.hastingshighlands.ca/living-here/careers-and-volunteering/careers-with-hastings-highlands,Privacy Statement,validation gate failed (1/2): listing_apply_pattern
,,https://www.hastingshighlands.ca/living-here/careers-and-volunteering/careers-with-hastings-highlands,Boat Launches And Fishing,validation gate failed (1/2): listing_apply_pattern
,,https://www.hastingshighlands.ca/living-here/careers-and-volunteering/careers-with-hastings-highlands,Churches,validation gate failed (1/2): listing_apply_pattern
,,https://www.hastingshighlands.ca/living-here/careers-and-volunteering/careers-with-hastings-highlands,Community And Cottage Associations,validation gate failed (1/2): listing_apply_pattern
,,https://www.hastingshighlands.ca/living-here/careers-and-volunteering/careers-with-hastings-highlands,Community Events Calendar,validation gate failed (1/2): listing_apply_pattern
,,https://www.hastingshighlands.ca/living-here/careers-and-volunteering/careers-with-hastings-highlands,Library,validation gate failed (1/2): listing_apply_pattern
,,https://www.hastingshighlands.ca/living-here/careers-and-volunteering/careers-with-hastings-highlands,Miscellaneous Grant Program,validation gate failed (1/2): listing_apply_pattern
,,https://www.hastingshighlands.ca/living-here/careers-and-volunteering/careers-with-hastings-highlands,Outdoor Skating Rinks,validation gate failed (1/2): listing_apply_pattern
,,https://www.hastingshighlands.ca/living-here/careers-and-volunteering/careers-with-hastings-highlands,Parks Playgrounds Trails Outdoor Activities And Places To Visit,validation gate failed (1/2): listing_apply_pattern
,,https://www.hastingshighlands.ca/living-here/careers-and-volunteering/careers-with-hastings-highlands,Public Beaches In The Area,validation gate failed (1/2): listing_apply_pattern
,,https://www.hastingshighlands.ca/living-here/careers-and-volunteering/careers-with-hastings-highlands,Sports Fields,validation gate failed (1/2): listing_apply_pattern
,,https://www.hastingshighlands.ca/living-here/careers-and-volunteering/careers-with-hastings-highlands,Hastings Highlands,validation gate failed (1/2): listing_apply_pattern
,,https://www.hastingshighlands.ca/living-here/careers-and-volunteering/careers-with-hastings-highlands,Commissioner Of Oaths,validation gate failed (1/2): listing_apply_pattern
,,https://www.hastingshighlands.ca/living-here/careers-and-volunteering/careers-with-hastings-highlands,Portal,validation gate failed (1/2): listing_apply_pattern
,,https://www.hastingshighlands.ca/living-here/careers-and-volunteering/careers-with-hastings-highlands,Email Protection,validation gate failed (1/2): listing_apply_pattern
,,https://www.hastingshighlands.ca/living-here/careers-and-volunteering/careers-with-hastings-highlands,What Is Land Use Planning,validation gate failed (1/2): listing_apply_pattern
,,https://www.hearst.ca/en/town-hall/administration/employment-offers,Tender 2,validation gate failed (1/2): keywords_near_title
,,https://www.hearst.ca/en/town-hall/administration/employment-offers,Offres Demploi 2,validation gate failed (0/2): no signals
,,https://www.hearst.ca/en/town-hall/administration/employment-offers,Forest Capital Of Canada,validation gate failed (1/2): keywords_near_title
,,https://www.hearst.ca/en/town-hall/administration/employment-offers,Code Of Ethics,validation gate failed (1/2): keywords_near_title
,,https://www.hearst.ca/en/town-hall/administration/employment-offers,Politique Sur Le Harcelement,validation gate failed (1/2): keywords_near_title
,,https://www.hearst.ca/en/town-hall/administration/employment-offers,Logo Coat Of Arms Policy,validation gate failed (1/2): keywords_near_title
,,https://www.hearst.ca/en/town-hall/administration/employment-offers,Online Media Policy,validation gate failed (1/2): keywords_near_title
,,https://www.hearst.ca/en/town-hall/administration/employment-offers,Policy On Breastfeeding,validation gate failed (1/2): keywords_near_title
,,https://www.hearst.ca/en/town-hall/administration/employment-offers,Videosurveillance Policy,validation gate failed (1/2): keywords_near_title
,,https://www.hearst.ca/en/town-hall/administration/employment-offers,Violence In The Workplace Policy 2,validation gate failed (0/2): no signals
,,https://www.hearst.ca/en/town-hall/administration/employment-offers,Meeting Documentation,validation gate failed (0/2): no signals
,,https://www.hearst.ca/en/town-hall/administration/employment-offers,Council Members Responsibilities,validation gate failed (0/2): no signals
,,https://www.hearst.ca/en/town-hall/administration/employment-offers,Council Procedural By Law,validation gate failed (0/2): no signals
,,https://www.hearst.ca/en/town-hall/administration/employment-offers,Elections 2026,validation gate failed (1/2): keywords_near_title
,,https://www.hearst.ca/en/town-hall/administration/employment-offers,Biography Of Sir William Howard Hearst,validation gate failed (1/2): keywords_near_title
,,https://www.hearst.ca/en/town-hall/administration/employment-offers,Coat Of Arms And Logo,validation gate failed (1/2): keywords_near_title
,,https://www.hearst.ca/en/town-hall/administration/employment-offers,The Last Link Project,validation gate failed (1/2): keywords_near_title
,,https://www.hearst.ca/en/town-hall/administration/employment-offers,Code Of Ethics,validation gate failed (0/2): no signals
,,https://www.hearst.ca/en/town-hall/administration/employment-offers,Personnel,validation gate failed (0/2): no signals
,,https://www.hearst.ca/en/town-hall/administration/employment-offers,Procurement Policy,validation gate failed (0/2): no signals
,,https://www.hearst.ca/en/town-hall/administration/employment-offers,Provincial Returns,validation gate failed (1/2): keywords_near_title
,,https://www.hearst.ca/en/town-hall/administration/employment-offers,Accessibility Plan And Committee,validation gate failed (0/2): no signals
,,https://www.hearst.ca/en/town-hall/administration/employment-offers,Cemeteries,validation gate failed (1/2): keywords_near_title
,,https://www.hearst.ca/en/town-hall/administration/employment-offers,Fire Permit,validation gate failed (1/2): keywords_near_title
,,https://www.hearst.ca/en/town-hall/administration/employment-offers,Lottery,validation gate failed (0/2): no signals
,,https://www.hearst.ca/en/town-hall/administration/employment-offers,Marriages,validation gate failed (0/2): no signals
,,https://www.hearst.ca/en/town-hall/administration/employment-offers,Properties And Housing Standards,validation gate failed (0/2): no signals
,,https://www.hearst.ca/en/town-hall/administration/employment-offers,Administration and Clerk’s Office,validation gate failed (1/2): role_like_title
,,https://www.hearst.ca/en/town-hall/administration/employment-offers,Building,validation gate failed (1/2): keywords_near_title
,,https://www.hearst.ca/en/town-hall/administration/employment-offers,About The Hearst Edc,validation gate failed (0/2): no signals
,,https://www.hearst.ca/en/town-hall/administration/employment-offers,Finances,validation gate failed (1/2): keywords_near_title
,,https://www.hearst.ca/en/town-hall/administration/employment-offers,Fire And Emergency,validation gate failed (0/2): no signals
,,https://www.hearst.ca/en/town-hall/administration/employment-offers,By Law,validation gate failed (0/2): no signals
,,https://www.hearst.ca/en/town-hall/administration/employment-offers,Centre Recreatif Claude Larose,validation gate failed (0/2): no signals
,,https://www.hearst.ca/en/town-hall/administration/employment-offers,Planning,validation gate failed (0/2): no signals
,,https://www.hearst.ca/en/town-hall/administration/employment-offers,Public Works and Engineering,validation gate failed (1/2): role_like_title
,,https://www.hearst.ca/en/town-hall/administration/employment-offers,Water And Sewer,validation gate failed (0/2): no signals
,,https://www.hearst.ca/en/town-hall/administration/employment-offers,Child Care Centre,validation gate failed (0/2): no signals
,,https://www.hearst.ca/en/town-hall/administration/employment-offers,Our Team,validation gate failed (0/2): no signals
,,https://www.hearst.ca/en/town-hall/administration/employment-offers,History,validation gate failed (0/2): no signals
,,https://www.hearst.ca/en/town-hall/administration/employment-offers,Services,title blocklist exact: services
,,https://www.northbrucepeninsula.ca/jobs,About Northern Bruce Peninsula,validation gate failed (1/2): listing_apply_pattern
,,https://www.northbrucepeninsula.ca/jobs,Community E Newsletter,validation gate failed (1/2): listing_apply_pattern
,,https://www.northbrucepeninsula.ca/jobs,Community Safety And Well Being Plan,validation gate failed (1/2): listing_apply_pattern
,,https://www.northbrucepeninsula.ca/jobs,Education Schools Daycares,validation gate failed (1/2): listing_apply_pattern
,,https://www.northbrucepeninsula.ca/jobs,Getting Involved,validation gate failed (1/2): listing_apply_pattern
,,https://www.northbrucepeninsula.ca/jobs,Harbour And Boat Launches,validation gate failed (1/2): listing_apply_pattern
,,https://www.northbrucepeninsula.ca/jobs,Parks And Facilities,validation gate failed (1/2): listing_apply_pattern
,,https://www.northbrucepeninsula.ca/jobs,New To Northern Bruce Peninsula,validation gate failed (1/2): listing_apply_pattern
,,https://www.northbrucepeninsula.ca/jobs,Parks Beaches Trails,validation gate failed (1/2): listing_apply_pattern
,,https://www.northbrucepeninsula.ca/jobs,Places Of Worship,validation gate failed (1/2): listing_apply_pattern
,,https://www.northbrucepeninsula.ca/jobs,Social Services,validation gate failed (1/2): listing_apply_pattern
,,https://www.northbrucepeninsula.ca/jobs,Transportation,validation gate failed (1/2): listing_apply_pattern
,,https://www.northbrucepeninsula.ca/jobs,Activities Attractions,validation gate failed (1/2): listing_apply_pattern
,,https://www.northbrucepeninsula.ca/jobs,Campground,validation gate failed (1/2): listing_apply_pattern
,,https://www.northbrucepeninsula.ca/jobs,Harbours Boat Launches,validation gate failed (1/2): listing_apply_pattern
,,https://www.northbrucepeninsula.ca/jobs,Museum,validation gate failed (1/2): listing_apply_pattern
,,https://www.northbrucepeninsula.ca/jobs,Community Strategies Plans,validation gate failed (1/2): listing_apply_pattern
,,https://www.northbrucepeninsula.ca/jobs,Municipal Accommodation Tax,validation gate failed (1/2): listing_apply_pattern
,,https://www.northbrucepeninsula.ca/jobs,Startingmoving Your Business,validation gate failed (1/2): listing_apply_pattern
,,https://www.northbrucepeninsula.ca/jobs,Volunteer Firefighter Application,validation gate failed (1/2): listing_apply_pattern
,,https://www.northbrucepeninsula.ca/jobs,Email,validation gate failed (1/2): listing_apply_pattern
,,https://www.stonemills.com/our-government/careers,Privacy Policy,validation gate failed (1/2): title_source_og_title
,,https://www.stonemills.com/our-government/careers,Open Air Burning,validation gate failed (0/2): no signals
,,https://www.stonemills.com/our-government/careers,Animal Services,validation gate failed (0/2): no signals
,,https://www.stonemills.com/our-government/careers,Associations And Agencies,validation gate failed (0/2): no signals
,,https://www.stonemills.com/our-government/careers,Building And Renovating,validation gate failed (1/2): keywords_near_title
,,https://www.stonemills.com/our-government/careers,By Laws And Enforcement,validation gate failed (0/2): no signals
,,https://www.stonemills.com/our-government/careers,Community Profile,validation gate failed (0/2): no signals
,,https://www.stonemills.com/our-government/careers,Environment And Sustainability,validation gate failed (0/2): no signals
,,https://www.stonemills.com/our-government/careers,Facility And Hall Rentals,validation gate failed (1/2): keywords_near_title
,,https://www.stonemills.com/our-government/careers,Health Services,validation gate failed (0/2): no signals
,,https://www.stonemills.com/our-government/careers,Housing,validation gate failed (0/2): no signals
,,https://www.stonemills.com/our-government/careers,Library,validation gate failed (0/2): no signals
,,https://www.stonemills.com/our-government/careers,Property Taxes,validation gate failed (0/2): no signals
,,https://www.stonemills.com/our-government/careers,Roads,validation gate failed (1/2): keywords_near_title
,,https://www.stonemills.com/our-government/careers,Schools,validation gate failed (0/2): no signals
,,https://www.stonemills.com/our-government/careers,Senior And Social Services,validation gate failed (0/2): no signals
,,https://www.stonemills.com/our-government/careers,Waste And Recycling,validation gate failed (0/2): no signals
,,https://www.stonemills.com/our-government/careers,Art History And Culture,validation gate failed (0/2): no signals
,,https://www.stonemills.com/our-government/careers,Facility And Hall Rentals,validation gate failed (1/2): keywords_near_title
,,https://www.stonemills.com/our-government/careers,Parks Trails And Playgrounds,validation gate failed (0/2): no signals
,,https://www.stonemills.com/our-government/careers,Recreational Programs,validation gate failed (0/2): no signals
,,https://www.stonemills.com/our-government/careers,Tourism,validation gate failed (0/2): no signals
,,https://www.stonemills.com/our-government/careers,Advertising And Sponsorships,validation gate failed (0/2): no signals
,,https://www.stonemills.com/our-government/careers,Procurement,title blocklist exact: procurement
,,https://www.stonemills.com/our-government/careers,Building And Renovating,validation gate failed (1/2): keywords_near_title
,,https://www.stonemills.com/our-government/careers,Planning And Development,validation gate failed (1/2): keywords_near_title
,,https://www.stonemills.com/our-government/careers,Starting Or Expanding A Business,validation gate failed (0/2): no signals
,,https://www.stonemills.com/our-government/careers,Agendas and Minutes,validation gate failed (1/2): title_source_og_title
,,https://www.stonemills.com/our-government/careers,"Applications , Licences and Permits",validation gate failed (1/2): title_source_og_title
,,https://www.stonemills.com/our-government/careers,Boards and Committees,validation gate failed (1/2): title_source_og_title
,,https://www.stonemills.com/our-government/careers,Budget and Finances,validation gate failed (1/2): title_source_og_title
,,https://www.stonemills.com/our-government/careers,laws and Enforcement,validation gate failed (1/2): title_source_og_title
,,https://www.stonemills.com/our-government/careers,Council | Township of Stone Mills,validation gate failed (1/2): title_source_og_title
,,https://www.stonemills.com/our-government/careers,Elections,validation gate failed (1/2): keywords_near_title
,,https://www.stonemills.com/our-government/careers,Freedom of Information,validation gate failed (1/2): title_source_og_title
,,https://www.stonemills.com/our-government/careers,News,title blocklist exact: news
,,https://www.stonemills.com/our-government/careers,"Plans , Reports and Studies",validation gate failed (1/2): title_source_og_title
,,https://www.stonemills.com/our-government/careers,Report A Concern,validation gate failed (0/2): no signals
,,https://www.stonemills.com/our-government/careers,Subscription Messaging,validation gate failed (0/2): no signals
,,https://www.haldimandcounty.ca/news/job-postings,Building And Construction,validation gate failed (1/2): keywords_near_title
,,https://www.haldimandcounty.ca/news/job-postings,Claims Insurance And Risk Management,validation gate failed (1/2): keywords_near_title
,,https://www.haldimandcounty.ca/news/job-postings,Grandview Lodge,validation gate failed (1/2): title_source_og_title
,,https://www.haldimandcounty.ca/news/job-postings,Haldimand County,validation gate failed (1/2): title_source_og_title
,,https://www.haldimandcounty.ca/news/job-postings,Property Standards and Clean Yards,validation gate failed (1/2): title_source_og_title
,,https://www.haldimandcounty.ca/news/job-postings,Property Taxes,validation gate failed (1/2): title_source_og_title
,,https://www.haldimandcounty.ca/news/job-postings,Roads and Sidewalks,validation gate failed (1/2): title_source_og_title
,,https://www.haldimandcounty.ca/news/job-postings,Trees and Forest Conservation,validation gate failed (1/2): title_source_og_title
,,https://www.haldimandcounty.ca/news/job-postings,Camps,validation gate failed (0/2): no signals
,,https://www.haldimandcounty.ca/news/job-postings,Cemeteries,validation gate failed (0/2): no signals
,,https://www.haldimandcounty.ca/news/job-postings,Community Partnerships,validation gate failed (0/2): no signals
,,https://www.haldimandcounty.ca/news/job-postings,Facility Rentals,validation gate failed (1/2): keywords_near_title
,,https://www.haldimandcounty.ca/news/job-postings,Festivals And Events,validation gate failed (1/2): keywords_near_title
,,https://www.haldimandcounty.ca/news/job-postings,Flags,validation gate failed (0/2): no signals
,,https://www.haldimandcounty.ca/news/job-postings,Halls And Meeting Spaces,validation gate failed (0/2): no signals
,,https://www.haldimandcounty.ca/news/job-postings,Heritage And Culture,validation gate failed (0/2): no signals
,,https://www.haldimandcounty.ca/news/job-postings,Parks and Pavilions,validation gate failed (1/2): title_source_og_title
,,https://www.haldimandcounty.ca/news/job-postings,Recreation,validation gate failed (1/2): keywords_near_title
,,https://www.haldimandcounty.ca/news/job-postings,Skate Parks,validation gate failed (0/2): no signals
,,https://www.haldimandcounty.ca/news/job-postings,Sports Fields And Courts,validation gate failed (0/2): no signals
,,https://www.haldimandcounty.ca/news/job-postings,"Swimming , Pools and Splash Pads",validation gate failed (1/2): title_source_og_title
,,https://www.haldimandcounty.ca/news/job-postings,Trails And Pathways,validation gate failed (0/2): no signals
,,https://www.haldimandcounty.ca/news/job-postings,Uniquely Haldimand Photo Contest,validation gate failed (0/2): no signals
,,https://www.haldimandcounty.ca/news/job-postings,Affordable Housing Strategy,validation gate failed (0/2): no signals
,,https://www.haldimandcounty.ca/news/job-postings,Business Licences,validation gate failed (1/2): keywords_near_title
,,https://www.haldimandcounty.ca/news/job-postings,Community Profile,validation gate failed (0/2): no signals
,,https://www.haldimandcounty.ca/news/job-postings,Haldimand County Construction Projects,validation gate failed (0/2): no signals
,,https://www.haldimandcounty.ca/news/job-postings,Filming In Haldimand,validation gate failed (1/2): keywords_near_title
,,https://www.haldimandcounty.ca/news/job-postings,Invest and Grow in Haldimand County,validation gate failed (1/2): title_source_og_title
,,https://www.haldimandcounty.ca/news/job-postings,Maps And Guides,validation gate failed (0/2): no signals
,,https://www.haldimandcounty.ca/news/job-postings,Planning And Development,validation gate failed (1/2): keywords_near_title
,,https://www.haldimandcounty.ca/news/job-postings,Access To Information,validation gate failed (1/2): keywords_near_title
,,https://www.haldimandcounty.ca/news/job-postings,Accessibility,validation gate failed (1/2): keywords_near_title
,,https://www.haldimandcounty.ca/news/job-postings,Boards And Committees,validation gate failed (1/2): keywords_near_title
,,https://www.haldimandcounty.ca/news/job-postings,Budget And Finances,validation gate failed (1/2): keywords_near_title
,,https://www.haldimandcounty.ca/news/job-postings,Contact Us,validation gate failed (1/2): title_source_og_title
,,https://www.haldimandcounty.ca/news/job-postings,Customer Service,validation gate failed (0/2): no signals
,,https://www.haldimandcounty.ca/news/job-postings,Elections,validation gate failed (0/2): no signals
,,https://www.haldimandcounty.ca/news/job-postings,Haldimand County Owned Property,validation gate failed (1/2): keywords_near_title
,,https://www.haldimandcounty.ca/news/job-postings,Provincial Offences,validation gate failed (1/2): keywords_near_title
,,https://www.haldimandcounty.ca/news/job-postings,Haldimand County,validation gate failed (1/2): title_source_og_title
,,https://www.haldimandcounty.ca/news/job-postings,Terms Of Use And Privacy,validation gate failed (0/2): no signals
,,https://www.haldimandcounty.ca/news/job-postings,Burn Permits,validation gate failed (1/2): keywords_near_title
,,https://www.haldimandcounty.ca/news/job-postings,Haldimand County,validation gate failed (1/2): title_source_og_title
,,https://www.haldimandcounty.ca/news/job-postings,Lottery Licences,validation gate failed (1/2): keywords_near_title
,,https://www.haldimandcounty.ca/news/job-postings,VCH,validation gate failed (1/2): keywords_near_title
,,https://www.haldimandcounty.ca/news/job-postings,Speaking At A Meeting,validation gate failed (1/2): keywords_near_title
,,https://www.haldimandcounty.ca/news/job-postings,Bulk Water Depots,validation gate failed (1/2): keywords_near_title
,,https://www.haldimandcounty.ca/news/job-postings,Pay a Parking Ticket,validation gate failed (1/2): title_source_og_title
,,https://www.haldimandcounty.ca/news/job-postings,Paying Your Property Taxes,validation gate failed (1/2): keywords_near_title
,,https://www.haldimandcounty.ca/news/job-postings,Paying Your Water Bill,validation gate failed (1/2): keywords_near_title
,,https://www.haldimandcounty.ca/news/job-postings,Accountability And Transparency,validation gate failed (1/2): keywords_near_title
,,https://www.haldimandcounty.ca/news/job-postings,Report Road Concern,validation gate failed (0/2): no signals
,,https://www.haldimandcounty.ca/news/job-postings,Report A Traffic Concern,validation gate failed (0/2): no signals
,,https://www.southhuron.ca/government/careers-and-volunteer-opportunities,Privacy Policy,validation gate failed (1/2): title_source_og_title
,,https://www.southhuron.ca/government/careers-and-volunteer-opportunities,Property Taxes,validation gate failed (1/2): keywords_near_title
,,https://www.southhuron.ca/government/careers-and-volunteer-opportunities,Utility Billing,validation gate failed (1/2): keywords_near_title
,,https://www.southhuron.ca/government/careers-and-volunteer-opportunities,Accessibility | Municipality of South Huron,validation gate failed (1/2): title_source_og_title
,,https://www.southhuron.ca/government/careers-and-volunteer-opportunities,Animal Control Wildlife Concerns,validation gate failed (0/2): no signals
,,https://www.southhuron.ca/government/careers-and-volunteer-opportunities,Building,validation gate failed (1/2): keywords_near_title
,,https://www.southhuron.ca/government/careers-and-volunteer-opportunities,Cemeteries,validation gate failed (1/2): keywords_near_title
,,https://www.southhuron.ca/government/careers-and-volunteer-opportunities,Drinking Water Wastewater Drainage,validation gate failed (0/2): no signals
,,https://www.southhuron.ca/government/careers-and-volunteer-opportunities,Fire Emergency Services,validation gate failed (1/2): keywords_near_title
,,https://www.southhuron.ca/government/careers-and-volunteer-opportunities,Garbage Recycling Yard Waste,validation gate failed (0/2): no signals
,,https://www.southhuron.ca/government/careers-and-volunteer-opportunities,Heritage Municipal Register,validation gate failed (0/2): no signals
,,https://www.southhuron.ca/government/careers-and-volunteer-opportunities,Licenses Certificates Permits,validation gate failed (1/2): keywords_near_title
,,https://www.southhuron.ca/government/careers-and-volunteer-opportunities,News,title blocklist exact: news
,,https://www.southhuron.ca/government/careers-and-volunteer-opportunities,Payment Options,validation gate failed (1/2): keywords_near_title
,,https://www.southhuron.ca/government/careers-and-volunteer-opportunities,Report a Problem,validation gate failed (1/2): title_source_og_title
,,https://www.southhuron.ca/government/careers-and-volunteer-opportunities,Roads Sidewalks Parking,validation gate failed (1/2): keywords_near_title
,,https://www.southhuron.ca/government/careers-and-volunteer-opportunities,Service Disruptions,validation gate failed (0/2): no signals
,,https://www.southhuron.ca/government/careers-and-volunteer-opportunities,Social Services Huron County,validation gate failed (0/2): no signals
,,https://www.southhuron.ca/government/careers-and-volunteer-opportunities,Arts Heritage And Culture,validation gate failed (0/2): no signals
,,https://www.southhuron.ca/government/careers-and-volunteer-opportunities,Community Facilities,validation gate failed (0/2): no signals
,,https://www.southhuron.ca/government/careers-and-volunteer-opportunities,New To South Huron,validation gate failed (1/2): keywords_near_title
,,https://www.southhuron.ca/government/careers-and-volunteer-opportunities,Parking In South Huron,validation gate failed (0/2): no signals
,,https://www.southhuron.ca/government/careers-and-volunteer-opportunities,Programs Recreational Opportunities,validation gate failed (1/2): keywords_near_title
,,https://www.southhuron.ca/government/careers-and-volunteer-opportunities,Special Events,validation gate failed (1/2): keywords_near_title
,,https://www.southhuron.ca/government/careers-and-volunteer-opportunities,Stewardship Volunteerism,validation gate failed (0/2): no signals
,,https://www.southhuron.ca/government/careers-and-volunteer-opportunities,Bids And Tenders,validation gate failed (1/2): keywords_near_title
,,https://www.southhuron.ca/government/careers-and-volunteer-opportunities,Community Profile,validation gate failed (0/2): no signals
,,https://www.southhuron.ca/government/careers-and-volunteer-opportunities,Learn About Your Property,validation gate failed (1/2): keywords_near_title
,,https://www.southhuron.ca/government/careers-and-volunteer-opportunities,Planning And Development,validation gate failed (1/2): keywords_near_title
,,https://www.southhuron.ca/government/careers-and-volunteer-opportunities,Vitality Fund,validation gate failed (1/2): keywords_near_title
,,https://www.southhuron.ca/government/careers-and-volunteer-opportunities,Agendas Minutes Meetings,validation gate failed (0/2): no signals
,,https://www.southhuron.ca/government/careers-and-volunteer-opportunities,Finance And Budget,validation gate failed (1/2): keywords_near_title
,,https://www.southhuron.ca/government/careers-and-volunteer-opportunities,Compliance Reporting,validation gate failed (1/2): title_source_og_title
,,https://www.southhuron.ca/government/careers-and-volunteer-opportunities,Municipal Election,validation gate failed (1/2): title_source_og_title
,,https://www.southhuron.ca/government/careers-and-volunteer-opportunities,Indigenous Acknowledgement,validation gate failed (1/2): title_source_og_title
,,https://www.southhuron.ca/government/careers-and-volunteer-opportunities,Public Injury or Property Damage Reporting,validation gate failed (1/2): title_source_og_title
,,https://www.southhuron.ca/government/careers-and-volunteer-opportunities,South Huron Hub Newsletter,validation gate failed (1/2): title_source_og_title
,,https://www.southhuron.ca/government/careers-and-volunteer-opportunities,Strategic Plans Projects,validation gate failed (0/2): no signals
,,https://www.southhuron.ca/government/careers-and-volunteer-opportunities,Community Safety and Well,validation gate failed (1/2): title_source_og_title
,,https://www.southhuron.ca/government/careers-and-volunteer-opportunities,Subscription Messaging,validation gate failed (0/2): no signals
,,https://www.shibogama.on.ca/jobs,About,validation gate failed (1/2): keywords_near_title
,,https://www.shibogama.on.ca/jobs,Departments,validation gate failed (1/2): keywords_near_title
,,https://www.shibogama.on.ca/jobs,News,title blocklist exact: news
,,https://www.owensound.ca/city-government/careers,Privacy Policy,validation gate failed (0/2): no signals
,,https://www.owensound.ca/city-government/careers,Www.registertovoteon.ca,validation gate failed (0/2): no signals
,,https://www.owensound.ca/city-government/careers,Animal Services,validation gate failed (0/2): no signals
,,https://www.owensound.ca/city-government/careers,Building Permits Inspections,validation gate failed (0/2): no signals
,,https://www.owensound.ca/city-government/careers,Citizen Satisfaction Survey,validation gate failed (0/2): no signals
,,https://www.owensound.ca/city-government/careers,Community Profile,validation gate failed (1/2): title_source_og_title
,,https://www.owensound.ca/city-government/careers,Garbage Green Bins Recycling,validation gate failed (0/2): no signals
,,https://www.owensound.ca/city-government/careers,Marriages Licences And Civil Marriage Ceremonies,validation gate failed (1/2): keywords_near_title
,,https://www.owensound.ca/city-government/careers,News And Public Notices,validation gate failed (0/2): no signals
,,https://www.owensound.ca/city-government/careers,En,validation gate failed (0/2): no signals
,,https://www.owensound.ca/city-government/careers,En,validation gate failed (0/2): no signals
,,https://www.owensound.ca/city-government/careers,Water And Wastewater,validation gate failed (1/2): keywords_near_title
,,https://www.owensound.ca/city-government/careers,Arts And Culture,validation gate failed (0/2): no signals
,,https://www.owensound.ca/city-government/careers,Camping And Rv,validation gate failed (0/2): no signals
,,https://www.owensound.ca/city-government/careers,Events And Festivals,validation gate failed (1/2): keywords_near_title
,,https://www.owensound.ca/city-government/careers,Heritage Conservation,validation gate failed (1/2): keywords_near_title
,,https://www.owensound.ca/city-government/careers,Parks Trails And Facilities,validation gate failed (0/2): no signals
,,https://www.owensound.ca/city-government/careers,Recreation And Programs,validation gate failed (1/2): keywords_near_title
,,https://www.owensound.ca/city-government/careers,Sports Hall Of Fame,validation gate failed (1/2): keywords_near_title
,,https://www.owensound.ca/city-government/careers,Story Maps And Tours,validation gate failed (0/2): no signals
,,https://www.owensound.ca/city-government/careers,Tom Thomson Art Gallery,validation gate failed (0/2): no signals
,,https://www.owensound.ca/city-government/careers,Volunteer,validation gate failed (0/2): no signals
,,https://www.owensound.ca/city-government/careers,Waterfront Camera View,validation gate failed (0/2): no signals
,,https://www.owensound.ca/city-government/careers,Crossing Guards,validation gate failed (1/2): keywords_near_title
,,https://www.owensound.ca/city-government/careers,Getting Here,validation gate failed (0/2): no signals
,,https://www.owensound.ca/city-government/careers,Guelph Owen Sound Transportation,validation gate failed (0/2): no signals
,,https://www.owensound.ca/city-government/careers,F 3a 1262f 41be 4ce 78ca 5b 0db 09782b 38,validation gate failed (0/2): no signals
,,https://www.owensound.ca/city-government/careers,Parking,validation gate failed (0/2): no signals
,,https://www.owensound.ca/city-government/careers,Public Transit,validation gate failed (0/2): no signals
,,https://www.owensound.ca/city-government/careers,Road Construction Closures,validation gate failed (0/2): no signals
,,https://www.owensound.ca/city-government/careers,Temporary Encroachment Permits,validation gate failed (1/2): keywords_near_title
,,https://www.owensound.ca/city-government/careers,Snow Clearing Winter Maintenance,validation gate failed (0/2): no signals
,,https://www.owensound.ca/city-government/careers,En,validation gate failed (1/2): keywords_near_title
,,https://www.owensound.ca/city-government/careers,Building And Renovating Cloudpermit,validation gate failed (1/2): keywords_near_title
,,https://www.owensound.ca/city-government/careers,Business Licences,validation gate failed (1/2): keywords_near_title
,,https://www.owensound.ca/city-government/careers,Planning And Development,validation gate failed (1/2): keywords_near_title
,,https://www.owensound.ca/city-government/careers,Property Inquiry,validation gate failed (1/2): keywords_near_title
,,https://www.owensound.ca/city-government/careers,Property Taxes,validation gate failed (1/2): keywords_near_title
,,https://www.owensound.ca/city-government/careers,Report A Concern,validation gate failed (1/2): keywords_near_title
,,https://www.owensound.ca/city-government/careers,Short Term Rentals,validation gate failed (1/2): keywords_near_title
,,https://www.owensound.ca/city-government/careers,Accessibility | City of Owen Sound,validation gate failed (1/2): title_source_og_title
,,https://www.owensound.ca/city-government/careers,"Applications , Licences and Permits",validation gate failed (1/2): title_source_og_title
,,https://www.owensound.ca/city-government/careers,Budget and Finance,validation gate failed (1/2): title_source_og_title
,,https://www.owensound.ca/city-government/careers,Commissioner of Oaths,validation gate failed (1/2): title_source_og_title
,,https://www.owensound.ca/city-government/careers,Council And Mayor,validation gate failed (1/2): keywords_near_title
,,https://www.owensound.ca/city-government/careers,Elections | City of Owen Sound,validation gate failed (1/2): title_source_og_title
,,https://www.owensound.ca/city-government/careers,Freedom Of Information,validation gate failed (0/2): no signals
,,https://www.owensound.ca/city-government/careers,"Meetings of Council , Committees , and River District Board",validation gate failed (1/2): title_source_og_title
,,https://www.owensound.ca/city-government/careers,Purchasing Gis Risk And Asset Management,validation gate failed (1/2): keywords_near_title
,,https://www.owensound.ca/city-government/careers,"Reports , Studies and Plans",validation gate failed (1/2): title_source_og_title
,,https://www.owensound.ca/city-government/careers,Asset Management Plans 2025,validation gate failed (1/2): title_source_og_title
,,https://www.owensound.ca/city-government/careers,Service Review Actions,validation gate failed (1/2): keywords_near_title
,,https://www.owensound.ca/city-government/careers,Contacts Directory,validation gate failed (1/2): role_like_title
,,https://www.peterborough.ca/careers,Terms Of Use,validation gate failed (1/2): listing_apply_pattern
,,https://www.peterborough.ca/careers,Adult Crossing Guard,validation gate failed (1/2): listing_apply_pattern
,,https://www.peterborough.ca/careers,Budget Transfers To Organizations For Provision Of Services,validation gate failed (1/2): listing_apply_pattern
,,https://www.peterborough.ca/careers,Community Services Annual Highlights,validation gate failed (1/2): listing_apply_pattern
,,https://www.peterborough.ca/careers,Municipal Operations Annual Highlights,validation gate failed (1/2): listing_apply_pattern
,,https://www.peterborough.ca/careers,Finance And Corporate Support Services Annual Highlights,validation gate failed (1/2): listing_apply_pattern
,,https://www.twpbrm.ca/your-township-government/employment-opportunities,Privacy Policy,validation gate failed (1/2): keywords_near_title
,,https://www.twpbrm.ca/your-township-government/employment-opportunities,Community Centre Facilities And Rentals,validation gate failed (0/2): no signals
,,https://www.twpbrm.ca/your-township-government/employment-opportunities,Community Calendar,validation gate failed (0/2): no signals
,,https://www.twpbrm.ca/your-township-government/employment-opportunities,Parks And Trails,validation gate failed (0/2): no signals
,,https://www.twpbrm.ca/your-township-government/employment-opportunities,Photo Gallery,validation gate failed (0/2): no signals
,,https://www.twpbrm.ca/your-township-government/employment-opportunities,Recreation,validation gate failed (0/2): no signals
,,https://www.twpbrm.ca/your-township-government/employment-opportunities,School,validation gate failed (0/2): no signals
,,https://www.twpbrm.ca/your-township-government/employment-opportunities,Seniors Services,validation gate failed (0/2): no signals
,,https://www.twpbrm.ca/your-township-government/employment-opportunities,Visiting Black River Matheson,validation gate failed (0/2): no signals
,,https://www.twpbrm.ca/your-township-government/employment-opportunities,"Bids , Tenders and RFPs/RFTs/RFQs",validation gate failed (1/2): title_source_og_title
,,https://www.twpbrm.ca/your-township-government/employment-opportunities,Business Licenses,validation gate failed (1/2): title_source_og_title
,,https://www.twpbrm.ca/your-township-government/employment-opportunities,Economic Development,validation gate failed (1/2): title_source_og_title
,,https://www.twpbrm.ca/your-township-government/employment-opportunities,Why Black River,validation gate failed (1/2): title_source_og_title
,,https://www.twpbrm.ca/your-township-government/employment-opportunities,Animal Services,validation gate failed (0/2): no signals
,,https://www.twpbrm.ca/your-township-government/employment-opportunities,Building And Planning,validation gate failed (1/2): keywords_near_title
,,https://www.twpbrm.ca/your-township-government/employment-opportunities,Cemetery,validation gate failed (0/2): no signals
,,https://www.twpbrm.ca/your-township-government/employment-opportunities,Civil Services,validation gate failed (1/2): keywords_near_title
,,https://www.twpbrm.ca/your-township-government/employment-opportunities,Emergency Management Services,validation gate failed (0/2): no signals
,,https://www.twpbrm.ca/your-township-government/employment-opportunities,Fire Police And Ambulance,validation gate failed (0/2): no signals
,,https://www.twpbrm.ca/your-township-government/employment-opportunities,Fire Safety,validation gate failed (1/2): keywords_near_title
,,https://www.twpbrm.ca/your-township-government/employment-opportunities,Garbage And Recycling,validation gate failed (0/2): no signals
,,https://www.twpbrm.ca/your-township-government/employment-opportunities,Health Care And Medical,validation gate failed (1/2): keywords_near_title
,,https://www.twpbrm.ca/your-township-government/employment-opportunities,Landfill,validation gate failed (0/2): no signals
,,https://www.twpbrm.ca/your-township-government/employment-opportunities,Library,validation gate failed (0/2): no signals
,,https://www.twpbrm.ca/your-township-government/employment-opportunities,Budget And Financials,validation gate failed (0/2): no signals
,,https://www.twpbrm.ca/your-township-government/employment-opportunities,Committees of Council,validation gate failed (1/2): title_source_og_title
,,https://www.twpbrm.ca/your-township-government/employment-opportunities,Elections,validation gate failed (1/2): keywords_near_title
,,https://www.twpbrm.ca/your-township-government/employment-opportunities,Employment Opportunities,generic title pattern
,,https://www.twpbrm.ca/your-township-government/employment-opportunities,News,title blocklist exact: news
,,https://www.twpbrm.ca/your-township-government/employment-opportunities,Ocwa Reports,validation gate failed (0/2): no signals
,,https://www.twpbrm.ca/your-township-government/employment-opportunities,Privacy Policy,validation gate failed (1/2): keywords_near_title
,,https://www.twpbrm.ca/your-township-government/employment-opportunities,Director of Public Works,validation gate failed (1/2): role_like_title
,,https://www.twpbrm.ca/your-township-government/employment-opportunities,Landfill Brm Jan 23 2026.jpg,validation gate failed (0/2): no signals
,,https://www.twpbrm.ca/your-township-government/employment-opportunities,Firefighter Ad.png,validation gate failed (0/2): no signals
,,https://www.twpbrm.ca/your-township-government/employment-opportunities,Subscription Messaging,validation gate failed (0/2): no signals
,,https://villageofwestport.ca/employment-opportunities,Notice Of Public Meeting Proposed New Zoning By Law,validation gate failed (0/2): no signals
,,https://villageofwestport.ca/employment-opportunities,Notice Of Public Meeting Proposed Zoning By Law Amendment 48 Bedford Street,validation gate failed (0/2): no signals
,,https://villageofwestport.ca/employment-opportunities,Committee Of Adjustment Hearing July 14 2026 At 500 P M 8 Bedford Street Minor Variance Application,validation gate failed (0/2): no signals
,,https://villageofwestport.ca/employment-opportunities,Canada Day Fire Works,validation gate failed (0/2): no signals
,,https://villageofwestport.ca/employment-opportunities,Town Hall Closed July 1st,validation gate failed (0/2): no signals
,,https://villageofwestport.ca/employment-opportunities,07,validation gate failed (0/2): no signals
,,https://villageofwestport.ca/employment-opportunities,06,validation gate failed (0/2): no signals
,,https://villageofwestport.ca/employment-opportunities,05,validation gate failed (0/2): no signals
,,https://villageofwestport.ca/employment-opportunities,04,validation gate failed (0/2): no signals
,,https://villageofwestport.ca/employment-opportunities,02,validation gate failed (0/2): no signals
,,https://villageofwestport.ca/employment-opportunities,01,validation gate failed (0/2): no signals
,,https://villageofwestport.ca/employment-opportunities,12,validation gate failed (0/2): no signals
,,https://villageofwestport.ca/employment-opportunities,11,validation gate failed (0/2): no signals
,,https://villageofwestport.ca/employment-opportunities,10,validation gate failed (0/2): no signals
,,https://villageofwestport.ca/employment-opportunities,08,validation gate failed (0/2): no signals
,,https://villageofwestport.ca/employment-opportunities,07,validation gate failed (0/2): no signals
,,https://villageofwestport.ca/employment-opportunities,06,validation gate failed (0/2): no signals
,,https://villageofwestport.ca/employment-opportunities,04,validation gate failed (0/2): no signals
,,https://villageofwestport.ca/employment-opportunities,03,validation gate failed (0/2): no signals
,,https://villageofwestport.ca/employment-opportunities,02,validation gate failed (0/2): no signals
,,https://villageofwestport.ca/employment-opportunities,01,validation gate failed (0/2): no signals
,,https://villageofwestport.ca/employment-opportunities,12,validation gate failed (0/2): no signals
,,https://villageofwestport.ca/employment-opportunities,11,validation gate failed (0/2): no signals
,,https://villageofwestport.ca/employment-opportunities,10,validation gate failed (0/2): no signals
,,https://villageofwestport.ca/employment-opportunities,09,validation gate failed (0/2): no signals
,,https://villageofwestport.ca/employment-opportunities,08,validation gate failed (0/2): no signals
,,https://villageofwestport.ca/employment-opportunities,07,validation gate failed (0/2): no signals
,,https://villageofwestport.ca/employment-opportunities,06,validation gate failed (0/2): no signals
,,https://villageofwestport.ca/employment-opportunities,05,validation gate failed (0/2): no signals
,,https://villageofwestport.ca/employment-opportunities,04,validation gate failed (0/2): no signals
,,https://villageofwestport.ca/employment-opportunities,03,validation gate failed (0/2): no signals
,,https://villageofwestport.ca/employment-opportunities,02,validation gate failed (0/2): no signals
,,https://villageofwestport.ca/employment-opportunities,01,validation gate failed (0/2): no signals
,,https://villageofwestport.ca/employment-opportunities,12,validation gate failed (0/2): no signals
,,https://villageofwestport.ca/employment-opportunities,11,validation gate failed (0/2): no signals
,,https://villageofwestport.ca/employment-opportunities,10,validation gate failed (0/2): no signals
,,https://villageofwestport.ca/employment-opportunities,09,validation gate failed (0/2): no signals
,,https://villageofwestport.ca/employment-opportunities,08,validation gate failed (0/2): no signals
,,https://villageofwestport.ca/employment-opportunities,07,validation gate failed (0/2): no signals
,,https://villageofwestport.ca/employment-opportunities,06,validation gate failed (0/2): no signals
,,https://villageofwestport.ca/employment-opportunities,05,validation gate failed (0/2): no signals
,,https://villageofwestport.ca/employment-opportunities,04,validation gate failed (0/2): no signals
,,https://villageofwestport.ca/employment-opportunities,03,validation gate failed (0/2): no signals
,,https://villageofwestport.ca/employment-opportunities,02,validation gate failed (0/2): no signals
,,https://villageofwestport.ca/employment-opportunities,01,validation gate failed (0/2): no signals
,,https://villageofwestport.ca/employment-opportunities,12,validation gate failed (0/2): no signals
,,https://villageofwestport.ca/employment-opportunities,11,validation gate failed (0/2): no signals
,,https://villageofwestport.ca/employment-opportunities,10,validation gate failed (0/2): no signals
,,https://villageofwestport.ca/employment-opportunities,09,validation gate failed (0/2): no signals
,,https://villageofwestport.ca/employment-opportunities,08,validation gate failed (0/2): no signals
,,https://villageofwestport.ca/employment-opportunities,07,validation gate failed (0/2): no signals
,,https://villageofwestport.ca/employment-opportunities,06,validation gate failed (0/2): no signals
,,https://villageofwestport.ca/employment-opportunities,05,validation gate failed (0/2): no signals
,,https://villageofwestport.ca/employment-opportunities,04,validation gate failed (0/2): no signals
,,https://villageofwestport.ca/employment-opportunities,03,validation gate failed (0/2): no signals
,,https://villageofwestport.ca/employment-opportunities,02,validation gate failed (0/2): no signals
,,https://villageofwestport.ca/employment-opportunities,01,validation gate failed (0/2): no signals
,,https://villageofwestport.ca/employment-opportunities,12,validation gate failed (0/2): no signals
,,https://villageofwestport.ca/employment-opportunities,11,validation gate failed (0/2): no signals
,,https://villageofwestport.ca/employment-opportunities,10,validation gate failed (0/2): no signals
,,https://villageofwestport.ca/employment-opportunities,09,validation gate failed (0/2): no signals
,,https://villageofwestport.ca/employment-opportunities,08,validation gate failed (0/2): no signals
,,https://villageofwestport.ca/employment-opportunities,07,validation gate failed (0/2): no signals
,,https://villageofwestport.ca/employment-opportunities,06,validation gate failed (0/2): no signals
,,https://villageofwestport.ca/employment-opportunities,05,validation gate failed (0/2): no signals
,,https://villageofwestport.ca/employment-opportunities,04,validation gate failed (0/2): no signals
,,https://villageofwestport.ca/employment-opportunities,03,validation gate failed (0/2): no signals
,,https://villageofwestport.ca/employment-opportunities,02,validation gate failed (0/2): no signals
,,https://villageofwestport.ca/employment-opportunities,01,validation gate failed (0/2): no signals
,,https://villageofwestport.ca/employment-opportunities,12,validation gate failed (0/2): no signals
,,https://villageofwestport.ca/employment-opportunities,11,validation gate failed (0/2): no signals
,,https://villageofwestport.ca/employment-opportunities,10,validation gate failed (0/2): no signals
,,https://villageofwestport.ca/employment-opportunities,09,validation gate failed (0/2): no signals
,,https://villageofwestport.ca/employment-opportunities,07,validation gate failed (0/2): no signals
,,https://villageofwestport.ca/employment-opportunities,06,validation gate failed (0/2): no signals
,,https://villageofwestport.ca/employment-opportunities,05,validation gate failed (0/2): no signals
,,https://villageofwestport.ca/employment-opportunities,04,validation gate failed (0/2): no signals
,,https://villageofwestport.ca/employment-opportunities,03,validation gate failed (0/2): no signals
,,https://villageofwestport.ca/employment-opportunities,02,validation gate failed (0/2): no signals
,,https://villageofwestport.ca/employment-opportunities,01,validation gate failed (0/2): no signals
,,https://villageofwestport.ca/employment-opportunities,11,validation gate failed (0/2): no signals
,,https://villageofwestport.ca/employment-opportunities,10,validation gate failed (0/2): no signals
,,https://villageofwestport.ca/employment-opportunities,09,validation gate failed (0/2): no signals
,,https://villageofwestport.ca/employment-opportunities,07,validation gate failed (0/2): no signals
,,https://villageofwestport.ca/employment-opportunities,02,validation gate failed (0/2): no signals
,,https://villageofwestport.ca/employment-opportunities,01,validation gate failed (0/2): no signals
,,https://villageofwestport.ca/employment-opportunities,12,validation gate failed (0/2): no signals
,,https://villageofwestport.ca/employment-opportunities,11,validation gate failed (0/2): no signals
,,https://villageofwestport.ca/employment-opportunities,08,validation gate failed (0/2): no signals
,,https://villageofwestport.ca/employment-opportunities,04,validation gate failed (0/2): no signals
,,https://villageofwestport.ca/employment-opportunities,01,validation gate failed (0/2): no signals
,,https://villageofwestport.ca/employment-opportunities,06,validation gate failed (0/2): no signals
,,https://villageofwestport.ca/employment-opportunities,03,validation gate failed (0/2): no signals
,,https://www.tay.ca/municipal-government/employment,Building Permits,validation gate failed (1/2): keywords_near_title
,,https://www.tay.ca/municipal-government/employment,Dog Licences,validation gate failed (1/2): keywords_near_title
,,https://www.tay.ca/municipal-government/employment,Driveways Entrances And Culverts,validation gate failed (1/2): keywords_near_title
,,https://www.tay.ca/municipal-government/employment,Fire Permits,validation gate failed (1/2): keywords_near_title
,,https://www.tay.ca/municipal-government/employment,Watering Permits,validation gate failed (0/2): no signals
,,https://www.tay.ca/municipal-government/employment,Horticulture Committee,validation gate failed (1/2): title_source_og_title
,,https://www.tay.ca/municipal-government/employment,Elections,validation gate failed (1/2): keywords_near_title
,,https://www.tay.ca/municipal-government/employment,Council Calendar,validation gate failed (0/2): no signals
,,https://www.tay.ca/municipal-government/employment,Meeting Calendar,validation gate failed (0/2): no signals
,,https://www.tay.ca/municipal-government/employment,Tay Township,validation gate failed (1/2): title_source_og_title
,,https://www.tay.ca/municipal-government/employment,Tay Township,validation gate failed (1/2): title_source_og_title
,,https://www.tay.ca/municipal-government/employment,Water Plans And Reports,validation gate failed (1/2): keywords_near_title
,,https://www.tay.ca/municipal-government/employment,Property Taxes,validation gate failed (1/2): keywords_near_title
,,https://www.tay.ca/municipal-government/employment,Planning And Zoning,validation gate failed (1/2): keywords_near_title
,,https://www.thecounty.ca/residents/employment,Services,title blocklist exact: services
,,https://www.thecounty.ca/residents/employment,Broadband Expansion,validation gate failed (0/2): no signals
,,https://www.thecounty.ca/residents/employment,Customer Service,validation gate failed (1/2): keywords_near_title
,,https://www.thecounty.ca/residents/employment,Council Committee Meetings,validation gate failed (0/2): no signals
,,https://www.thecounty.ca/residents/employment,Garbage Recycling,validation gate failed (0/2): no signals
,,https://www.thecounty.ca/residents/employment,Sustainability,validation gate failed (0/2): no signals
,,https://www.thecounty.ca/residents/employment,Emergency Services,validation gate failed (0/2): no signals
,,https://www.thecounty.ca/residents/employment,Civic Awards,validation gate failed (1/2): keywords_near_title
,,https://www.thecounty.ca/residents/employment,Contact Us,validation gate failed (1/2): keywords_near_title
,,https://www.thecounty.ca/residents/employment,Prince Edward County Municipal Services,validation gate failed (1/2): title_source_og_title
,,https://www.thecounty.ca/residents/employment,Prince Edward County Municipal Services,validation gate failed (1/2): title_source_og_title
,,https://www.thecounty.ca/residents/employment,Accessibility,validation gate failed (0/2): no signals
,,https://www.thecounty.ca/residents/employment,Accountability Transparency,validation gate failed (0/2): no signals
,,https://www.thecounty.ca/residents/employment,Prince Edward County Municipal Services,validation gate failed (1/2): title_source_og_title
,,https://www.thecounty.ca/residents/employment,Caos Office,validation gate failed (1/2): keywords_near_title
,,https://www.thecounty.ca/residents/employment,Clerks Office,validation gate failed (1/2): role_like_title
,,https://www.thecounty.ca/residents/employment,Council,validation gate failed (0/2): no signals
,,https://www.thecounty.ca/residents/employment,Customer Service,validation gate failed (1/2): keywords_near_title
,,https://www.thecounty.ca/residents/employment,Prince Edward County Municipal Services,validation gate failed (1/2): title_source_og_title
,,https://www.thecounty.ca/residents/employment,Plans And Strategies,validation gate failed (0/2): no signals
,,https://www.thecounty.ca/residents/employment,Live Stream,validation gate failed (1/2): title_source_h1
,,https://www.thecounty.ca/residents/employment,Getting Here,validation gate failed (0/2): no signals
,,https://www.thecounty.ca/residents/employment,Events,title blocklist exact: events
,,https://www.thecounty.ca/residents/employment,Permits Licences Applications,validation gate failed (0/2): no signals
,,https://www.thecounty.ca/residents/employment,Prince Edward County Municipal Services,validation gate failed (1/2): title_source_og_title
,,https://www.thecounty.ca/residents/employment,Recreational Facilities Rentals,validation gate failed (0/2): no signals
,,https://www.thecounty.ca/residents/employment,Doing Business,validation gate failed (0/2): no signals
,,https://www.thecounty.ca/residents/employment,Purchasing,validation gate failed (0/2): no signals
,,https://www.thecounty.ca/residents/employment,Building,validation gate failed (1/2): keywords_near_title
,,https://www.thecounty.ca/residents/employment,Customer Service,validation gate failed (0/2): no signals
,,https://www.thecounty.ca/residents/employment,Legislative And Customer Services Specialist Permanent Full Time,validation gate failed (1/2): role_like_title
,,https://www.thecounty.ca/residents/employment,Registered Nurse Permanent Full Time Existing Vacancy,validation gate failed (0/2): no signals
,,https://www.thecounty.ca/residents/employment,Registered Practical Nurse Full Time,validation gate failed (0/2): no signals
,,https://www.thecounty.ca/residents/employment,Volunteer Firefighter Application Form,validation gate failed (1/2): keywords_near_title
,,https://www.thecounty.ca/residents/employment,Prince Edward County Municipal Services,validation gate failed (1/2): title_source_og_title
,,https://www.thecounty.ca/residents/employment,Government,validation gate failed (0/2): no signals
,,https://www.thecounty.ca/residents/employment,Explore,validation gate failed (0/2): no signals
,,https://www.thecounty.ca/residents/employment,Prince Edward County Municipal Services,validation gate failed (1/2): title_source_og_title
,,https://www.tweed.ca/bidopportunitiesc12,Welcome,non-job category context
,,https://www.tweed.ca/bidopportunitiesc12,Municipalbudgetp 8,validation gate failed (1/2): keywords_near_title
,,https://www.tweed.ca/bidopportunitiesc12,Browse,validation gate failed (0/2): no signals
,,https://www.tweed.ca/bidopportunitiesc12,Paymentoptionsp 10,validation gate failed (1/2): keywords_near_title
,,https://www.tweed.ca/bidopportunitiesc12,Accessibility,validation gate failed (1/2): keywords_near_title
,,https://www.tweed.ca/bidopportunitiesc12,Recreation Calendar Soccer Baseball Diamond,validation gate failed (1/2): keywords_near_title
,,https://www.tweed.ca/bidopportunitiesc12,Erin Palmateer Pool Schedule,validation gate failed (1/2): keywords_near_title
,,https://www.tweed.ca/bidopportunitiesc12,Youth Sport And Rec P 441,validation gate failed (1/2): keywords_near_title
,,https://www.tweed.ca/bidopportunitiesc12,Adult Sport Recreation,validation gate failed (1/2): keywords_near_title
,,https://www.tweed.ca/bidopportunitiesc12,Community Improvement Plan,validation gate failed (1/2): keywords_near_title
,,https://www.tweed.ca/bidopportunitiesc12,Community Investment Profile,validation gate failed (1/2): keywords_near_title
,,https://www.tweed.ca/bidopportunitiesc12,Dementia Friendly Tweed,validation gate failed (1/2): keywords_near_title
,,https://www.tweed.ca/bidopportunitiesc12,Funding Opportunities,validation gate failed (1/2): keywords_near_title
,,https://www.tweed.ca/bidopportunitiesc12,Business Retention Expansion Final Report,validation gate failed (1/2): keywords_near_title
,,https://www.tweed.ca/bidopportunitiesc12,Painted Fire Hydrant Tour,validation gate failed (1/2): keywords_near_title
,,https://www.tweed.ca/bidopportunitiesc12,Our Backyard Videos,validation gate failed (1/2): keywords_near_title
,,https://www.tweed.ca/bidopportunitiesc12,Black Crappie Fishing Tournament,validation gate failed (1/2): keywords_near_title
,,https://www.tweed.ca/bidopportunitiesc12,Fishing Photos,validation gate failed (1/2): keywords_near_title
,,https://www.tweed.ca/bidopportunitiesc12,Stoco Lake Contour Map,validation gate failed (1/2): keywords_near_title
,,https://www.tweed.ca/bidopportunitiesc12,Places To See C 725,validation gate failed (1/2): keywords_near_title
,,https://www.tweed.ca/bidopportunitiesc12,Tourismc 20,validation gate failed (1/2): keywords_near_title
,,https://www.tweed.ca/bidopportunitiesc12,Tweed Clothing Line,validation gate failed (1/2): keywords_near_title
,,https://www.tweed.ca/bidopportunitiesc12,Hastings Historical Society,validation gate failed (1/2): keywords_near_title
,,https://www.tweed.ca/bidopportunitiesc12,Photo Gallery,validation gate failed (1/2): keywords_near_title
,,https://www.tweed.ca/bidopportunitiesc12,Public Works Summer Student,validation gate failed (1/2): role_like_title
,,https://www.town.minto.on.ca/government/careers,Move to Minto,validation gate failed (1/2): title_source_og_title
,,https://www.town.minto.on.ca/government/careers,New To Minto,validation gate failed (1/2): title_source_og_title
,,https://www.town.minto.on.ca/government/careers,Calendar,validation gate failed (0/2): no signals
,,https://www.town.minto.on.ca/government/careers,Fees Charges,validation gate failed (1/2): keywords_near_title
,,https://www.town.minto.on.ca/government/careers,Starting A Business,validation gate failed (0/2): no signals
,,https://www.town.minto.on.ca/government/careers,Business Grants,validation gate failed (1/2): title_source_og_title
,,https://www.town.minto.on.ca/government/careers,Business Loans,validation gate failed (0/2): no signals
,,https://www.town.minto.on.ca/government/careers,Development Opportunities,validation gate failed (0/2): no signals
,,https://www.town.minto.on.ca/government/careers,Community Profile,validation gate failed (0/2): no signals
,,https://www.town.minto.on.ca/government/careers,Launchit,validation gate failed (0/2): no signals
,,https://www.town.minto.on.ca/government/careers,Chamber Of Commerce,validation gate failed (0/2): no signals
,,https://www.town.minto.on.ca/government/careers,Wowsa,validation gate failed (0/2): no signals
,,https://www.town.minto.on.ca/government/careers,Tariff Support,validation gate failed (0/2): no signals
,,https://www.town.minto.on.ca/government/careers,Teeny Tiny Summit,validation gate failed (1/2): keywords_near_title
,,https://www.town.minto.on.ca/government/careers,Pitchit 2026,validation gate failed (1/2): keywords_near_title
,,https://www.town.minto.on.ca/government/careers,Palmerston Full Steam Ahead Building A Better Main Street,validation gate failed (0/2): no signals
,,https://www.town.minto.on.ca/government/careers,Departments,validation gate failed (1/2): keywords_near_title
,,https://www.town.minto.on.ca/government/careers,Tenders And Bids,validation gate failed (1/2): keywords_near_title
,,https://www.town.minto.on.ca/government/careers,Eat,validation gate failed (1/2): title_source_og_title
,,https://www.town.minto.on.ca/government/careers,Stay,validation gate failed (1/2): title_source_og_title
,,https://www.town.minto.on.ca/government/careers,Play,validation gate failed (0/2): no signals
,,https://www.town.minto.on.ca/government/careers,Culture Tourism Map,validation gate failed (0/2): no signals
,,https://www.town.minto.on.ca/government/careers,Minto Cultural Roundtable,validation gate failed (1/2): keywords_near_title
,,https://www.town.minto.on.ca/government/careers,Diversity Equity And Inclusion Committee 2,validation gate failed (0/2): no signals
,,https://www.town.minto.on.ca/government/careers,Information For Candidates,validation gate failed (1/2): keywords_near_title
